NEW_DATE,DailyTreasuryRealYieldCurveRateDataId,TC_5YEAR,TC_7YEAR,TC_10YEAR,TC_20YEAR,TC_30YEAR,_source_year,_source_file
2003-01-02,668,1.75,2.24,2.43,,,2003,daily_treasury_real_yield_curve_2003.xml
2003-01-03,667,1.75,2.25,2.43,,,2003,daily_treasury_real_yield_curve_2003.xml
2003-01-06,666,1.79,2.27,2.46,,,2003,daily_treasury_real_yield_curve_2003.xml
2003-01-07,669,1.76,2.24,2.42,,,2003,daily_treasury_real_yield_curve_2003.xml
2003-01-08,672,1.68,2.14,2.29,,,2003,daily_treasury_real_yield_curve_2003.xml
2003-01-09,671,1.82,2.23,2.41,,,2003,daily_treasury_real_yield_curve_2003.xml
2003-01-10,670,1.8,2.22,2.41,,,2003,daily_treasury_real_yield_curve_2003.xml
2003-01-13,665,1.77,2.2,2.38,,,2003,daily_treasury_real_yield_curve_2003.xml
2003-01-14,660,1.72,2.13,2.34,,,2003,daily_treasury_real_yield_curve_2003.xml
2003-01-15,659,1.69,2.1,2.3,,,2003,daily_treasury_real_yield_curve_2003.xml
2003-01-16,658,1.71,2.14,2.31,,,2003,daily_treasury_real_yield_curve_2003.xml
2003-01-17,661,1.6,2.06,2.25,,,2003,daily_treasury_real_yield_curve_2003.xml
2003-01-21,664,1.62,2.05,2.23,,,2003,daily_treasury_real_yield_curve_2003.xml
2003-01-22,663,1.6,2.04,2.23,,,2003,daily_treasury_real_yield_curve_2003.xml
2003-01-23,662,1.55,2,2.2,,,2003,daily_treasury_real_yield_curve_2003.xml
2003-01-24,673,1.47,1.93,2.14,,,2003,daily_treasury_real_yield_curve_2003.xml
2003-01-27,684,1.5,1.94,2.16,,,2003,daily_treasury_real_yield_curve_2003.xml
2003-01-28,683,1.52,1.98,2.19,,,2003,daily_treasury_real_yield_curve_2003.xml
2003-01-29,682,1.55,1.98,2.21,,,2003,daily_treasury_real_yield_curve_2003.xml
2003-01-30,685,1.56,2,2.2,,,2003,daily_treasury_real_yield_curve_2003.xml
2003-01-31,688,1.53,1.97,2.19,,,2003,daily_treasury_real_yield_curve_2003.xml
2003-02-03,687,1.53,2,2.2,,,2003,daily_treasury_real_yield_curve_2003.xml
2003-02-04,686,1.45,1.9,2.12,,,2003,daily_treasury_real_yield_curve_2003.xml
2003-02-05,681,1.46,1.91,2.12,,,2003,daily_treasury_real_yield_curve_2003.xml
2003-02-06,676,1.4,1.85,2.09,,,2003,daily_treasury_real_yield_curve_2003.xml
2003-02-07,675,1.37,1.84,2.07,,,2003,daily_treasury_real_yield_curve_2003.xml
2003-02-10,674,1.37,1.84,2.06,,,2003,daily_treasury_real_yield_curve_2003.xml
2003-02-11,677,1.38,1.84,2.05,,,2003,daily_treasury_real_yield_curve_2003.xml
2003-02-12,680,1.32,1.79,2.04,,,2003,daily_treasury_real_yield_curve_2003.xml
2003-02-13,679,1.29,1.76,2.01,,,2003,daily_treasury_real_yield_curve_2003.xml
2003-02-14,678,1.29,1.78,2.03,,,2003,daily_treasury_real_yield_curve_2003.xml
2003-02-18,637,1.29,1.78,2.05,,,2003,daily_treasury_real_yield_curve_2003.xml
2003-02-19,636,1.25,1.75,1.99,,,2003,daily_treasury_real_yield_curve_2003.xml
2003-02-20,635,1.13,1.64,1.91,,,2003,daily_treasury_real_yield_curve_2003.xml
2003-02-21,638,1.13,1.64,1.93,,,2003,daily_treasury_real_yield_curve_2003.xml
2003-02-24,641,1.04,1.59,1.87,,,2003,daily_treasury_real_yield_curve_2003.xml
2003-02-25,640,1,1.53,1.84,,,2003,daily_treasury_real_yield_curve_2003.xml
2003-02-26,639,1.01,1.55,1.84,,,2003,daily_treasury_real_yield_curve_2003.xml
2003-02-27,634,0.98,1.54,1.82,,,2003,daily_treasury_real_yield_curve_2003.xml
2003-02-28,629,0.94,1.48,1.77,,,2003,daily_treasury_real_yield_curve_2003.xml
2003-03-03,628,0.93,1.47,1.77,,,2003,daily_treasury_real_yield_curve_2003.xml
2003-03-04,627,0.9,1.45,1.77,,,2003,daily_treasury_real_yield_curve_2003.xml
2003-03-05,630,0.9,1.44,1.75,,,2003,daily_treasury_real_yield_curve_2003.xml
2003-03-06,633,0.9,1.43,1.74,,,2003,daily_treasury_real_yield_curve_2003.xml
2003-03-07,632,0.82,1.39,1.72,,,2003,daily_treasury_real_yield_curve_2003.xml
2003-03-10,631,0.79,1.36,1.69,,,2003,daily_treasury_real_yield_curve_2003.xml
2003-03-11,642,0.78,1.34,1.68,,,2003,daily_treasury_real_yield_curve_2003.xml
2003-03-12,653,0.78,1.34,1.68,,,2003,daily_treasury_real_yield_curve_2003.xml
2003-03-13,652,0.88,1.43,1.73,,,2003,daily_treasury_real_yield_curve_2003.xml
2003-03-14,651,1.15,1.52,1.89,,,2003,daily_treasury_real_yield_curve_2003.xml
2003-03-17,654,1.15,1.6,1.97,,,2003,daily_treasury_real_yield_curve_2003.xml
2003-03-18,657,1.3,1.72,2.08,,,2003,daily_treasury_real_yield_curve_2003.xml
2003-03-19,656,1.39,1.81,2.15,,,2003,daily_treasury_real_yield_curve_2003.xml
2003-03-20,655,1.35,1.85,2.2,,,2003,daily_treasury_real_yield_curve_2003.xml
2003-03-21,650,1.42,1.94,2.29,,,2003,daily_treasury_real_yield_curve_2003.xml
2003-03-24,645,1.32,1.83,2.18,,,2003,daily_treasury_real_yield_curve_2003.xml
2003-03-25,644,1.33,1.81,2.17,,,2003,daily_treasury_real_yield_curve_2003.xml
2003-03-26,643,1.29,1.81,2.15,,,2003,daily_treasury_real_yield_curve_2003.xml
2003-03-27,646,1.21,1.75,2.1,,,2003,daily_treasury_real_yield_curve_2003.xml
2003-03-28,649,1.14,1.72,2.09,,,2003,daily_treasury_real_yield_curve_2003.xml
2003-03-31,648,1.13,1.66,2.03,,,2003,daily_treasury_real_yield_curve_2003.xml
2003-04-01,647,1.14,1.63,2.02,,,2003,daily_treasury_real_yield_curve_2003.xml
2003-04-02,689,1.23,1.74,2.11,,,2003,daily_treasury_real_yield_curve_2003.xml
2003-04-03,731,1.23,1.74,2.12,,,2003,daily_treasury_real_yield_curve_2003.xml
2003-04-04,730,1.25,1.75,2.16,,,2003,daily_treasury_real_yield_curve_2003.xml
2003-04-07,729,1.38,1.86,2.21,,,2003,daily_treasury_real_yield_curve_2003.xml
2003-04-08,732,1.34,1.8,2.18,,,2003,daily_treasury_real_yield_curve_2003.xml
2003-04-09,735,1.32,1.81,2.13,,,2003,daily_treasury_real_yield_curve_2003.xml
2003-04-10,734,1.25,1.82,2.16,,,2003,daily_treasury_real_yield_curve_2003.xml
2003-04-11,733,1.33,1.86,2.23,,,2003,daily_treasury_real_yield_curve_2003.xml
2003-04-14,728,1.36,1.87,2.22,,,2003,daily_treasury_real_yield_curve_2003.xml
2003-04-15,723,1.34,1.86,2.18,,,2003,daily_treasury_real_yield_curve_2003.xml
2003-04-16,722,1.37,1.86,2.2,,,2003,daily_treasury_real_yield_curve_2003.xml
2003-04-17,721,1.41,1.9,2.22,,,2003,daily_treasury_real_yield_curve_2003.xml
2003-04-21,724,1.46,1.95,2.25,,,2003,daily_treasury_real_yield_curve_2003.xml
2003-04-22,727,1.5,1.97,2.27,,,2003,daily_treasury_real_yield_curve_2003.xml
2003-04-23,726,1.48,1.97,2.26,,,2003,daily_treasury_real_yield_curve_2003.xml
2003-04-24,725,1.46,1.92,2.22,,,2003,daily_treasury_real_yield_curve_2003.xml
2003-04-25,736,1.42,1.9,2.18,,,2003,daily_treasury_real_yield_curve_2003.xml
2003-04-28,747,1.42,1.87,2.16,,,2003,daily_treasury_real_yield_curve_2003.xml
2003-04-29,746,1.47,1.93,2.22,,,2003,daily_treasury_real_yield_curve_2003.xml
2003-04-30,745,1.4,1.88,2.16,,,2003,daily_treasury_real_yield_curve_2003.xml
2003-05-01,748,1.52,1.82,2.13,,,2003,daily_treasury_real_yield_curve_2003.xml
2003-05-02,751,1.56,1.86,2.19,,,2003,daily_treasury_real_yield_curve_2003.xml
2003-05-05,750,1.37,1.86,2.19,,,2003,daily_treasury_real_yield_curve_2003.xml
2003-05-06,749,1.34,1.82,2.17,,,2003,daily_treasury_real_yield_curve_2003.xml
2003-05-07,744,1.26,1.74,2.02,,,2003,daily_treasury_real_yield_curve_2003.xml
2003-05-08,739,1.28,1.67,2,,,2003,daily_treasury_real_yield_curve_2003.xml
2003-05-09,738,1.21,1.7,2,,,2003,daily_treasury_real_yield_curve_2003.xml
2003-05-12,737,1.21,1.68,1.96,,,2003,daily_treasury_real_yield_curve_2003.xml
2003-05-13,740,1.19,1.67,1.94,,,2003,daily_treasury_real_yield_curve_2003.xml
2003-05-14,743,1.15,1.58,1.87,,,2003,daily_treasury_real_yield_curve_2003.xml
2003-05-15,742,1.13,1.57,1.86,,,2003,daily_treasury_real_yield_curve_2003.xml
2003-05-16,741,1.12,1.55,1.84,,,2003,daily_treasury_real_yield_curve_2003.xml
2003-05-19,700,1.07,1.57,1.85,,,2003,daily_treasury_real_yield_curve_2003.xml
2003-05-20,699,0.99,1.44,1.73,,,2003,daily_treasury_real_yield_curve_2003.xml
2003-05-21,698,1.03,1.44,1.73,,,2003,daily_treasury_real_yield_curve_2003.xml
2003-05-22,701,1.02,1.45,1.71,,,2003,daily_treasury_real_yield_curve_2003.xml
2003-05-23,704,1.02,1.43,1.72,,,2003,daily_treasury_real_yield_curve_2003.xml
2003-05-27,703,1.09,1.51,1.8,,,2003,daily_treasury_real_yield_curve_2003.xml
2003-05-28,702,1.12,1.55,1.83,,,2003,daily_treasury_real_yield_curve_2003.xml
2003-05-29,697,1.04,1.47,1.76,,,2003,daily_treasury_real_yield_curve_2003.xml
2003-05-30,692,1.04,1.47,1.77,,,2003,daily_treasury_real_yield_curve_2003.xml
2003-06-02,691,1.08,1.51,1.83,,,2003,daily_treasury_real_yield_curve_2003.xml
2003-06-03,690,1,1.42,1.76,,,2003,daily_treasury_real_yield_curve_2003.xml
2003-06-04,693,0.94,1.41,1.73,,,2003,daily_treasury_real_yield_curve_2003.xml
2003-06-05,696,0.94,1.4,1.75,,,2003,daily_treasury_real_yield_curve_2003.xml
2003-06-06,695,0.96,1.41,1.76,,,2003,daily_treasury_real_yield_curve_2003.xml
2003-06-09,694,0.88,1.33,1.68,,,2003,daily_treasury_real_yield_curve_2003.xml
2003-06-10,705,0.81,1.26,1.61,,,2003,daily_treasury_real_yield_curve_2003.xml
2003-06-11,716,0.8,1.26,1.62,,,2003,daily_treasury_real_yield_curve_2003.xml
2003-06-12,715,0.78,1.24,1.57,,,2003,daily_treasury_real_yield_curve_2003.xml
2003-06-13,714,0.71,1.17,1.51,,,2003,daily_treasury_real_yield_curve_2003.xml
2003-06-16,717,0.79,1.24,1.59,,,2003,daily_treasury_real_yield_curve_2003.xml
2003-06-17,720,0.91,1.34,1.7,,,2003,daily_treasury_real_yield_curve_2003.xml
2003-06-18,719,0.98,1.44,1.79,,,2003,daily_treasury_real_yield_curve_2003.xml
2003-06-19,718,0.89,1.39,1.74,,,2003,daily_treasury_real_yield_curve_2003.xml
2003-06-20,713,0.92,1.41,1.77,,,2003,daily_treasury_real_yield_curve_2003.xml
2003-06-23,708,0.88,1.36,1.71,,,2003,daily_treasury_real_yield_curve_2003.xml
2003-06-24,707,0.84,1.33,1.68,,,2003,daily_treasury_real_yield_curve_2003.xml
2003-06-25,706,0.87,1.31,1.71,,,2003,daily_treasury_real_yield_curve_2003.xml
2003-06-26,709,1.02,1.5,1.85,,,2003,daily_treasury_real_yield_curve_2003.xml
2003-06-27,712,1.04,1.54,1.9,,,2003,daily_treasury_real_yield_curve_2003.xml
2003-06-30,711,1.01,1.52,1.9,,,2003,daily_treasury_real_yield_curve_2003.xml
2003-07-01,710,1.03,1.52,1.92,,,2003,daily_treasury_real_yield_curve_2003.xml
2003-07-02,543,1.04,1.53,1.96,,,2003,daily_treasury_real_yield_curve_2003.xml
2003-07-03,542,1.11,1.6,2.09,,,2003,daily_treasury_real_yield_curve_2003.xml
2003-07-07,541,1.19,1.68,2.14,,,2003,daily_treasury_real_yield_curve_2003.xml
2003-07-08,544,1.24,1.74,2.12,,,2003,daily_treasury_real_yield_curve_2003.xml
2003-07-09,547,1.17,1.66,2,,,2003,daily_treasury_real_yield_curve_2003.xml
2003-07-10,546,1.14,1.61,1.94,,,2003,daily_treasury_real_yield_curve_2003.xml
2003-07-11,545,1.1,1.58,1.88,,,2003,daily_treasury_real_yield_curve_2003.xml
2003-07-14,540,1.13,1.58,1.92,,,2003,daily_treasury_real_yield_curve_2003.xml
2003-07-15,535,1.28,1.74,2.06,,,2003,daily_treasury_real_yield_curve_2003.xml
2003-07-16,534,1.31,1.77,2.08,,,2003,daily_treasury_real_yield_curve_2003.xml
2003-07-17,533,1.31,1.76,2.05,,,2003,daily_treasury_real_yield_curve_2003.xml
2003-07-18,536,1.28,1.72,2.04,,,2003,daily_treasury_real_yield_curve_2003.xml
2003-07-21,539,1.47,1.89,2.21,,,2003,daily_treasury_real_yield_curve_2003.xml
2003-07-22,538,1.48,1.89,2.19,,,2003,daily_treasury_real_yield_curve_2003.xml
2003-07-23,537,1.37,1.8,2.11,,,2003,daily_treasury_real_yield_curve_2003.xml
2003-07-24,548,1.41,1.84,2.18,,,2003,daily_treasury_real_yield_curve_2003.xml
2003-07-25,559,1.34,1.81,2.14,,,2003,daily_treasury_real_yield_curve_2003.xml
2003-07-28,558,1.49,1.93,2.27,,,2003,daily_treasury_real_yield_curve_2003.xml
2003-07-29,557,1.63,2.05,2.38,,,2003,daily_treasury_real_yield_curve_2003.xml
2003-07-30,560,1.54,1.98,2.32,,,2003,daily_treasury_real_yield_curve_2003.xml
2003-07-31,563,1.63,2.09,2.41,,,2003,daily_treasury_real_yield_curve_2003.xml
2003-08-01,562,1.62,2.11,2.4,,,2003,daily_treasury_real_yield_curve_2003.xml
2003-08-04,561,1.52,1.99,2.34,,,2003,daily_treasury_real_yield_curve_2003.xml
2003-08-05,556,1.62,2.11,2.43,,,2003,daily_treasury_real_yield_curve_2003.xml
2003-08-06,551,1.53,1.99,2.34,,,2003,daily_treasury_real_yield_curve_2003.xml
2003-08-07,550,1.41,1.96,2.29,,,2003,daily_treasury_real_yield_curve_2003.xml
2003-08-08,549,1.43,1.93,2.27,,,2003,daily_treasury_real_yield_curve_2003.xml
2003-08-11,552,1.44,1.93,2.31,,,2003,daily_treasury_real_yield_curve_2003.xml
2003-08-12,555,1.42,1.93,2.29,,,2003,daily_treasury_real_yield_curve_2003.xml
2003-08-13,554,1.55,2.06,2.41,,,2003,daily_treasury_real_yield_curve_2003.xml
2003-08-14,553,1.53,2.03,2.38,,,2003,daily_treasury_real_yield_curve_2003.xml
2003-08-15,512,1.5,2.03,2.36,,,2003,daily_treasury_real_yield_curve_2003.xml
2003-08-18,511,1.49,1.99,2.33,,,2003,daily_treasury_real_yield_curve_2003.xml
2003-08-19,510,1.4,1.89,2.24,,,2003,daily_treasury_real_yield_curve_2003.xml
2003-08-20,513,1.41,1.9,2.26,,,2003,daily_treasury_real_yield_curve_2003.xml
2003-08-21,516,1.45,1.92,2.29,,,2003,daily_treasury_real_yield_curve_2003.xml
2003-08-22,515,1.42,1.9,2.26,,,2003,daily_treasury_real_yield_curve_2003.xml
2003-08-25,514,1.49,1.96,2.31,,,2003,daily_treasury_real_yield_curve_2003.xml
2003-08-26,509,1.47,1.95,2.28,,,2003,daily_treasury_real_yield_curve_2003.xml
2003-08-27,504,1.54,2,2.36,,,2003,daily_treasury_real_yield_curve_2003.xml
2003-08-28,503,1.44,1.94,2.29,,,2003,daily_treasury_real_yield_curve_2003.xml
2003-08-29,502,1.47,1.94,2.29,,,2003,daily_treasury_real_yield_curve_2003.xml
2003-09-02,505,1.63,2.07,2.43,,,2003,daily_treasury_real_yield_curve_2003.xml
2003-09-03,508,1.58,2.06,2.4,,,2003,daily_treasury_real_yield_curve_2003.xml
2003-09-04,507,1.49,1.98,2.32,,,2003,daily_treasury_real_yield_curve_2003.xml
2003-09-05,506,1.31,1.8,2.17,,,2003,daily_treasury_real_yield_curve_2003.xml
2003-09-08,517,1.38,1.86,2.24,,,2003,daily_treasury_real_yield_curve_2003.xml
2003-09-09,528,1.34,1.84,2.21,,,2003,daily_treasury_real_yield_curve_2003.xml
2003-09-10,527,1.28,1.8,2.18,,,2003,daily_treasury_real_yield_curve_2003.xml
2003-09-11,526,1.32,1.84,2.22,,,2003,daily_treasury_real_yield_curve_2003.xml
2003-09-12,529,1.27,1.78,2.18,,,2003,daily_treasury_real_yield_curve_2003.xml
2003-09-15,532,1.25,1.78,2.18,,,2003,daily_treasury_real_yield_curve_2003.xml
2003-09-16,531,1.32,1.84,2.26,,,2003,daily_treasury_real_yield_curve_2003.xml
2003-09-17,530,1.29,1.79,2.2,,,2003,daily_treasury_real_yield_curve_2003.xml
2003-09-18,525,1.3,1.82,2.18,,,2003,daily_treasury_real_yield_curve_2003.xml
2003-09-19,520,1.3,1.79,2.17,,,2003,daily_treasury_real_yield_curve_2003.xml
2003-09-22,519,1.32,1.82,2.21,,,2003,daily_treasury_real_yield_curve_2003.xml
2003-09-23,518,1.29,1.8,2.19,,,2003,daily_treasury_real_yield_curve_2003.xml
2003-09-24,521,1.21,1.72,2.13,,,2003,daily_treasury_real_yield_curve_2003.xml
2003-09-25,524,1.14,1.67,2.07,,,2003,daily_treasury_real_yield_curve_2003.xml
2003-09-26,523,1.04,1.57,1.99,,,2003,daily_treasury_real_yield_curve_2003.xml
2003-09-29,522,1.07,1.6,2.03,,,2003,daily_treasury_real_yield_curve_2003.xml
2003-09-30,564,0.99,1.53,1.95,,,2003,daily_treasury_real_yield_curve_2003.xml
2003-10-01,606,1,1.53,1.96,,,2003,daily_treasury_real_yield_curve_2003.xml
2003-10-02,605,1.07,1.6,2.01,,,2003,daily_treasury_real_yield_curve_2003.xml
2003-10-03,604,1.23,1.73,2.16,,,2003,daily_treasury_real_yield_curve_2003.xml
2003-10-06,607,1.19,1.69,2.11,,,2003,daily_treasury_real_yield_curve_2003.xml
2003-10-07,610,1.24,1.75,2.17,,,2003,daily_treasury_real_yield_curve_2003.xml
2003-10-08,609,1.25,1.77,2.18,,,2003,daily_treasury_real_yield_curve_2003.xml
2003-10-09,608,1.25,1.77,2.2,,,2003,daily_treasury_real_yield_curve_2003.xml
2003-10-10,603,1.18,1.69,2.14,,,2003,daily_treasury_real_yield_curve_2003.xml
2003-10-14,598,1.23,1.74,2.18,,,2003,daily_treasury_real_yield_curve_2003.xml
2003-10-15,597,1.28,1.8,2.2,,,2003,daily_treasury_real_yield_curve_2003.xml
2003-10-16,596,1.32,1.84,2.21,,,2003,daily_treasury_real_yield_curve_2003.xml
2003-10-17,599,1.26,1.75,2.14,,,2003,daily_treasury_real_yield_curve_2003.xml
2003-10-20,602,1.27,1.74,2.13,,,2003,daily_treasury_real_yield_curve_2003.xml
2003-10-21,601,1.27,1.74,2.12,,,2003,daily_treasury_real_yield_curve_2003.xml
2003-10-22,600,1.24,1.68,2.07,,,2003,daily_treasury_real_yield_curve_2003.xml
2003-10-23,611,1.23,1.67,2.03,,,2003,daily_treasury_real_yield_curve_2003.xml
2003-10-24,622,1.14,1.56,1.92,,,2003,daily_treasury_real_yield_curve_2003.xml
2003-10-27,621,1.19,1.59,1.96,,,2003,daily_treasury_real_yield_curve_2003.xml
2003-10-28,620,1.11,1.53,1.91,,,2003,daily_treasury_real_yield_curve_2003.xml
2003-10-29,623,1.17,1.59,1.98,,,2003,daily_treasury_real_yield_curve_2003.xml
2003-10-30,626,1.24,1.64,1.97,,,2003,daily_treasury_real_yield_curve_2003.xml
2003-10-31,625,1.21,1.59,1.93,,,2003,daily_treasury_real_yield_curve_2003.xml
2003-11-03,624,1.27,1.64,1.97,,,2003,daily_treasury_real_yield_curve_2003.xml
2003-11-04,619,1.22,1.6,1.93,,,2003,daily_treasury_real_yield_curve_2003.xml
2003-11-05,614,1.34,1.7,2.02,,,2003,daily_treasury_real_yield_curve_2003.xml
2003-11-06,613,1.41,1.76,2.08,,,2003,daily_treasury_real_yield_curve_2003.xml
2003-11-07,612,1.42,1.78,2.1,,,2003,daily_treasury_real_yield_curve_2003.xml
2003-11-10,615,1.4,1.77,2.09,,,2003,daily_treasury_real_yield_curve_2003.xml
2003-11-12,618,1.36,1.73,2.04,,,2003,daily_treasury_real_yield_curve_2003.xml
2003-11-13,617,1.24,1.61,1.94,,,2003,daily_treasury_real_yield_curve_2003.xml
2003-11-14,616,1.17,1.53,1.87,,,2003,daily_treasury_real_yield_curve_2003.xml
2003-11-17,575,1.12,1.49,1.82,,,2003,daily_treasury_real_yield_curve_2003.xml
2003-11-18,574,1.14,1.5,1.83,,,2003,daily_treasury_real_yield_curve_2003.xml
2003-11-19,573,1.22,1.58,1.91,,,2003,daily_treasury_real_yield_curve_2003.xml
2003-11-20,576,1.23,1.58,1.92,,,2003,daily_treasury_real_yield_curve_2003.xml
2003-11-21,579,1.23,1.61,1.93,,,2003,daily_treasury_real_yield_curve_2003.xml
2003-11-24,578,1.26,1.65,1.99,,,2003,daily_treasury_real_yield_curve_2003.xml
2003-11-25,577,1.21,1.6,1.92,,,2003,daily_treasury_real_yield_curve_2003.xml
2003-11-26,572,1.26,1.65,1.96,,,2003,daily_treasury_real_yield_curve_2003.xml
2003-11-28,567,1.36,1.73,2.03,,,2003,daily_treasury_real_yield_curve_2003.xml
2003-12-01,566,1.42,1.77,2.08,,,2003,daily_treasury_real_yield_curve_2003.xml
2003-12-02,565,1.38,1.75,2.05,,,2003,daily_treasury_real_yield_curve_2003.xml
2003-12-03,568,1.4,1.77,2.08,,,2003,daily_treasury_real_yield_curve_2003.xml
2003-12-04,571,1.35,1.72,2.04,,,2003,daily_treasury_real_yield_curve_2003.xml
2003-12-05,570,1.2,1.59,1.92,,,2003,daily_treasury_real_yield_curve_2003.xml
2003-12-08,569,1.22,1.63,1.96,,,2003,daily_treasury_real_yield_curve_2003.xml
2003-12-09,580,1.24,1.67,2,,,2003,daily_treasury_real_yield_curve_2003.xml
2003-12-10,591,1.19,1.65,1.97,,,2003,daily_treasury_real_yield_curve_2003.xml
2003-12-11,590,1.1,1.55,1.9,,,2003,daily_treasury_real_yield_curve_2003.xml
2003-12-12,589,1.13,1.57,1.91,,,2003,daily_treasury_real_yield_curve_2003.xml
2003-12-15,592,1.18,1.62,1.98,,,2003,daily_treasury_real_yield_curve_2003.xml
2003-12-16,595,1.19,1.63,1.99,,,2003,daily_treasury_real_yield_curve_2003.xml
2003-12-17,594,1.18,1.6,1.96,,,2003,daily_treasury_real_yield_curve_2003.xml
2003-12-18,593,1.2,1.6,1.94,,,2003,daily_treasury_real_yield_curve_2003.xml
2003-12-19,588,1.18,1.6,1.95,,,2003,daily_treasury_real_yield_curve_2003.xml
2003-12-22,583,1.21,1.63,1.98,,,2003,daily_treasury_real_yield_curve_2003.xml
2003-12-23,582,1.26,1.67,2.03,,,2003,daily_treasury_real_yield_curve_2003.xml
2003-12-24,581,1.19,1.6,1.96,,,2003,daily_treasury_real_yield_curve_2003.xml
2003-12-26,584,1.16,1.57,1.94,,,2003,daily_treasury_real_yield_curve_2003.xml
2003-12-29,587,1.21,1.63,1.99,,,2003,daily_treasury_real_yield_curve_2003.xml
2003-12-30,586,1.23,1.65,2.01,,,2003,daily_treasury_real_yield_curve_2003.xml
2003-12-31,585,1.22,1.62,2,,,2003,daily_treasury_real_yield_curve_2003.xml
2004-01-02,918,1.28,1.7,2.06,,,2004,daily_treasury_real_yield_curve_2004.xml
2004-01-05,917,1.3,1.69,2.06,,,2004,daily_treasury_real_yield_curve_2004.xml
2004-01-06,916,1.21,1.6,1.97,,,2004,daily_treasury_real_yield_curve_2004.xml
2004-01-07,919,1.2,1.57,1.94,,,2004,daily_treasury_real_yield_curve_2004.xml
2004-01-08,922,1.25,1.6,1.99,,,2004,daily_treasury_real_yield_curve_2004.xml
2004-01-09,921,1.12,1.49,1.89,,,2004,daily_treasury_real_yield_curve_2004.xml
2004-01-12,920,1.11,1.49,1.89,,,2004,daily_treasury_real_yield_curve_2004.xml
2004-01-13,915,1.03,1.43,1.83,,,2004,daily_treasury_real_yield_curve_2004.xml
2004-01-14,910,1.05,1.44,1.85,,,2004,daily_treasury_real_yield_curve_2004.xml
2004-01-15,909,1.01,1.42,1.82,,,2004,daily_treasury_real_yield_curve_2004.xml
2004-01-16,908,1.02,1.42,1.83,,,2004,daily_treasury_real_yield_curve_2004.xml
2004-01-20,911,1.01,1.41,1.84,,,2004,daily_treasury_real_yield_curve_2004.xml
2004-01-21,914,0.96,1.37,1.79,,,2004,daily_treasury_real_yield_curve_2004.xml
2004-01-22,913,0.94,1.34,1.76,,,2004,daily_treasury_real_yield_curve_2004.xml
2004-01-23,912,1.01,1.41,1.82,,,2004,daily_treasury_real_yield_curve_2004.xml
2004-01-26,923,1.07,1.46,1.89,,,2004,daily_treasury_real_yield_curve_2004.xml
2004-01-27,934,0.98,1.41,1.84,,,2004,daily_treasury_real_yield_curve_2004.xml
2004-01-28,933,1.09,1.5,1.92,,,2004,daily_treasury_real_yield_curve_2004.xml
2004-01-29,932,1.07,1.49,1.91,,,2004,daily_treasury_real_yield_curve_2004.xml
2004-01-30,935,1.01,1.43,1.85,,,2004,daily_treasury_real_yield_curve_2004.xml
2004-02-02,938,0.96,1.4,1.84,,,2004,daily_treasury_real_yield_curve_2004.xml
2004-02-03,937,0.93,1.37,1.81,,,2004,daily_treasury_real_yield_curve_2004.xml
2004-02-04,936,0.95,1.39,1.82,,,2004,daily_treasury_real_yield_curve_2004.xml
2004-02-05,931,0.99,1.44,1.85,,,2004,daily_treasury_real_yield_curve_2004.xml
2004-02-06,926,0.95,1.37,1.79,,,2004,daily_treasury_real_yield_curve_2004.xml
2004-02-09,925,0.92,1.33,1.76,,,2004,daily_treasury_real_yield_curve_2004.xml
2004-02-10,924,0.96,1.37,1.79,,,2004,daily_treasury_real_yield_curve_2004.xml
2004-02-11,927,0.88,1.32,1.75,,,2004,daily_treasury_real_yield_curve_2004.xml
2004-02-12,930,0.9,1.34,1.77,,,2004,daily_treasury_real_yield_curve_2004.xml
2004-02-13,929,0.85,1.28,1.74,,,2004,daily_treasury_real_yield_curve_2004.xml
2004-02-17,928,0.84,1.3,1.75,,,2004,daily_treasury_real_yield_curve_2004.xml
2004-02-18,887,0.84,1.31,1.75,,,2004,daily_treasury_real_yield_curve_2004.xml
2004-02-19,886,0.82,1.3,1.76,,,2004,daily_treasury_real_yield_curve_2004.xml
2004-02-20,885,0.84,1.32,1.79,,,2004,daily_treasury_real_yield_curve_2004.xml
2004-02-23,888,0.8,1.28,1.76,,,2004,daily_treasury_real_yield_curve_2004.xml
2004-02-24,891,0.78,1.26,1.74,,,2004,daily_treasury_real_yield_curve_2004.xml
2004-02-25,890,0.74,1.22,1.71,,,2004,daily_treasury_real_yield_curve_2004.xml
2004-02-26,889,0.72,1.2,1.69,,,2004,daily_treasury_real_yield_curve_2004.xml
2004-02-27,884,0.63,1.11,1.61,,,2004,daily_treasury_real_yield_curve_2004.xml
2004-03-01,879,0.58,1.05,1.55,,,2004,daily_treasury_real_yield_curve_2004.xml
2004-03-02,878,0.62,1.09,1.58,,,2004,daily_treasury_real_yield_curve_2004.xml
2004-03-03,877,0.64,1.1,1.59,,,2004,daily_treasury_real_yield_curve_2004.xml
2004-03-04,880,0.67,1.12,1.6,,,2004,daily_treasury_real_yield_curve_2004.xml
2004-03-05,883,0.53,0.99,1.46,,,2004,daily_treasury_real_yield_curve_2004.xml
2004-03-08,882,0.49,0.94,1.43,,,2004,daily_treasury_real_yield_curve_2004.xml
2004-03-09,881,0.48,0.92,1.4,,,2004,daily_treasury_real_yield_curve_2004.xml
2004-03-10,892,0.53,0.97,1.45,,,2004,daily_treasury_real_yield_curve_2004.xml
2004-03-11,903,0.57,1.02,1.5,,,2004,daily_treasury_real_yield_curve_2004.xml
2004-03-12,902,0.59,1.04,1.52,,,2004,daily_treasury_real_yield_curve_2004.xml
2004-03-15,901,0.54,0.99,1.47,,,2004,daily_treasury_real_yield_curve_2004.xml
2004-03-16,904,0.45,0.92,1.4,,,2004,daily_treasury_real_yield_curve_2004.xml
2004-03-17,907,0.39,0.87,1.36,,,2004,daily_treasury_real_yield_curve_2004.xml
2004-03-18,906,0.4,0.88,1.37,,,2004,daily_treasury_real_yield_curve_2004.xml
2004-03-19,905,0.48,0.95,1.44,,,2004,daily_treasury_real_yield_curve_2004.xml
2004-03-22,900,0.45,0.93,1.42,,,2004,daily_treasury_real_yield_curve_2004.xml
2004-03-23,895,0.45,0.92,1.41,,,2004,daily_treasury_real_yield_curve_2004.xml
2004-03-24,894,0.41,0.88,1.38,,,2004,daily_treasury_real_yield_curve_2004.xml
2004-03-25,893,0.44,0.91,1.4,,,2004,daily_treasury_real_yield_curve_2004.xml
2004-03-26,896,0.51,0.99,1.47,,,2004,daily_treasury_real_yield_curve_2004.xml
2004-03-29,899,0.55,1.02,1.5,,,2004,daily_treasury_real_yield_curve_2004.xml
2004-03-30,898,0.57,1.04,1.52,,,2004,daily_treasury_real_yield_curve_2004.xml
2004-03-31,897,0.51,0.99,1.48,,,2004,daily_treasury_real_yield_curve_2004.xml
2004-04-01,939,0.53,1.01,1.48,,,2004,daily_treasury_real_yield_curve_2004.xml
2004-04-02,981,0.77,1.25,1.69,,,2004,daily_treasury_real_yield_curve_2004.xml
2004-04-05,980,0.84,1.32,1.75,,,2004,daily_treasury_real_yield_curve_2004.xml
2004-04-06,979,0.82,1.3,1.73,,,2004,daily_treasury_real_yield_curve_2004.xml
2004-04-07,982,0.91,1.39,1.82,,,2004,daily_treasury_real_yield_curve_2004.xml
2004-04-08,985,0.88,1.37,1.8,,,2004,daily_treasury_real_yield_curve_2004.xml
2004-04-12,984,0.91,1.38,1.81,,,2004,daily_treasury_real_yield_curve_2004.xml
2004-04-13,983,0.98,1.46,1.88,,,2004,daily_treasury_real_yield_curve_2004.xml
2004-04-14,978,1.01,1.49,1.91,,,2004,daily_treasury_real_yield_curve_2004.xml
2004-04-15,973,1.03,1.49,1.93,,,2004,daily_treasury_real_yield_curve_2004.xml
2004-04-16,972,0.95,1.43,1.87,,,2004,daily_treasury_real_yield_curve_2004.xml
2004-04-19,971,0.96,1.45,1.87,,,2004,daily_treasury_real_yield_curve_2004.xml
2004-04-20,974,1.07,1.55,1.97,,,2004,daily_treasury_real_yield_curve_2004.xml
2004-04-21,977,1.07,1.54,1.96,,,2004,daily_treasury_real_yield_curve_2004.xml
2004-04-22,976,1.1,1.56,1.98,,,2004,daily_treasury_real_yield_curve_2004.xml
2004-04-23,975,1.29,1.74,2.12,,,2004,daily_treasury_real_yield_curve_2004.xml
2004-04-26,986,1.2,1.66,2.03,,,2004,daily_treasury_real_yield_curve_2004.xml
2004-04-27,997,1.14,1.63,2,,,2004,daily_treasury_real_yield_curve_2004.xml
2004-04-28,996,1.26,1.72,2.1,,,2004,daily_treasury_real_yield_curve_2004.xml
2004-04-29,995,1.32,1.78,2.15,,,2004,daily_treasury_real_yield_curve_2004.xml
2004-04-30,998,1.29,1.75,2.11,,,2004,daily_treasury_real_yield_curve_2004.xml
2004-05-03,1001,1.28,1.73,2.09,,,2004,daily_treasury_real_yield_curve_2004.xml
2004-05-04,1000,1.26,1.74,2.1,,,2004,daily_treasury_real_yield_curve_2004.xml
2004-05-05,999,1.29,1.76,2.1,,,2004,daily_treasury_real_yield_curve_2004.xml
2004-05-06,994,1.34,1.8,2.15,,,2004,daily_treasury_real_yield_curve_2004.xml
2004-05-07,989,1.5,1.93,2.24,,,2004,daily_treasury_real_yield_curve_2004.xml
2004-05-10,988,1.53,1.95,2.25,,,2004,daily_treasury_real_yield_curve_2004.xml
2004-05-11,987,1.49,1.91,2.21,,,2004,daily_treasury_real_yield_curve_2004.xml
2004-05-12,990,1.42,1.86,2.17,,,2004,daily_treasury_real_yield_curve_2004.xml
2004-05-13,993,1.43,1.86,2.18,,,2004,daily_treasury_real_yield_curve_2004.xml
2004-05-14,992,1.41,1.84,2.16,,,2004,daily_treasury_real_yield_curve_2004.xml
2004-05-17,991,1.33,1.75,2.07,,,2004,daily_treasury_real_yield_curve_2004.xml
2004-05-18,950,1.33,1.75,2.05,,,2004,daily_treasury_real_yield_curve_2004.xml
2004-05-19,949,1.32,1.74,2.03,,,2004,daily_treasury_real_yield_curve_2004.xml
2004-05-20,948,1.25,1.67,1.96,,,2004,daily_treasury_real_yield_curve_2004.xml
2004-05-21,951,1.34,1.75,2.04,,,2004,daily_treasury_real_yield_curve_2004.xml
2004-05-24,954,1.27,1.71,2.01,,,2004,daily_treasury_real_yield_curve_2004.xml
2004-05-25,953,1.29,1.72,2.03,,,2004,daily_treasury_real_yield_curve_2004.xml
2004-05-26,952,1.23,1.66,1.99,,,2004,daily_treasury_real_yield_curve_2004.xml
2004-05-27,947,1.19,1.62,1.97,,,2004,daily_treasury_real_yield_curve_2004.xml
2004-05-28,942,1.26,1.68,2,,,2004,daily_treasury_real_yield_curve_2004.xml
2004-06-01,941,1.22,1.63,1.97,,,2004,daily_treasury_real_yield_curve_2004.xml
2004-06-02,940,1.29,1.71,2.04,,,2004,daily_treasury_real_yield_curve_2004.xml
2004-06-03,943,1.31,1.73,2.05,,,2004,daily_treasury_real_yield_curve_2004.xml
2004-06-04,946,1.37,1.78,2.11,,,2004,daily_treasury_real_yield_curve_2004.xml
2004-06-07,945,1.37,1.78,2.11,,,2004,daily_treasury_real_yield_curve_2004.xml
2004-06-08,944,1.43,1.83,2.15,,,2004,daily_treasury_real_yield_curve_2004.xml
2004-06-09,955,1.47,1.87,2.2,,,2004,daily_treasury_real_yield_curve_2004.xml
2004-06-10,966,1.45,1.87,2.18,,,2004,daily_treasury_real_yield_curve_2004.xml
2004-06-14,965,1.55,1.94,2.26,,,2004,daily_treasury_real_yield_curve_2004.xml
2004-06-15,964,1.38,1.79,2.16,,,2004,daily_treasury_real_yield_curve_2004.xml
2004-06-16,967,1.43,1.82,2.18,,,2004,daily_treasury_real_yield_curve_2004.xml
2004-06-17,970,1.42,1.8,2.16,,,2004,daily_treasury_real_yield_curve_2004.xml
2004-06-18,969,1.4,1.79,2.15,,,2004,daily_treasury_real_yield_curve_2004.xml
2004-06-21,968,1.4,1.8,2.16,,,2004,daily_treasury_real_yield_curve_2004.xml
2004-06-22,963,1.41,1.81,2.17,,,2004,daily_treasury_real_yield_curve_2004.xml
2004-06-23,958,1.42,1.81,2.18,,,2004,daily_treasury_real_yield_curve_2004.xml
2004-06-24,957,1.4,1.79,2.15,,,2004,daily_treasury_real_yield_curve_2004.xml
2004-06-25,956,1.43,1.81,2.16,,,2004,daily_treasury_real_yield_curve_2004.xml
2004-06-28,959,1.52,1.9,2.23,,,2004,daily_treasury_real_yield_curve_2004.xml
2004-06-29,962,1.5,1.87,2.2,,,2004,daily_treasury_real_yield_curve_2004.xml
2004-06-30,961,1.38,1.75,2.1,,,2004,daily_treasury_real_yield_curve_2004.xml
2004-07-01,960,1.3,1.7,2.04,,,2004,daily_treasury_real_yield_curve_2004.xml
2004-07-02,793,1.21,1.6,1.96,,,2004,daily_treasury_real_yield_curve_2004.xml
2004-07-06,792,1.23,1.62,1.97,,,2004,daily_treasury_real_yield_curve_2004.xml
2004-07-07,791,1.23,1.64,2,,,2004,daily_treasury_real_yield_curve_2004.xml
2004-07-08,794,1.22,1.63,2.02,,,2004,daily_treasury_real_yield_curve_2004.xml
2004-07-09,797,1.23,1.64,2.02,,,2004,daily_treasury_real_yield_curve_2004.xml
2004-07-12,796,1.24,1.64,2.02,,,2004,daily_treasury_real_yield_curve_2004.xml
2004-07-13,795,1.26,1.66,2.03,,,2004,daily_treasury_real_yield_curve_2004.xml
2004-07-14,790,1.27,1.67,2.02,,,2004,daily_treasury_real_yield_curve_2004.xml
2004-07-15,785,1.27,1.66,2.01,,,2004,daily_treasury_real_yield_curve_2004.xml
2004-07-16,784,1.19,1.59,1.94,,,2004,daily_treasury_real_yield_curve_2004.xml
2004-07-19,783,1.21,1.61,1.96,,,2004,daily_treasury_real_yield_curve_2004.xml
2004-07-20,786,1.32,1.72,2.05,,,2004,daily_treasury_real_yield_curve_2004.xml
2004-07-21,789,1.35,1.72,2.05,,,2004,daily_treasury_real_yield_curve_2004.xml
2004-07-22,788,1.34,1.71,2.03,,,2004,daily_treasury_real_yield_curve_2004.xml
2004-07-23,787,1.31,1.69,2,,,2004,daily_treasury_real_yield_curve_2004.xml
2004-07-26,798,1.37,1.74,2.05,,,2004,daily_treasury_real_yield_curve_2004.xml
2004-07-27,809,1.47,1.85,2.15,2.49,,2004,daily_treasury_real_yield_curve_2004.xml
2004-07-28,808,1.42,1.8,2.11,2.46,,2004,daily_treasury_real_yield_curve_2004.xml
2004-07-29,807,1.37,1.76,2.07,2.44,,2004,daily_treasury_real_yield_curve_2004.xml
2004-07-30,810,1.3,1.7,2.01,2.38,,2004,daily_treasury_real_yield_curve_2004.xml
2004-08-02,813,1.26,1.66,2,2.37,,2004,daily_treasury_real_yield_curve_2004.xml
2004-08-03,812,1.24,1.65,1.98,2.36,,2004,daily_treasury_real_yield_curve_2004.xml
2004-08-04,811,1.27,1.67,2,2.35,,2004,daily_treasury_real_yield_curve_2004.xml
2004-08-05,806,1.23,1.63,1.96,2.32,,2004,daily_treasury_real_yield_curve_2004.xml
2004-08-06,801,1.06,1.46,1.82,2.22,,2004,daily_treasury_real_yield_curve_2004.xml
2004-08-09,800,1.08,1.49,1.85,2.23,,2004,daily_treasury_real_yield_curve_2004.xml
2004-08-10,799,1.17,1.55,1.9,2.26,,2004,daily_treasury_real_yield_curve_2004.xml
2004-08-11,802,1.13,1.51,1.86,2.23,,2004,daily_treasury_real_yield_curve_2004.xml
2004-08-12,805,1.07,1.45,1.81,2.18,,2004,daily_treasury_real_yield_curve_2004.xml
2004-08-13,804,1.01,1.4,1.77,2.14,,2004,daily_treasury_real_yield_curve_2004.xml
2004-08-16,803,1.06,1.45,1.82,2.19,,2004,daily_treasury_real_yield_curve_2004.xml
2004-08-17,762,1.06,1.46,1.82,2.18,,2004,daily_treasury_real_yield_curve_2004.xml
2004-08-18,761,1.09,1.48,1.83,2.22,,2004,daily_treasury_real_yield_curve_2004.xml
2004-08-19,760,1,1.41,1.76,2.17,,2004,daily_treasury_real_yield_curve_2004.xml
2004-08-20,763,1.06,1.45,1.79,2.17,,2004,daily_treasury_real_yield_curve_2004.xml
2004-08-23,766,1.13,1.51,1.86,2.23,,2004,daily_treasury_real_yield_curve_2004.xml
2004-08-24,765,1.16,1.52,1.87,2.24,,2004,daily_treasury_real_yield_curve_2004.xml
2004-08-25,764,1.17,1.54,1.88,2.25,,2004,daily_treasury_real_yield_curve_2004.xml
2004-08-26,759,1.14,1.51,1.86,2.23,,2004,daily_treasury_real_yield_curve_2004.xml
2004-08-27,754,1.14,1.51,1.86,2.22,,2004,daily_treasury_real_yield_curve_2004.xml
2004-08-30,753,1.12,1.49,1.83,2.2,,2004,daily_treasury_real_yield_curve_2004.xml
2004-08-31,752,1.06,1.43,1.78,2.14,,2004,daily_treasury_real_yield_curve_2004.xml
2004-09-01,755,1.04,1.42,1.77,2.14,,2004,daily_treasury_real_yield_curve_2004.xml
2004-09-02,758,1.08,1.47,1.83,2.18,,2004,daily_treasury_real_yield_curve_2004.xml
2004-09-03,757,1.16,1.54,1.88,2.23,,2004,daily_treasury_real_yield_curve_2004.xml
2004-09-07,756,1.14,1.52,1.86,2.22,,2004,daily_treasury_real_yield_curve_2004.xml
2004-09-08,767,1.1,1.47,1.82,2.18,,2004,daily_treasury_real_yield_curve_2004.xml
2004-09-09,778,1.11,1.48,1.83,2.19,,2004,daily_treasury_real_yield_curve_2004.xml
2004-09-10,777,1.14,1.49,1.83,2.19,,2004,daily_treasury_real_yield_curve_2004.xml
2004-09-13,776,1.11,1.47,1.81,2.16,,2004,daily_treasury_real_yield_curve_2004.xml
2004-09-14,779,1.11,1.47,1.81,2.17,,2004,daily_treasury_real_yield_curve_2004.xml
2004-09-15,782,1.16,1.52,1.86,2.21,,2004,daily_treasury_real_yield_curve_2004.xml
2004-09-16,781,1.12,1.48,1.81,2.17,,2004,daily_treasury_real_yield_curve_2004.xml
2004-09-17,780,1.17,1.52,1.85,2.2,,2004,daily_treasury_real_yield_curve_2004.xml
2004-09-20,775,1.09,1.45,1.8,2.17,,2004,daily_treasury_real_yield_curve_2004.xml
2004-09-21,770,1.14,1.46,1.8,2.16,,2004,daily_treasury_real_yield_curve_2004.xml
2004-09-22,769,1.09,1.4,1.73,2.09,,2004,daily_treasury_real_yield_curve_2004.xml
2004-09-23,768,1.11,1.43,1.76,2.12,,2004,daily_treasury_real_yield_curve_2004.xml
2004-09-24,771,1.13,1.45,1.78,2.12,,2004,daily_treasury_real_yield_curve_2004.xml
2004-09-27,774,1.04,1.39,1.72,2.09,,2004,daily_treasury_real_yield_curve_2004.xml
2004-09-28,773,1,1.36,1.7,2.07,,2004,daily_treasury_real_yield_curve_2004.xml
2004-09-29,772,1.07,1.42,1.76,2.12,,2004,daily_treasury_real_yield_curve_2004.xml
2004-09-30,814,1.05,1.41,1.77,2.12,,2004,daily_treasury_real_yield_curve_2004.xml
2004-10-01,856,1.09,1.47,1.83,2.18,,2004,daily_treasury_real_yield_curve_2004.xml
2004-10-04,855,1.13,1.49,1.86,2.19,,2004,daily_treasury_real_yield_curve_2004.xml
2004-10-05,854,1.11,1.47,1.84,2.18,,2004,daily_treasury_real_yield_curve_2004.xml
2004-10-06,857,1.18,1.54,1.9,2.24,,2004,daily_treasury_real_yield_curve_2004.xml
2004-10-07,860,1.18,1.53,1.89,2.25,,2004,daily_treasury_real_yield_curve_2004.xml
2004-10-08,859,1.07,1.43,1.78,2.17,,2004,daily_treasury_real_yield_curve_2004.xml
2004-10-12,858,1.04,1.39,1.75,2.14,,2004,daily_treasury_real_yield_curve_2004.xml
2004-10-13,853,1,1.36,1.72,2.12,,2004,daily_treasury_real_yield_curve_2004.xml
2004-10-14,848,0.94,1.32,1.68,2.1,,2004,daily_treasury_real_yield_curve_2004.xml
2004-10-15,847,0.97,1.34,1.7,2.1,,2004,daily_treasury_real_yield_curve_2004.xml
2004-10-18,846,0.99,1.35,1.71,2.1,,2004,daily_treasury_real_yield_curve_2004.xml
2004-10-19,849,0.99,1.35,1.7,2.1,,2004,daily_treasury_real_yield_curve_2004.xml
2004-10-20,852,0.92,1.29,1.66,2.06,,2004,daily_treasury_real_yield_curve_2004.xml
2004-10-21,851,0.85,1.24,1.62,2.04,,2004,daily_treasury_real_yield_curve_2004.xml
2004-10-22,850,0.83,1.23,1.64,2.06,,2004,daily_treasury_real_yield_curve_2004.xml
2004-10-25,861,0.83,1.22,1.63,2.05,,2004,daily_treasury_real_yield_curve_2004.xml
2004-10-26,872,0.81,1.23,1.63,2.07,,2004,daily_treasury_real_yield_curve_2004.xml
2004-10-27,871,0.9,1.32,1.73,2.17,,2004,daily_treasury_real_yield_curve_2004.xml
2004-10-28,870,0.85,1.26,1.68,2.12,,2004,daily_treasury_real_yield_curve_2004.xml
2004-10-29,873,0.81,1.22,1.63,2.09,,2004,daily_treasury_real_yield_curve_2004.xml
2004-11-01,876,0.84,1.25,1.67,2.13,,2004,daily_treasury_real_yield_curve_2004.xml
2004-11-02,875,0.78,1.19,1.61,2.07,,2004,daily_treasury_real_yield_curve_2004.xml
2004-11-03,874,0.78,1.18,1.61,2.05,,2004,daily_treasury_real_yield_curve_2004.xml
2004-11-04,869,0.84,1.23,1.65,2.08,,2004,daily_treasury_real_yield_curve_2004.xml
2004-11-05,864,0.91,1.29,1.71,2.14,,2004,daily_treasury_real_yield_curve_2004.xml
2004-11-08,863,0.92,1.3,1.72,2.16,,2004,daily_treasury_real_yield_curve_2004.xml
2004-11-09,862,0.96,1.33,1.74,2.17,,2004,daily_treasury_real_yield_curve_2004.xml
2004-11-10,865,0.97,1.35,1.75,2.19,,2004,daily_treasury_real_yield_curve_2004.xml
2004-11-12,868,0.94,1.3,1.71,2.13,,2004,daily_treasury_real_yield_curve_2004.xml
2004-11-15,867,0.91,1.26,1.67,2.09,,2004,daily_treasury_real_yield_curve_2004.xml
2004-11-16,866,0.92,1.28,1.68,2.1,,2004,daily_treasury_real_yield_curve_2004.xml
2004-11-17,825,0.86,1.22,1.63,2.05,,2004,daily_treasury_real_yield_curve_2004.xml
2004-11-18,824,0.88,1.24,1.64,2.03,,2004,daily_treasury_real_yield_curve_2004.xml
2004-11-19,823,0.93,1.27,1.67,2.06,,2004,daily_treasury_real_yield_curve_2004.xml
2004-11-22,826,0.89,1.23,1.62,2.01,,2004,daily_treasury_real_yield_curve_2004.xml
2004-11-23,829,0.93,1.26,1.65,2.04,,2004,daily_treasury_real_yield_curve_2004.xml
2004-11-24,828,0.93,1.26,1.64,2.03,,2004,daily_treasury_real_yield_curve_2004.xml
2004-11-26,827,0.94,1.27,1.66,2.06,,2004,daily_treasury_real_yield_curve_2004.xml
2004-11-29,822,0.98,1.34,1.74,2.11,,2004,daily_treasury_real_yield_curve_2004.xml
2004-11-30,817,0.96,1.34,1.75,2.15,,2004,daily_treasury_real_yield_curve_2004.xml
2004-12-01,816,0.99,1.37,1.79,2.18,,2004,daily_treasury_real_yield_curve_2004.xml
2004-12-02,815,1.03,1.41,1.83,2.2,,2004,daily_treasury_real_yield_curve_2004.xml
2004-12-03,818,0.93,1.3,1.73,2.1,,2004,daily_treasury_real_yield_curve_2004.xml
2004-12-06,821,0.93,1.29,1.7,2.08,,2004,daily_treasury_real_yield_curve_2004.xml
2004-12-07,820,0.94,1.3,1.69,2.08,,2004,daily_treasury_real_yield_curve_2004.xml
2004-12-08,819,0.87,1.22,1.62,2,,2004,daily_treasury_real_yield_curve_2004.xml
2004-12-09,830,0.9,1.24,1.64,2.03,,2004,daily_treasury_real_yield_curve_2004.xml
2004-12-10,841,0.93,1.27,1.66,2.05,,2004,daily_treasury_real_yield_curve_2004.xml
2004-12-13,840,0.92,1.26,1.65,2.03,,2004,daily_treasury_real_yield_curve_2004.xml
2004-12-14,839,0.89,1.24,1.62,2,,2004,daily_treasury_real_yield_curve_2004.xml
2004-12-15,842,0.83,1.18,1.57,1.93,,2004,daily_treasury_real_yield_curve_2004.xml
2004-12-16,845,0.9,1.26,1.64,2,,2004,daily_treasury_real_yield_curve_2004.xml
2004-12-17,844,0.9,1.25,1.64,2,,2004,daily_treasury_real_yield_curve_2004.xml
2004-12-20,843,0.89,1.25,1.62,1.97,,2004,daily_treasury_real_yield_curve_2004.xml
2004-12-21,838,0.86,1.22,1.59,1.89,,2004,daily_treasury_real_yield_curve_2004.xml
2004-12-22,833,0.89,1.26,1.63,1.94,,2004,daily_treasury_real_yield_curve_2004.xml
2004-12-23,832,0.88,1.24,1.62,1.95,,2004,daily_treasury_real_yield_curve_2004.xml
2004-12-27,831,0.94,1.29,1.67,1.98,,2004,daily_treasury_real_yield_curve_2004.xml
2004-12-28,834,0.95,1.31,1.69,2,,2004,daily_treasury_real_yield_curve_2004.xml
2004-12-29,837,0.99,1.34,1.73,2.03,,2004,daily_treasury_real_yield_curve_2004.xml
2004-12-30,836,0.97,1.31,1.7,2,,2004,daily_treasury_real_yield_curve_2004.xml
2004-12-31,835,0.99,1.31,1.68,1.96,,2004,daily_treasury_real_yield_curve_2004.xml
2005-01-03,501,1.02,1.33,1.7,1.96,,2005,daily_treasury_real_yield_curve_2005.xml
2005-01-04,167,1.1,1.4,1.78,2.02,,2005,daily_treasury_real_yield_curve_2005.xml
2005-01-05,166,1.13,1.42,1.79,2.04,,2005,daily_treasury_real_yield_curve_2005.xml
2005-01-06,165,1.12,1.41,1.76,2.03,,2005,daily_treasury_real_yield_curve_2005.xml
2005-01-07,168,1.16,1.45,1.8,2.06,,2005,daily_treasury_real_yield_curve_2005.xml
2005-01-10,171,1.13,1.42,1.77,2.05,,2005,daily_treasury_real_yield_curve_2005.xml
2005-01-11,170,1.13,1.42,1.76,2.03,,2005,daily_treasury_real_yield_curve_2005.xml
2005-01-12,169,1.12,1.4,1.73,2,,2005,daily_treasury_real_yield_curve_2005.xml
2005-01-13,164,1.08,1.36,1.7,1.97,,2005,daily_treasury_real_yield_curve_2005.xml
2005-01-14,159,1.13,1.39,1.72,1.97,,2005,daily_treasury_real_yield_curve_2005.xml
2005-01-18,158,1.15,1.4,1.71,1.93,,2005,daily_treasury_real_yield_curve_2005.xml
2005-01-19,157,1.17,1.4,1.7,1.95,,2005,daily_treasury_real_yield_curve_2005.xml
2005-01-20,160,1.16,1.41,1.7,1.94,,2005,daily_treasury_real_yield_curve_2005.xml
2005-01-21,163,1.14,1.39,1.69,1.93,,2005,daily_treasury_real_yield_curve_2005.xml
2005-01-24,162,1.13,1.39,1.68,1.9,,2005,daily_treasury_real_yield_curve_2005.xml
2005-01-25,161,1.16,1.44,1.74,2,,2005,daily_treasury_real_yield_curve_2005.xml
2005-01-26,172,1.15,1.43,1.72,1.99,,2005,daily_treasury_real_yield_curve_2005.xml
2005-01-27,183,1.16,1.43,1.72,1.99,,2005,daily_treasury_real_yield_curve_2005.xml
2005-01-28,182,1.11,1.35,1.65,1.94,,2005,daily_treasury_real_yield_curve_2005.xml
2005-01-31,181,1.13,1.36,1.65,1.92,,2005,daily_treasury_real_yield_curve_2005.xml
2005-02-01,184,1.15,1.38,1.67,1.94,,2005,daily_treasury_real_yield_curve_2005.xml
2005-02-02,187,1.18,1.41,1.7,1.96,,2005,daily_treasury_real_yield_curve_2005.xml
2005-02-03,186,1.2,1.45,1.73,1.97,,2005,daily_treasury_real_yield_curve_2005.xml
2005-02-04,185,1.11,1.36,1.65,1.88,,2005,daily_treasury_real_yield_curve_2005.xml
2005-02-07,180,1.11,1.34,1.62,1.84,,2005,daily_treasury_real_yield_curve_2005.xml
2005-02-08,175,1.07,1.3,1.57,1.79,,2005,daily_treasury_real_yield_curve_2005.xml
2005-02-09,174,0.95,1.2,1.49,1.73,,2005,daily_treasury_real_yield_curve_2005.xml
2005-02-10,173,0.99,1.25,1.57,1.8,,2005,daily_treasury_real_yield_curve_2005.xml
2005-02-11,176,1,1.26,1.57,1.78,,2005,daily_treasury_real_yield_curve_2005.xml
2005-02-14,179,0.98,1.24,1.54,1.73,,2005,daily_treasury_real_yield_curve_2005.xml
2005-02-15,178,1.06,1.3,1.61,1.78,,2005,daily_treasury_real_yield_curve_2005.xml
2005-02-16,177,1.1,1.35,1.65,1.81,,2005,daily_treasury_real_yield_curve_2005.xml
2005-02-17,136,1.08,1.34,1.65,1.83,,2005,daily_treasury_real_yield_curve_2005.xml
2005-02-18,135,1.08,1.36,1.67,1.86,,2005,daily_treasury_real_yield_curve_2005.xml
2005-02-22,134,1.07,1.36,1.67,1.9,,2005,daily_treasury_real_yield_curve_2005.xml
2005-02-23,137,1.06,1.33,1.64,1.88,,2005,daily_treasury_real_yield_curve_2005.xml
2005-02-24,140,1.1,1.34,1.65,1.9,,2005,daily_treasury_real_yield_curve_2005.xml
2005-02-25,139,1.11,1.34,1.64,1.9,,2005,daily_treasury_real_yield_curve_2005.xml
2005-02-28,138,1.18,1.4,1.7,1.96,,2005,daily_treasury_real_yield_curve_2005.xml
2005-03-01,133,1.17,1.39,1.69,1.95,,2005,daily_treasury_real_yield_curve_2005.xml
2005-03-02,128,1.14,1.38,1.69,1.95,,2005,daily_treasury_real_yield_curve_2005.xml
2005-03-03,127,1.15,1.38,1.69,1.93,,2005,daily_treasury_real_yield_curve_2005.xml
2005-03-04,126,1.12,1.35,1.65,1.86,,2005,daily_treasury_real_yield_curve_2005.xml
2005-03-07,129,1.13,1.33,1.63,1.81,,2005,daily_treasury_real_yield_curve_2005.xml
2005-03-08,132,1.16,1.37,1.67,1.84,,2005,daily_treasury_real_yield_curve_2005.xml
2005-03-09,131,1.23,1.47,1.77,1.93,,2005,daily_treasury_real_yield_curve_2005.xml
2005-03-10,130,1.25,1.46,1.76,1.93,,2005,daily_treasury_real_yield_curve_2005.xml
2005-03-11,141,1.34,1.52,1.82,1.99,,2005,daily_treasury_real_yield_curve_2005.xml
2005-03-14,152,1.34,1.52,1.82,1.98,,2005,daily_treasury_real_yield_curve_2005.xml
2005-03-15,151,1.34,1.52,1.82,1.99,,2005,daily_treasury_real_yield_curve_2005.xml
2005-03-16,150,1.29,1.48,1.79,1.96,,2005,daily_treasury_real_yield_curve_2005.xml
2005-03-17,153,1.23,1.43,1.73,1.9,,2005,daily_treasury_real_yield_curve_2005.xml
2005-03-18,156,1.26,1.46,1.77,1.94,,2005,daily_treasury_real_yield_curve_2005.xml
2005-03-21,155,1.28,1.49,1.8,1.95,,2005,daily_treasury_real_yield_curve_2005.xml
2005-03-22,154,1.37,1.57,1.87,2.02,,2005,daily_treasury_real_yield_curve_2005.xml
2005-03-23,149,1.44,1.62,1.92,2.04,,2005,daily_treasury_real_yield_curve_2005.xml
2005-03-24,144,1.45,1.61,1.9,2.03,,2005,daily_treasury_real_yield_curve_2005.xml
2005-03-28,143,1.48,1.65,1.94,2.05,,2005,daily_treasury_real_yield_curve_2005.xml
2005-03-29,142,1.45,1.63,1.91,2.03,,2005,daily_treasury_real_yield_curve_2005.xml
2005-03-30,145,1.42,1.59,1.89,1.98,,2005,daily_treasury_real_yield_curve_2005.xml
2005-03-31,148,1.31,1.49,1.79,1.91,,2005,daily_treasury_real_yield_curve_2005.xml
2005-04-01,147,1.28,1.47,1.77,1.88,,2005,daily_treasury_real_yield_curve_2005.xml
2005-04-04,146,1.28,1.48,1.79,1.9,,2005,daily_treasury_real_yield_curve_2005.xml
2005-04-05,188,1.32,1.5,1.81,1.93,,2005,daily_treasury_real_yield_curve_2005.xml
2005-04-06,230,1.3,1.49,1.8,1.93,,2005,daily_treasury_real_yield_curve_2005.xml
2005-04-07,229,1.36,1.54,1.85,1.99,,2005,daily_treasury_real_yield_curve_2005.xml
2005-04-08,228,1.37,1.55,1.84,1.97,,2005,daily_treasury_real_yield_curve_2005.xml
2005-04-11,231,1.35,1.52,1.82,1.94,,2005,daily_treasury_real_yield_curve_2005.xml
2005-04-12,234,1.29,1.44,1.73,1.89,,2005,daily_treasury_real_yield_curve_2005.xml
2005-04-13,233,1.31,1.46,1.74,1.9,,2005,daily_treasury_real_yield_curve_2005.xml
2005-04-14,232,1.26,1.45,1.72,1.9,,2005,daily_treasury_real_yield_curve_2005.xml
2005-04-15,227,1.2,1.39,1.67,1.85,,2005,daily_treasury_real_yield_curve_2005.xml
2005-04-18,222,1.19,1.38,1.66,1.83,,2005,daily_treasury_real_yield_curve_2005.xml
2005-04-19,221,1.13,1.33,1.62,1.78,,2005,daily_treasury_real_yield_curve_2005.xml
2005-04-20,220,1.11,1.31,1.6,1.79,,2005,daily_treasury_real_yield_curve_2005.xml
2005-04-21,223,1.17,1.37,1.66,1.84,,2005,daily_treasury_real_yield_curve_2005.xml
2005-04-22,226,1.11,1.32,1.61,1.8,,2005,daily_treasury_real_yield_curve_2005.xml
2005-04-25,225,1.15,1.34,1.63,1.83,,2005,daily_treasury_real_yield_curve_2005.xml
2005-04-26,224,1.17,1.37,1.66,1.86,,2005,daily_treasury_real_yield_curve_2005.xml
2005-04-27,235,1.17,1.37,1.65,1.87,,2005,daily_treasury_real_yield_curve_2005.xml
2005-04-28,246,1.11,1.3,1.58,1.8,,2005,daily_treasury_real_yield_curve_2005.xml
2005-04-29,245,1.17,1.35,1.61,1.82,,2005,daily_treasury_real_yield_curve_2005.xml
2005-05-02,244,1.18,1.35,1.61,1.82,,2005,daily_treasury_real_yield_curve_2005.xml
2005-05-03,247,1.24,1.39,1.64,1.84,,2005,daily_treasury_real_yield_curve_2005.xml
2005-05-04,250,1.21,1.38,1.63,1.86,,2005,daily_treasury_real_yield_curve_2005.xml
2005-05-05,249,1.18,1.36,1.62,1.86,,2005,daily_treasury_real_yield_curve_2005.xml
2005-05-06,248,1.27,1.44,1.69,1.89,,2005,daily_treasury_real_yield_curve_2005.xml
2005-05-09,243,1.28,1.43,1.69,1.88,,2005,daily_treasury_real_yield_curve_2005.xml
2005-05-10,238,1.24,1.4,1.65,1.85,,2005,daily_treasury_real_yield_curve_2005.xml
2005-05-11,237,1.24,1.4,1.64,1.82,,2005,daily_treasury_real_yield_curve_2005.xml
2005-05-12,236,1.27,1.41,1.66,1.83,,2005,daily_treasury_real_yield_curve_2005.xml
2005-05-13,239,1.3,1.43,1.66,1.83,,2005,daily_treasury_real_yield_curve_2005.xml
2005-05-16,242,1.3,1.43,1.66,1.83,,2005,daily_treasury_real_yield_curve_2005.xml
2005-05-17,241,1.28,1.41,1.64,1.8,,2005,daily_treasury_real_yield_curve_2005.xml
2005-05-18,240,1.28,1.41,1.65,1.8,,2005,daily_treasury_real_yield_curve_2005.xml
2005-05-19,199,1.34,1.46,1.69,1.83,,2005,daily_treasury_real_yield_curve_2005.xml
2005-05-20,198,1.33,1.45,1.67,1.8,,2005,daily_treasury_real_yield_curve_2005.xml
2005-05-23,197,1.33,1.42,1.65,1.76,,2005,daily_treasury_real_yield_curve_2005.xml
2005-05-24,200,1.3,1.39,1.62,1.74,,2005,daily_treasury_real_yield_curve_2005.xml
2005-05-25,203,1.31,1.42,1.66,1.8,,2005,daily_treasury_real_yield_curve_2005.xml
2005-05-26,202,1.35,1.47,1.69,1.85,,2005,daily_treasury_real_yield_curve_2005.xml
2005-05-27,201,1.32,1.44,1.67,1.83,,2005,daily_treasury_real_yield_curve_2005.xml
2005-05-31,196,1.29,1.41,1.63,1.78,,2005,daily_treasury_real_yield_curve_2005.xml
2005-06-01,191,1.19,1.32,1.54,1.69,,2005,daily_treasury_real_yield_curve_2005.xml
2005-06-02,190,1.23,1.35,1.55,1.69,,2005,daily_treasury_real_yield_curve_2005.xml
2005-06-03,189,1.31,1.41,1.61,1.73,,2005,daily_treasury_real_yield_curve_2005.xml
2005-06-06,192,1.3,1.4,1.6,1.71,,2005,daily_treasury_real_yield_curve_2005.xml
2005-06-07,195,1.31,1.4,1.6,1.71,,2005,daily_treasury_real_yield_curve_2005.xml
2005-06-08,194,1.34,1.44,1.63,1.73,,2005,daily_treasury_real_yield_curve_2005.xml
2005-06-09,193,1.37,1.47,1.64,1.75,,2005,daily_treasury_real_yield_curve_2005.xml
2005-06-10,204,1.47,1.56,1.74,1.83,,2005,daily_treasury_real_yield_curve_2005.xml
2005-06-13,215,1.49,1.59,1.76,1.88,,2005,daily_treasury_real_yield_curve_2005.xml
2005-06-14,214,1.5,1.61,1.79,1.91,,2005,daily_treasury_real_yield_curve_2005.xml
2005-06-15,213,1.52,1.62,1.79,1.91,,2005,daily_treasury_real_yield_curve_2005.xml
2005-06-16,216,1.48,1.57,1.75,1.86,,2005,daily_treasury_real_yield_curve_2005.xml
2005-06-17,219,1.45,1.54,1.72,1.86,,2005,daily_treasury_real_yield_curve_2005.xml
2005-06-20,218,1.46,1.56,1.74,1.88,,2005,daily_treasury_real_yield_curve_2005.xml
2005-06-21,217,1.44,1.54,1.72,1.86,,2005,daily_treasury_real_yield_curve_2005.xml
2005-06-22,212,1.4,1.5,1.68,1.82,,2005,daily_treasury_real_yield_curve_2005.xml
2005-06-23,207,1.4,1.51,1.68,1.82,,2005,daily_treasury_real_yield_curve_2005.xml
2005-06-24,206,1.37,1.48,1.65,1.8,,2005,daily_treasury_real_yield_curve_2005.xml
2005-06-27,205,1.34,1.44,1.62,1.77,,2005,daily_treasury_real_yield_curve_2005.xml
2005-06-28,208,1.4,1.5,1.67,1.81,,2005,daily_treasury_real_yield_curve_2005.xml
2005-06-29,211,1.42,1.52,1.69,1.83,,2005,daily_treasury_real_yield_curve_2005.xml
2005-06-30,210,1.41,1.52,1.67,1.79,,2005,daily_treasury_real_yield_curve_2005.xml
2005-07-01,209,1.5,1.6,1.75,1.84,,2005,daily_treasury_real_yield_curve_2005.xml
2005-07-05,42,1.55,1.65,1.8,1.9,,2005,daily_treasury_real_yield_curve_2005.xml
2005-07-06,41,1.52,1.62,1.78,1.9,,2005,daily_treasury_real_yield_curve_2005.xml
2005-07-07,40,1.5,1.62,1.77,1.89,,2005,daily_treasury_real_yield_curve_2005.xml
2005-07-08,43,1.56,1.67,1.83,1.95,,2005,daily_treasury_real_yield_curve_2005.xml
2005-07-11,46,1.55,1.66,1.81,1.93,,2005,daily_treasury_real_yield_curve_2005.xml
2005-07-12,45,1.57,1.68,1.83,1.95,,2005,daily_treasury_real_yield_curve_2005.xml
2005-07-13,44,1.61,1.72,1.87,1.98,,2005,daily_treasury_real_yield_curve_2005.xml
2005-07-14,39,1.71,1.81,1.94,2.05,,2005,daily_treasury_real_yield_curve_2005.xml
2005-07-15,34,1.75,1.82,1.95,2.06,,2005,daily_treasury_real_yield_curve_2005.xml
2005-07-18,33,1.79,1.86,1.98,2.1,,2005,daily_treasury_real_yield_curve_2005.xml
2005-07-19,32,1.74,1.8,1.92,2.05,,2005,daily_treasury_real_yield_curve_2005.xml
2005-07-20,35,1.72,1.78,1.9,2.01,,2005,daily_treasury_real_yield_curve_2005.xml
2005-07-21,38,1.77,1.84,1.95,2.07,,2005,daily_treasury_real_yield_curve_2005.xml
2005-07-22,37,1.72,1.78,1.89,2.01,,2005,daily_treasury_real_yield_curve_2005.xml
2005-07-25,36,1.76,1.82,1.94,2.07,,2005,daily_treasury_real_yield_curve_2005.xml
2005-07-26,47,1.76,1.81,1.92,2.05,,2005,daily_treasury_real_yield_curve_2005.xml
2005-07-27,58,1.78,1.82,1.92,2.06,,2005,daily_treasury_real_yield_curve_2005.xml
2005-07-28,57,1.73,1.77,1.86,2.02,,2005,daily_treasury_real_yield_curve_2005.xml
2005-07-29,56,1.8,1.84,1.92,2.03,,2005,daily_treasury_real_yield_curve_2005.xml
2005-08-01,59,1.79,1.84,1.95,2.08,,2005,daily_treasury_real_yield_curve_2005.xml
2005-08-02,62,1.8,1.88,1.99,2.12,,2005,daily_treasury_real_yield_curve_2005.xml
2005-08-03,61,1.75,1.82,1.93,2.06,,2005,daily_treasury_real_yield_curve_2005.xml
2005-08-04,60,1.77,1.83,1.94,2.05,,2005,daily_treasury_real_yield_curve_2005.xml
2005-08-05,55,1.83,1.9,2,2.1,,2005,daily_treasury_real_yield_curve_2005.xml
2005-08-08,50,1.85,1.91,2.02,2.11,,2005,daily_treasury_real_yield_curve_2005.xml
2005-08-09,49,1.86,1.9,2.02,2.1,,2005,daily_treasury_real_yield_curve_2005.xml
2005-08-10,48,1.85,1.92,2.01,2.11,,2005,daily_treasury_real_yield_curve_2005.xml
2005-08-11,51,1.8,1.87,1.97,2.07,,2005,daily_treasury_real_yield_curve_2005.xml
2005-08-12,54,1.73,1.81,1.91,2.01,,2005,daily_treasury_real_yield_curve_2005.xml
2005-08-15,53,1.74,1.82,1.92,2.04,,2005,daily_treasury_real_yield_curve_2005.xml
2005-08-16,52,1.68,1.76,1.87,2,,2005,daily_treasury_real_yield_curve_2005.xml
2005-08-17,11,1.73,1.82,1.91,2.03,,2005,daily_treasury_real_yield_curve_2005.xml
2005-08-18,10,1.68,1.77,1.86,1.99,,2005,daily_treasury_real_yield_curve_2005.xml
2005-08-19,9,1.66,1.76,1.85,1.99,,2005,daily_treasury_real_yield_curve_2005.xml
2005-08-22,12,1.67,1.77,1.86,2,,2005,daily_treasury_real_yield_curve_2005.xml
2005-08-23,15,1.65,1.75,1.85,1.99,,2005,daily_treasury_real_yield_curve_2005.xml
2005-08-24,14,1.64,1.73,1.83,1.97,,2005,daily_treasury_real_yield_curve_2005.xml
2005-08-25,13,1.62,1.71,1.8,1.94,,2005,daily_treasury_real_yield_curve_2005.xml
2005-08-26,8,1.65,1.73,1.81,1.94,,2005,daily_treasury_real_yield_curve_2005.xml
2005-08-29,3,1.63,1.71,1.79,1.92,,2005,daily_treasury_real_yield_curve_2005.xml
2005-08-30,2,1.52,1.62,1.71,1.9,,2005,daily_treasury_real_yield_curve_2005.xml
2005-08-31,1,1.43,1.56,1.65,1.87,,2005,daily_treasury_real_yield_curve_2005.xml
2005-09-01,4,1.38,1.51,1.61,1.85,,2005,daily_treasury_real_yield_curve_2005.xml
2005-09-02,7,1.32,1.47,1.59,1.84,,2005,daily_treasury_real_yield_curve_2005.xml
2005-09-06,6,1.4,1.54,1.65,1.92,,2005,daily_treasury_real_yield_curve_2005.xml
2005-09-07,5,1.43,1.58,1.69,1.96,,2005,daily_treasury_real_yield_curve_2005.xml
2005-09-08,16,1.38,1.55,1.68,1.94,,2005,daily_treasury_real_yield_curve_2005.xml
2005-09-09,27,1.32,1.51,1.64,1.91,,2005,daily_treasury_real_yield_curve_2005.xml
2005-09-12,26,1.37,1.56,1.69,1.94,,2005,daily_treasury_real_yield_curve_2005.xml
2005-09-13,25,1.34,1.53,1.67,1.91,,2005,daily_treasury_real_yield_curve_2005.xml
2005-09-14,28,1.36,1.54,1.68,1.92,,2005,daily_treasury_real_yield_curve_2005.xml
2005-09-15,31,1.37,1.56,1.71,1.96,,2005,daily_treasury_real_yield_curve_2005.xml
2005-09-16,30,1.4,1.58,1.73,1.97,,2005,daily_treasury_real_yield_curve_2005.xml
2005-09-19,29,1.35,1.54,1.7,1.94,,2005,daily_treasury_real_yield_curve_2005.xml
2005-09-20,24,1.43,1.58,1.74,1.95,,2005,daily_treasury_real_yield_curve_2005.xml
2005-09-21,19,1.36,1.53,1.68,1.91,,2005,daily_treasury_real_yield_curve_2005.xml
2005-09-22,18,1.36,1.52,1.67,1.9,,2005,daily_treasury_real_yield_curve_2005.xml
2005-09-23,17,1.43,1.59,1.74,1.95,,2005,daily_treasury_real_yield_curve_2005.xml
2005-09-26,20,1.48,1.64,1.78,1.99,,2005,daily_treasury_real_yield_curve_2005.xml
2005-09-27,23,1.47,1.63,1.77,1.95,,2005,daily_treasury_real_yield_curve_2005.xml
2005-09-28,22,1.44,1.59,1.73,1.9,,2005,daily_treasury_real_yield_curve_2005.xml
2005-09-29,21,1.45,1.61,1.75,1.93,,2005,daily_treasury_real_yield_curve_2005.xml
2005-09-30,63,1.46,1.64,1.78,1.95,,2005,daily_treasury_real_yield_curve_2005.xml
2005-10-03,105,1.54,1.7,1.84,2.02,,2005,daily_treasury_real_yield_curve_2005.xml
2005-10-04,104,1.56,1.71,1.87,2.01,,2005,daily_treasury_real_yield_curve_2005.xml
2005-10-05,103,1.57,1.72,1.86,2,,2005,daily_treasury_real_yield_curve_2005.xml
2005-10-06,106,1.64,1.78,1.91,2.06,,2005,daily_treasury_real_yield_curve_2005.xml
2005-10-07,109,1.64,1.76,1.9,2.03,,2005,daily_treasury_real_yield_curve_2005.xml
2005-10-11,108,1.67,1.79,1.92,2.05,,2005,daily_treasury_real_yield_curve_2005.xml
2005-10-12,107,1.71,1.83,1.96,2.1,,2005,daily_treasury_real_yield_curve_2005.xml
2005-10-13,102,1.73,1.84,1.96,2.12,,2005,daily_treasury_real_yield_curve_2005.xml
2005-10-14,97,1.71,1.83,1.98,2.1,,2005,daily_treasury_real_yield_curve_2005.xml
2005-10-17,96,1.68,1.81,1.94,2.11,,2005,daily_treasury_real_yield_curve_2005.xml
2005-10-18,95,1.66,1.79,1.92,2.08,,2005,daily_treasury_real_yield_curve_2005.xml
2005-10-19,98,1.66,1.8,1.92,2.11,,2005,daily_treasury_real_yield_curve_2005.xml
2005-10-20,101,1.68,1.81,1.92,2.09,,2005,daily_treasury_real_yield_curve_2005.xml
2005-10-21,100,1.66,1.79,1.89,2.07,,2005,daily_treasury_real_yield_curve_2005.xml
2005-10-24,99,1.71,1.84,1.93,2.11,,2005,daily_treasury_real_yield_curve_2005.xml
2005-10-25,110,1.81,1.94,2.05,2.18,,2005,daily_treasury_real_yield_curve_2005.xml
2005-10-26,121,1.84,1.96,2.06,2.21,,2005,daily_treasury_real_yield_curve_2005.xml
2005-10-27,120,1.81,1.93,2.01,2.15,,2005,daily_treasury_real_yield_curve_2005.xml
2005-10-28,119,1.82,1.93,2.01,2.14,,2005,daily_treasury_real_yield_curve_2005.xml
2005-10-31,122,1.81,1.91,2,2.13,,2005,daily_treasury_real_yield_curve_2005.xml
2005-11-01,125,1.84,1.92,2,2.14,,2005,daily_treasury_real_yield_curve_2005.xml
2005-11-02,124,1.87,1.96,2.02,2.15,,2005,daily_treasury_real_yield_curve_2005.xml
2005-11-03,123,1.91,1.97,2.03,2.18,,2005,daily_treasury_real_yield_curve_2005.xml
2005-11-04,118,1.9,1.99,2.06,2.2,,2005,daily_treasury_real_yield_curve_2005.xml
2005-11-07,113,1.91,1.97,2.03,2.16,,2005,daily_treasury_real_yield_curve_2005.xml
2005-11-08,112,1.9,1.96,2.01,2.13,,2005,daily_treasury_real_yield_curve_2005.xml
2005-11-09,111,1.99,2.04,2.08,2.19,,2005,daily_treasury_real_yield_curve_2005.xml
2005-11-10,114,2.02,2.04,2.07,2.15,,2005,daily_treasury_real_yield_curve_2005.xml
2005-11-14,117,2.1,2.12,2.14,2.21,,2005,daily_treasury_real_yield_curve_2005.xml
2005-11-15,116,2.08,2.1,2.12,2.16,,2005,daily_treasury_real_yield_curve_2005.xml
2005-11-16,115,2.03,2.06,2.07,2.12,,2005,daily_treasury_real_yield_curve_2005.xml
2005-11-17,74,2,2.03,2.04,2.1,,2005,daily_treasury_real_yield_curve_2005.xml
2005-11-18,73,2.05,2.08,2.09,2.15,,2005,daily_treasury_real_yield_curve_2005.xml
2005-11-21,72,1.99,2.06,2.08,2.14,,2005,daily_treasury_real_yield_curve_2005.xml
2005-11-22,75,1.93,2,2.03,2.13,,2005,daily_treasury_real_yield_curve_2005.xml
2005-11-23,78,1.97,2.04,2.08,2.18,,2005,daily_treasury_real_yield_curve_2005.xml
2005-11-25,77,1.94,2.01,2.05,2.15,,2005,daily_treasury_real_yield_curve_2005.xml
2005-11-28,76,1.94,2,2.04,2.13,,2005,daily_treasury_real_yield_curve_2005.xml
2005-11-29,71,2.03,2.08,2.11,2.18,,2005,daily_treasury_real_yield_curve_2005.xml
2005-11-30,66,2.07,2.1,2.12,2.17,,2005,daily_treasury_real_yield_curve_2005.xml
2005-12-01,65,2.08,2.12,2.15,2.21,,2005,daily_treasury_real_yield_curve_2005.xml
2005-12-02,64,2.09,2.13,2.16,2.21,,2005,daily_treasury_real_yield_curve_2005.xml
2005-12-05,67,2.09,2.13,2.17,2.22,,2005,daily_treasury_real_yield_curve_2005.xml
2005-12-06,70,2.06,2.09,2.12,2.18,,2005,daily_treasury_real_yield_curve_2005.xml
2005-12-07,69,2.12,2.15,2.18,2.23,,2005,daily_treasury_real_yield_curve_2005.xml
2005-12-08,68,2.08,2.12,2.14,2.19,,2005,daily_treasury_real_yield_curve_2005.xml
2005-12-09,79,2.13,2.15,2.18,2.23,,2005,daily_treasury_real_yield_curve_2005.xml
2005-12-12,90,2.12,2.15,2.17,2.22,,2005,daily_treasury_real_yield_curve_2005.xml
2005-12-13,89,2.1,2.12,2.16,2.21,,2005,daily_treasury_real_yield_curve_2005.xml
2005-12-14,88,2.04,2.07,2.1,2.15,,2005,daily_treasury_real_yield_curve_2005.xml
2005-12-15,91,2.06,2.09,2.12,2.16,,2005,daily_treasury_real_yield_curve_2005.xml
2005-12-16,94,2.08,2.08,2.11,2.14,,2005,daily_treasury_real_yield_curve_2005.xml
2005-12-19,93,2.09,2.09,2.11,2.12,,2005,daily_treasury_real_yield_curve_2005.xml
2005-12-20,92,2.1,2.1,2.12,2.12,,2005,daily_treasury_real_yield_curve_2005.xml
2005-12-21,87,2.13,2.12,2.14,2.12,,2005,daily_treasury_real_yield_curve_2005.xml
2005-12-22,82,2.1,2.1,2.11,2.09,,2005,daily_treasury_real_yield_curve_2005.xml
2005-12-23,81,2.06,2.06,2.07,2.04,,2005,daily_treasury_real_yield_curve_2005.xml
2005-12-27,80,2.05,2.04,2.05,2.01,,2005,daily_treasury_real_yield_curve_2005.xml
2005-12-28,83,2.09,2.09,2.1,2.05,,2005,daily_treasury_real_yield_curve_2005.xml
2005-12-29,86,2.07,2.06,2.07,2.04,,2005,daily_treasury_real_yield_curve_2005.xml
2005-12-30,85,2.05,2.06,2.06,2.04,,2005,daily_treasury_real_yield_curve_2005.xml
2006-01-03,84,2,2.03,2.03,2.06,,2006,daily_treasury_real_yield_curve_2006.xml
2006-01-04,417,1.97,2.01,2.01,2.02,,2006,daily_treasury_real_yield_curve_2006.xml
2006-01-05,416,2.01,2.04,2.04,2.06,,2006,daily_treasury_real_yield_curve_2006.xml
2006-01-06,415,1.99,2.04,2.05,2.07,,2006,daily_treasury_real_yield_curve_2006.xml
2006-01-09,418,1.97,2.03,2.05,2.09,,2006,daily_treasury_real_yield_curve_2006.xml
2006-01-10,421,1.98,2.03,2.06,2.1,,2006,daily_treasury_real_yield_curve_2006.xml
2006-01-11,420,2,2.03,2.07,2.11,,2006,daily_treasury_real_yield_curve_2006.xml
2006-01-12,419,1.94,1.99,2.01,2.06,,2006,daily_treasury_real_yield_curve_2006.xml
2006-01-13,414,1.9,1.93,1.97,2.03,,2006,daily_treasury_real_yield_curve_2006.xml
2006-01-17,409,1.87,1.89,1.95,2.01,,2006,daily_treasury_real_yield_curve_2006.xml
2006-01-18,408,1.88,1.91,1.97,2.02,,2006,daily_treasury_real_yield_curve_2006.xml
2006-01-19,407,1.9,1.93,1.97,2.04,,2006,daily_treasury_real_yield_curve_2006.xml
2006-01-20,410,1.84,1.88,1.94,1.99,,2006,daily_treasury_real_yield_curve_2006.xml
2006-01-23,413,1.84,1.88,1.94,2,,2006,daily_treasury_real_yield_curve_2006.xml
2006-01-24,412,1.87,1.92,1.97,1.99,,2006,daily_treasury_real_yield_curve_2006.xml
2006-01-25,411,1.98,2.02,2.03,2.1,,2006,daily_treasury_real_yield_curve_2006.xml
2006-01-26,422,1.97,2.02,2.01,2.08,,2006,daily_treasury_real_yield_curve_2006.xml
2006-01-27,433,1.93,1.98,2.02,2.05,,2006,daily_treasury_real_yield_curve_2006.xml
2006-01-30,432,1.92,1.99,2.03,2.07,,2006,daily_treasury_real_yield_curve_2006.xml
2006-01-31,431,1.89,1.95,2,2.02,,2006,daily_treasury_real_yield_curve_2006.xml
2006-02-01,434,1.94,1.98,2.02,2.03,,2006,daily_treasury_real_yield_curve_2006.xml
2006-02-02,437,1.96,2.01,2.04,2.02,,2006,daily_treasury_real_yield_curve_2006.xml
2006-02-03,436,1.93,1.97,2,1.96,,2006,daily_treasury_real_yield_curve_2006.xml
2006-02-06,435,1.93,1.97,2,1.95,,2006,daily_treasury_real_yield_curve_2006.xml
2006-02-07,430,1.95,2,2.02,1.99,,2006,daily_treasury_real_yield_curve_2006.xml
2006-02-08,425,2.01,2.04,2.07,2.02,,2006,daily_treasury_real_yield_curve_2006.xml
2006-02-09,424,2,2.02,2.05,1.99,,2006,daily_treasury_real_yield_curve_2006.xml
2006-02-10,423,2.02,2.05,2.09,2.02,,2006,daily_treasury_real_yield_curve_2006.xml
2006-02-13,426,2.03,2.06,2.08,2.02,,2006,daily_treasury_real_yield_curve_2006.xml
2006-02-14,429,2.09,2.12,2.14,2.08,,2006,daily_treasury_real_yield_curve_2006.xml
2006-02-15,428,2.08,2.11,2.13,2.07,,2006,daily_treasury_real_yield_curve_2006.xml
2006-02-16,427,2.03,2.08,2.1,2.04,,2006,daily_treasury_real_yield_curve_2006.xml
2006-02-17,386,1.95,2,2.03,1.99,,2006,daily_treasury_real_yield_curve_2006.xml
2006-02-21,385,1.97,2.01,2.04,2.01,,2006,daily_treasury_real_yield_curve_2006.xml
2006-02-22,384,1.93,1.98,2.01,1.98,,2006,daily_treasury_real_yield_curve_2006.xml
2006-02-23,387,1.97,2,2.03,2,,2006,daily_treasury_real_yield_curve_2006.xml
2006-02-24,390,1.94,1.98,2.02,1.98,,2006,daily_treasury_real_yield_curve_2006.xml
2006-02-27,389,1.96,2.01,2.04,2.01,,2006,daily_treasury_real_yield_curve_2006.xml
2006-02-28,388,1.93,1.99,2.02,1.98,,2006,daily_treasury_real_yield_curve_2006.xml
2006-03-01,383,1.92,1.98,2.02,2,,2006,daily_treasury_real_yield_curve_2006.xml
2006-03-02,378,1.94,2,2.05,2.03,,2006,daily_treasury_real_yield_curve_2006.xml
2006-03-03,377,1.95,2.02,2.07,2.04,,2006,daily_treasury_real_yield_curve_2006.xml
2006-03-06,376,2.03,2.09,2.14,2.11,,2006,daily_treasury_real_yield_curve_2006.xml
2006-03-07,379,2.05,2.11,2.16,2.11,,2006,daily_treasury_real_yield_curve_2006.xml
2006-03-08,382,2.09,2.16,2.2,2.15,,2006,daily_treasury_real_yield_curve_2006.xml
2006-03-09,381,2.09,2.15,2.2,2.15,,2006,daily_treasury_real_yield_curve_2006.xml
2006-03-10,380,2.15,2.19,2.23,2.17,,2006,daily_treasury_real_yield_curve_2006.xml
2006-03-13,391,2.17,2.2,2.24,2.2,,2006,daily_treasury_real_yield_curve_2006.xml
2006-03-14,402,2.07,2.13,2.17,2.15,,2006,daily_treasury_real_yield_curve_2006.xml
2006-03-15,401,2.07,2.13,2.18,2.17,,2006,daily_treasury_real_yield_curve_2006.xml
2006-03-16,400,1.98,2.05,2.12,2.13,,2006,daily_treasury_real_yield_curve_2006.xml
2006-03-17,403,2,2.09,2.16,2.16,,2006,daily_treasury_real_yield_curve_2006.xml
2006-03-20,406,2.01,2.09,2.15,2.15,,2006,daily_treasury_real_yield_curve_2006.xml
2006-03-21,405,2.11,2.17,2.23,2.21,,2006,daily_treasury_real_yield_curve_2006.xml
2006-03-22,404,2.13,2.17,2.23,2.2,,2006,daily_treasury_real_yield_curve_2006.xml
2006-03-23,399,2.15,2.19,2.24,2.21,,2006,daily_treasury_real_yield_curve_2006.xml
2006-03-24,394,2.11,2.15,2.2,2.16,,2006,daily_treasury_real_yield_curve_2006.xml
2006-03-27,393,2.14,2.18,2.23,2.21,,2006,daily_treasury_real_yield_curve_2006.xml
2006-03-28,392,2.22,2.25,2.3,2.28,,2006,daily_treasury_real_yield_curve_2006.xml
2006-03-29,395,2.24,2.27,2.32,2.31,,2006,daily_treasury_real_yield_curve_2006.xml
2006-03-30,398,2.25,2.31,2.35,2.34,,2006,daily_treasury_real_yield_curve_2006.xml
2006-03-31,397,2.24,2.3,2.35,2.33,,2006,daily_treasury_real_yield_curve_2006.xml
2006-04-03,396,2.26,2.32,2.36,2.34,,2006,daily_treasury_real_yield_curve_2006.xml
2006-04-04,438,2.27,2.33,2.38,2.36,,2006,daily_treasury_real_yield_curve_2006.xml
2006-04-05,480,2.23,2.29,2.34,2.33,,2006,daily_treasury_real_yield_curve_2006.xml
2006-04-06,479,2.25,2.32,2.38,2.37,,2006,daily_treasury_real_yield_curve_2006.xml
2006-04-07,478,2.31,2.37,2.43,2.43,,2006,daily_treasury_real_yield_curve_2006.xml
2006-04-10,481,2.29,2.35,2.41,2.42,,2006,daily_treasury_real_yield_curve_2006.xml
2006-04-11,484,2.23,2.31,2.37,2.39,,2006,daily_treasury_real_yield_curve_2006.xml
2006-04-12,483,2.25,2.34,2.41,2.44,,2006,daily_treasury_real_yield_curve_2006.xml
2006-04-13,482,2.31,2.41,2.48,2.5,,2006,daily_treasury_real_yield_curve_2006.xml
2006-04-17,477,2.25,2.35,2.43,2.45,,2006,daily_treasury_real_yield_curve_2006.xml
2006-04-18,472,2.18,2.3,2.38,2.42,,2006,daily_treasury_real_yield_curve_2006.xml
2006-04-19,471,2.16,2.29,2.38,2.44,,2006,daily_treasury_real_yield_curve_2006.xml
2006-04-20,470,2.2,2.32,2.42,2.46,,2006,daily_treasury_real_yield_curve_2006.xml
2006-04-21,473,2.19,2.3,2.39,2.43,,2006,daily_treasury_real_yield_curve_2006.xml
2006-04-24,476,2.21,2.31,2.39,2.43,,2006,daily_treasury_real_yield_curve_2006.xml
2006-04-25,475,2.38,2.39,2.47,2.51,,2006,daily_treasury_real_yield_curve_2006.xml
2006-04-26,474,2.39,2.43,2.51,2.54,,2006,daily_treasury_real_yield_curve_2006.xml
2006-04-27,485,2.33,2.36,2.45,2.5,,2006,daily_treasury_real_yield_curve_2006.xml
2006-04-28,496,2.25,2.29,2.39,2.44,,2006,daily_treasury_real_yield_curve_2006.xml
2006-05-01,495,2.27,2.33,2.42,2.48,,2006,daily_treasury_real_yield_curve_2006.xml
2006-05-02,494,2.27,2.34,2.43,2.49,,2006,daily_treasury_real_yield_curve_2006.xml
2006-05-03,497,2.3,2.37,2.47,2.52,,2006,daily_treasury_real_yield_curve_2006.xml
2006-05-04,500,2.34,2.4,2.49,2.54,,2006,daily_treasury_real_yield_curve_2006.xml
2006-05-05,499,2.29,2.35,2.45,2.51,,2006,daily_treasury_real_yield_curve_2006.xml
2006-05-08,498,2.32,2.36,2.45,2.49,,2006,daily_treasury_real_yield_curve_2006.xml
2006-05-09,493,2.29,2.35,2.43,2.48,,2006,daily_treasury_real_yield_curve_2006.xml
2006-05-10,488,2.3,2.34,2.43,2.46,,2006,daily_treasury_real_yield_curve_2006.xml
2006-05-11,487,2.26,2.33,2.43,2.47,,2006,daily_treasury_real_yield_curve_2006.xml
2006-05-12,486,2.3,2.37,2.47,2.51,,2006,daily_treasury_real_yield_curve_2006.xml
2006-05-15,489,2.33,2.39,2.47,2.51,,2006,daily_treasury_real_yield_curve_2006.xml
2006-05-16,492,2.3,2.35,2.44,2.47,,2006,daily_treasury_real_yield_curve_2006.xml
2006-05-17,491,2.32,2.38,2.47,2.52,,2006,daily_treasury_real_yield_curve_2006.xml
2006-05-18,490,2.27,2.32,2.41,2.45,,2006,daily_treasury_real_yield_curve_2006.xml
2006-05-19,449,2.31,2.34,2.43,2.44,,2006,daily_treasury_real_yield_curve_2006.xml
2006-05-22,448,2.31,2.35,2.43,2.45,,2006,daily_treasury_real_yield_curve_2006.xml
2006-05-23,447,2.3,2.36,2.44,2.46,,2006,daily_treasury_real_yield_curve_2006.xml
2006-05-24,450,2.29,2.34,2.42,2.44,,2006,daily_treasury_real_yield_curve_2006.xml
2006-05-25,453,2.33,2.38,2.46,2.48,,2006,daily_treasury_real_yield_curve_2006.xml
2006-05-26,452,2.3,2.36,2.44,2.47,,2006,daily_treasury_real_yield_curve_2006.xml
2006-05-30,451,2.32,2.37,2.45,2.49,,2006,daily_treasury_real_yield_curve_2006.xml
2006-05-31,446,2.36,2.4,2.48,2.5,,2006,daily_treasury_real_yield_curve_2006.xml
2006-06-01,441,2.34,2.39,2.46,2.49,,2006,daily_treasury_real_yield_curve_2006.xml
2006-06-02,440,2.24,2.3,2.37,2.41,,2006,daily_treasury_real_yield_curve_2006.xml
2006-06-05,439,2.29,2.32,2.4,2.42,,2006,daily_treasury_real_yield_curve_2006.xml
2006-06-06,442,2.33,2.37,2.44,2.47,,2006,daily_treasury_real_yield_curve_2006.xml
2006-06-07,445,2.38,2.42,2.48,2.51,,2006,daily_treasury_real_yield_curve_2006.xml
2006-06-08,444,2.37,2.4,2.47,2.49,,2006,daily_treasury_real_yield_curve_2006.xml
2006-06-09,443,2.35,2.38,2.45,2.46,,2006,daily_treasury_real_yield_curve_2006.xml
2006-06-12,454,2.37,2.39,2.45,2.46,,2006,daily_treasury_real_yield_curve_2006.xml
2006-06-13,465,2.37,2.38,2.44,2.45,,2006,daily_treasury_real_yield_curve_2006.xml
2006-06-14,464,2.42,2.44,2.5,2.5,,2006,daily_treasury_real_yield_curve_2006.xml
2006-06-15,463,2.44,2.47,2.52,2.52,,2006,daily_treasury_real_yield_curve_2006.xml
2006-06-16,466,2.47,2.5,2.54,2.54,,2006,daily_treasury_real_yield_curve_2006.xml
2006-06-19,469,2.51,2.53,2.58,2.56,,2006,daily_treasury_real_yield_curve_2006.xml
2006-06-20,468,2.52,2.54,2.58,2.57,,2006,daily_treasury_real_yield_curve_2006.xml
2006-06-21,467,2.53,2.55,2.59,2.58,,2006,daily_treasury_real_yield_curve_2006.xml
2006-06-22,462,2.56,2.56,2.61,2.6,,2006,daily_treasury_real_yield_curve_2006.xml
2006-06-23,457,2.58,2.6,2.64,2.63,,2006,daily_treasury_real_yield_curve_2006.xml
2006-06-26,456,2.61,2.63,2.67,2.66,,2006,daily_treasury_real_yield_curve_2006.xml
2006-06-27,455,2.58,2.59,2.63,2.63,,2006,daily_treasury_real_yield_curve_2006.xml
2006-06-28,458,2.64,2.64,2.68,2.68,,2006,daily_treasury_real_yield_curve_2006.xml
2006-06-29,461,2.57,2.57,2.61,2.64,,2006,daily_treasury_real_yield_curve_2006.xml
2006-06-30,460,2.47,2.49,2.54,2.56,,2006,daily_treasury_real_yield_curve_2006.xml
2006-07-03,459,2.49,2.51,2.56,2.58,,2006,daily_treasury_real_yield_curve_2006.xml
2006-07-05,292,2.57,2.58,2.63,2.64,,2006,daily_treasury_real_yield_curve_2006.xml
2006-07-06,291,2.52,2.55,2.59,2.61,,2006,daily_treasury_real_yield_curve_2006.xml
2006-07-07,290,2.47,2.5,2.55,2.56,,2006,daily_treasury_real_yield_curve_2006.xml
2006-07-10,293,2.49,2.52,2.56,2.56,,2006,daily_treasury_real_yield_curve_2006.xml
2006-07-11,296,2.48,2.5,2.53,2.55,,2006,daily_treasury_real_yield_curve_2006.xml
2006-07-12,295,2.49,2.52,2.54,2.55,,2006,daily_treasury_real_yield_curve_2006.xml
2006-07-13,294,2.46,2.48,2.51,2.52,,2006,daily_treasury_real_yield_curve_2006.xml
2006-07-14,289,2.44,2.46,2.5,2.51,,2006,daily_treasury_real_yield_curve_2006.xml
2006-07-17,284,2.45,2.47,2.49,2.5,,2006,daily_treasury_real_yield_curve_2006.xml
2006-07-18,283,2.52,2.53,2.55,2.56,,2006,daily_treasury_real_yield_curve_2006.xml
2006-07-19,282,2.45,2.46,2.49,2.5,,2006,daily_treasury_real_yield_curve_2006.xml
2006-07-20,285,2.4,2.43,2.45,2.47,,2006,daily_treasury_real_yield_curve_2006.xml
2006-07-21,288,2.42,2.45,2.49,2.5,,2006,daily_treasury_real_yield_curve_2006.xml
2006-07-24,287,2.44,2.47,2.49,2.51,,2006,daily_treasury_real_yield_curve_2006.xml
2006-07-25,286,2.45,2.46,2.48,2.49,,2006,daily_treasury_real_yield_curve_2006.xml
2006-07-26,297,2.41,2.43,2.44,2.45,,2006,daily_treasury_real_yield_curve_2006.xml
2006-07-27,308,2.41,2.45,2.47,2.45,,2006,daily_treasury_real_yield_curve_2006.xml
2006-07-28,307,2.38,2.4,2.41,2.42,,2006,daily_treasury_real_yield_curve_2006.xml
2006-07-31,306,2.37,2.4,2.41,2.42,,2006,daily_treasury_real_yield_curve_2006.xml
2006-08-01,309,2.35,2.38,2.4,2.42,,2006,daily_treasury_real_yield_curve_2006.xml
2006-08-02,312,2.3,2.34,2.36,2.39,,2006,daily_treasury_real_yield_curve_2006.xml
2006-08-03,311,2.31,2.34,2.35,2.38,,2006,daily_treasury_real_yield_curve_2006.xml
2006-08-04,310,2.25,2.28,2.3,2.33,,2006,daily_treasury_real_yield_curve_2006.xml
2006-08-07,305,2.25,2.27,2.29,2.31,,2006,daily_treasury_real_yield_curve_2006.xml
2006-08-08,300,2.23,2.26,2.27,2.3,,2006,daily_treasury_real_yield_curve_2006.xml
2006-08-09,299,2.21,2.25,2.28,2.31,,2006,daily_treasury_real_yield_curve_2006.xml
2006-08-10,298,2.24,2.28,2.3,2.34,,2006,daily_treasury_real_yield_curve_2006.xml
2006-08-11,301,2.27,2.3,2.33,2.36,,2006,daily_treasury_real_yield_curve_2006.xml
2006-08-14,304,2.31,2.34,2.36,2.39,,2006,daily_treasury_real_yield_curve_2006.xml
2006-08-15,303,2.27,2.3,2.32,2.35,,2006,daily_treasury_real_yield_curve_2006.xml
2006-08-16,302,2.25,2.26,2.28,2.32,,2006,daily_treasury_real_yield_curve_2006.xml
2006-08-17,261,2.27,2.28,2.28,2.32,,2006,daily_treasury_real_yield_curve_2006.xml
2006-08-18,260,2.23,2.25,2.26,2.3,,2006,daily_treasury_real_yield_curve_2006.xml
2006-08-21,259,2.22,2.23,2.23,2.27,,2006,daily_treasury_real_yield_curve_2006.xml
2006-08-22,262,2.21,2.22,2.22,2.24,,2006,daily_treasury_real_yield_curve_2006.xml
2006-08-23,265,2.25,2.26,2.25,2.26,,2006,daily_treasury_real_yield_curve_2006.xml
2006-08-24,264,2.29,2.29,2.28,2.27,,2006,daily_treasury_real_yield_curve_2006.xml
2006-08-25,263,2.26,2.26,2.24,2.25,,2006,daily_treasury_real_yield_curve_2006.xml
2006-08-28,258,2.31,2.3,2.28,2.28,,2006,daily_treasury_real_yield_curve_2006.xml
2006-08-29,253,2.3,2.31,2.29,2.28,,2006,daily_treasury_real_yield_curve_2006.xml
2006-08-30,252,2.31,2.3,2.28,2.26,,2006,daily_treasury_real_yield_curve_2006.xml
2006-08-31,251,2.26,2.26,2.24,2.23,,2006,daily_treasury_real_yield_curve_2006.xml
2006-09-01,254,2.28,2.27,2.25,2.24,,2006,daily_treasury_real_yield_curve_2006.xml
2006-09-05,257,2.34,2.33,2.31,2.31,,2006,daily_treasury_real_yield_curve_2006.xml
2006-09-06,256,2.34,2.34,2.32,2.32,,2006,daily_treasury_real_yield_curve_2006.xml
2006-09-07,255,2.38,2.36,2.34,2.33,,2006,daily_treasury_real_yield_curve_2006.xml
2006-09-08,266,2.39,2.37,2.35,2.34,,2006,daily_treasury_real_yield_curve_2006.xml
2006-09-11,277,2.43,2.42,2.38,2.37,,2006,daily_treasury_real_yield_curve_2006.xml
2006-09-12,276,2.41,2.4,2.36,2.34,,2006,daily_treasury_real_yield_curve_2006.xml
2006-09-13,275,2.39,2.38,2.35,2.33,,2006,daily_treasury_real_yield_curve_2006.xml
2006-09-14,278,2.39,2.38,2.35,2.32,,2006,daily_treasury_real_yield_curve_2006.xml
2006-09-15,281,2.45,2.42,2.38,2.36,,2006,daily_treasury_real_yield_curve_2006.xml
2006-09-18,280,2.46,2.43,2.39,2.37,,2006,daily_treasury_real_yield_curve_2006.xml
2006-09-19,279,2.42,2.38,2.35,2.33,,2006,daily_treasury_real_yield_curve_2006.xml
2006-09-20,274,2.48,2.43,2.39,2.35,,2006,daily_treasury_real_yield_curve_2006.xml
2006-09-21,269,2.4,2.35,2.31,2.3,,2006,daily_treasury_real_yield_curve_2006.xml
2006-09-22,268,2.35,2.3,2.27,2.25,,2006,daily_treasury_real_yield_curve_2006.xml
2006-09-25,267,2.32,2.27,2.24,2.22,,2006,daily_treasury_real_yield_curve_2006.xml
2006-09-26,270,2.32,2.29,2.25,2.24,,2006,daily_treasury_real_yield_curve_2006.xml
2006-09-27,273,2.32,2.29,2.26,2.25,,2006,daily_treasury_real_yield_curve_2006.xml
2006-09-28,272,2.33,2.3,2.27,2.26,,2006,daily_treasury_real_yield_curve_2006.xml
2006-09-29,271,2.34,2.3,2.27,2.27,,2006,daily_treasury_real_yield_curve_2006.xml
2006-10-02,313,2.31,2.28,2.27,2.26,,2006,daily_treasury_real_yield_curve_2006.xml
2006-10-03,355,2.35,2.3,2.29,2.28,,2006,daily_treasury_real_yield_curve_2006.xml
2006-10-04,354,2.33,2.28,2.27,2.24,,2006,daily_treasury_real_yield_curve_2006.xml
2006-10-05,353,2.38,2.33,2.31,2.27,,2006,daily_treasury_real_yield_curve_2006.xml
2006-10-06,356,2.46,2.4,2.37,2.32,,2006,daily_treasury_real_yield_curve_2006.xml
2006-10-10,359,2.51,2.46,2.42,2.37,,2006,daily_treasury_real_yield_curve_2006.xml
2006-10-11,358,2.54,2.49,2.45,2.41,,2006,daily_treasury_real_yield_curve_2006.xml
2006-10-12,357,2.54,2.48,2.44,2.42,,2006,daily_treasury_real_yield_curve_2006.xml
2006-10-13,352,2.57,2.5,2.47,2.44,,2006,daily_treasury_real_yield_curve_2006.xml
2006-10-16,347,2.56,2.48,2.45,2.43,,2006,daily_treasury_real_yield_curve_2006.xml
2006-10-17,346,2.56,2.49,2.46,2.43,,2006,daily_treasury_real_yield_curve_2006.xml
2006-10-18,345,2.58,2.5,2.46,2.43,,2006,daily_treasury_real_yield_curve_2006.xml
2006-10-19,348,2.61,2.54,2.49,2.46,,2006,daily_treasury_real_yield_curve_2006.xml
2006-10-20,351,2.61,2.54,2.49,2.46,,2006,daily_treasury_real_yield_curve_2006.xml
2006-10-23,350,2.65,2.57,2.53,2.5,,2006,daily_treasury_real_yield_curve_2006.xml
2006-10-24,349,2.63,2.56,2.52,2.49,,2006,daily_treasury_real_yield_curve_2006.xml
2006-10-25,360,2.55,2.49,2.44,2.41,,2006,daily_treasury_real_yield_curve_2006.xml
2006-10-26,371,2.52,2.46,2.41,2.36,,2006,daily_treasury_real_yield_curve_2006.xml
2006-10-27,370,2.48,2.42,2.37,2.33,,2006,daily_treasury_real_yield_curve_2006.xml
2006-10-30,369,2.51,2.44,2.39,2.34,,2006,daily_treasury_real_yield_curve_2006.xml
2006-10-31,372,2.47,2.4,2.34,2.28,,2006,daily_treasury_real_yield_curve_2006.xml
2006-11-01,375,2.41,2.34,2.29,2.24,,2006,daily_treasury_real_yield_curve_2006.xml
2006-11-02,374,2.44,2.38,2.32,2.28,,2006,daily_treasury_real_yield_curve_2006.xml
2006-11-03,373,2.52,2.45,2.4,2.34,,2006,daily_treasury_real_yield_curve_2006.xml
2006-11-06,368,2.48,2.41,2.36,2.29,,2006,daily_treasury_real_yield_curve_2006.xml
2006-11-07,363,2.44,2.37,2.32,2.26,,2006,daily_treasury_real_yield_curve_2006.xml
2006-11-08,362,2.41,2.34,2.29,2.22,,2006,daily_treasury_real_yield_curve_2006.xml
2006-11-09,361,2.41,2.34,2.28,2.23,,2006,daily_treasury_real_yield_curve_2006.xml
2006-11-10,364,2.37,2.31,2.25,2.19,,2006,daily_treasury_real_yield_curve_2006.xml
2006-11-13,367,2.42,2.35,2.29,2.22,,2006,daily_treasury_real_yield_curve_2006.xml
2006-11-14,366,2.41,2.34,2.28,2.19,,2006,daily_treasury_real_yield_curve_2006.xml
2006-11-15,365,2.45,2.37,2.3,2.22,,2006,daily_treasury_real_yield_curve_2006.xml
2006-11-16,324,2.53,2.44,2.38,2.28,,2006,daily_treasury_real_yield_curve_2006.xml
2006-11-17,323,2.48,2.39,2.33,2.25,,2006,daily_treasury_real_yield_curve_2006.xml
2006-11-20,322,2.47,2.39,2.33,2.25,,2006,daily_treasury_real_yield_curve_2006.xml
2006-11-21,325,2.43,2.37,2.31,2.24,,2006,daily_treasury_real_yield_curve_2006.xml
2006-11-22,328,2.42,2.35,2.3,2.24,,2006,daily_treasury_real_yield_curve_2006.xml
2006-11-24,327,2.38,2.33,2.27,2.21,,2006,daily_treasury_real_yield_curve_2006.xml
2006-11-27,326,2.33,2.29,2.24,2.19,,2006,daily_treasury_real_yield_curve_2006.xml
2006-11-28,321,2.28,2.26,2.21,2.17,,2006,daily_treasury_real_yield_curve_2006.xml
2006-11-29,316,2.28,2.26,2.22,2.19,,2006,daily_treasury_real_yield_curve_2006.xml
2006-11-30,315,2.21,2.19,2.16,2.13,,2006,daily_treasury_real_yield_curve_2006.xml
2006-12-01,314,2.12,2.13,2.1,2.09,,2006,daily_treasury_real_yield_curve_2006.xml
2006-12-04,317,2.13,2.14,2.11,2.1,,2006,daily_treasury_real_yield_curve_2006.xml
2006-12-05,320,2.12,2.14,2.11,2.12,,2006,daily_treasury_real_yield_curve_2006.xml
2006-12-06,319,2.17,2.17,2.14,2.15,,2006,daily_treasury_real_yield_curve_2006.xml
2006-12-07,318,2.18,2.18,2.15,2.17,,2006,daily_treasury_real_yield_curve_2006.xml
2006-12-08,329,2.25,2.24,2.21,2.22,,2006,daily_treasury_real_yield_curve_2006.xml
2006-12-11,340,2.21,2.2,2.17,2.18,,2006,daily_treasury_real_yield_curve_2006.xml
2006-12-12,339,2.18,2.17,2.15,2.16,,2006,daily_treasury_real_yield_curve_2006.xml
2006-12-13,338,2.26,2.26,2.22,2.23,,2006,daily_treasury_real_yield_curve_2006.xml
2006-12-14,341,2.26,2.26,2.23,2.24,,2006,daily_treasury_real_yield_curve_2006.xml
2006-12-15,344,2.32,2.31,2.29,2.28,,2006,daily_treasury_real_yield_curve_2006.xml
2006-12-18,343,2.35,2.35,2.31,2.31,,2006,daily_treasury_real_yield_curve_2006.xml
2006-12-19,342,2.34,2.34,2.31,2.32,,2006,daily_treasury_real_yield_curve_2006.xml
2006-12-20,337,2.35,2.35,2.32,2.33,,2006,daily_treasury_real_yield_curve_2006.xml
2006-12-21,332,2.33,2.33,2.29,2.31,,2006,daily_treasury_real_yield_curve_2006.xml
2006-12-22,331,2.38,2.38,2.35,2.37,,2006,daily_treasury_real_yield_curve_2006.xml
2006-12-26,330,2.37,2.37,2.34,2.34,,2006,daily_treasury_real_yield_curve_2006.xml
2006-12-27,333,2.44,2.43,2.39,2.39,,2006,daily_treasury_real_yield_curve_2006.xml
2006-12-28,336,2.46,2.45,2.41,2.4,,2006,daily_treasury_real_yield_curve_2006.xml
2006-12-29,335,2.44,2.45,2.41,2.4,,2006,daily_treasury_real_yield_curve_2006.xml
2007-01-02,334,2.41,2.42,2.38,2.36,,2007,daily_treasury_real_yield_curve_2007.xml
2007-01-03,1002,2.39,2.4,2.36,2.35,,2007,daily_treasury_real_yield_curve_2007.xml
2007-01-04,1670,2.39,2.39,2.36,2.34,,2007,daily_treasury_real_yield_curve_2007.xml
2007-01-05,1669,2.41,2.41,2.38,2.36,,2007,daily_treasury_real_yield_curve_2007.xml
2007-01-08,1668,2.42,2.42,2.38,2.37,,2007,daily_treasury_real_yield_curve_2007.xml
2007-01-09,1671,2.43,2.42,2.39,2.38,,2007,daily_treasury_real_yield_curve_2007.xml
2007-01-10,1674,2.46,2.46,2.42,2.41,,2007,daily_treasury_real_yield_curve_2007.xml
2007-01-11,1673,2.5,2.5,2.43,2.46,,2007,daily_treasury_real_yield_curve_2007.xml
2007-01-12,1672,2.53,2.53,2.49,2.5,,2007,daily_treasury_real_yield_curve_2007.xml
2007-01-16,1667,2.52,2.51,2.48,2.47,,2007,daily_treasury_real_yield_curve_2007.xml
2007-01-17,1662,2.54,2.53,2.5,2.5,,2007,daily_treasury_real_yield_curve_2007.xml
2007-01-18,1661,2.52,2.49,2.47,2.45,,2007,daily_treasury_real_yield_curve_2007.xml
2007-01-19,1660,2.53,2.51,2.47,2.45,,2007,daily_treasury_real_yield_curve_2007.xml
2007-01-22,1663,2.48,2.47,2.44,2.42,,2007,daily_treasury_real_yield_curve_2007.xml
2007-01-23,1666,2.5,2.49,2.46,2.41,,2007,daily_treasury_real_yield_curve_2007.xml
2007-01-24,1665,2.47,2.46,2.44,2.4,,2007,daily_treasury_real_yield_curve_2007.xml
2007-01-25,1664,2.52,2.51,2.48,2.46,,2007,daily_treasury_real_yield_curve_2007.xml
2007-01-26,1675,2.51,2.5,2.48,2.47,,2007,daily_treasury_real_yield_curve_2007.xml
2007-01-29,1686,2.52,2.53,2.5,2.49,,2007,daily_treasury_real_yield_curve_2007.xml
2007-01-30,1685,2.47,2.49,2.46,2.45,,2007,daily_treasury_real_yield_curve_2007.xml
2007-01-31,1684,2.4,2.42,2.4,2.4,,2007,daily_treasury_real_yield_curve_2007.xml
2007-02-01,1687,2.43,2.44,2.42,2.42,,2007,daily_treasury_real_yield_curve_2007.xml
2007-02-02,1690,2.4,2.45,2.42,2.42,,2007,daily_treasury_real_yield_curve_2007.xml
2007-02-05,1689,2.4,2.43,2.41,2.41,,2007,daily_treasury_real_yield_curve_2007.xml
2007-02-06,1688,2.38,2.42,2.4,2.41,,2007,daily_treasury_real_yield_curve_2007.xml
2007-02-07,1683,2.38,2.42,2.4,2.4,,2007,daily_treasury_real_yield_curve_2007.xml
2007-02-08,1678,2.37,2.41,2.39,2.39,,2007,daily_treasury_real_yield_curve_2007.xml
2007-02-09,1677,2.41,2.45,2.43,2.43,,2007,daily_treasury_real_yield_curve_2007.xml
2007-02-12,1676,2.46,2.49,2.46,2.47,,2007,daily_treasury_real_yield_curve_2007.xml
2007-02-13,1679,2.45,2.48,2.46,2.47,,2007,daily_treasury_real_yield_curve_2007.xml
2007-02-14,1682,2.38,2.41,2.38,2.4,,2007,daily_treasury_real_yield_curve_2007.xml
2007-02-15,1681,2.38,2.41,2.38,2.39,,2007,daily_treasury_real_yield_curve_2007.xml
2007-02-16,1680,2.36,2.38,2.36,2.38,,2007,daily_treasury_real_yield_curve_2007.xml
2007-02-20,1639,2.35,2.38,2.36,2.37,,2007,daily_treasury_real_yield_curve_2007.xml
2007-02-21,1638,2.34,2.36,2.33,2.36,,2007,daily_treasury_real_yield_curve_2007.xml
2007-02-22,1637,2.33,2.37,2.35,2.38,,2007,daily_treasury_real_yield_curve_2007.xml
2007-02-23,1640,2.26,2.32,2.3,2.34,,2007,daily_treasury_real_yield_curve_2007.xml
2007-02-26,1643,2.21,2.26,2.26,2.29,,2007,daily_treasury_real_yield_curve_2007.xml
2007-02-27,1642,2.07,2.13,2.14,2.19,,2007,daily_treasury_real_yield_curve_2007.xml
2007-02-28,1641,2.12,2.19,2.2,2.24,,2007,daily_treasury_real_yield_curve_2007.xml
2007-03-01,1636,2.11,2.18,2.19,2.23,,2007,daily_treasury_real_yield_curve_2007.xml
2007-03-02,1631,2.06,2.14,2.15,2.21,,2007,daily_treasury_real_yield_curve_2007.xml
2007-03-05,1630,2.06,2.15,2.17,2.22,,2007,daily_treasury_real_yield_curve_2007.xml
2007-03-06,1629,2.08,2.17,2.19,2.24,,2007,daily_treasury_real_yield_curve_2007.xml
2007-03-07,1632,2.05,2.14,2.16,2.22,,2007,daily_treasury_real_yield_curve_2007.xml
2007-03-08,1635,2.06,2.15,2.17,2.24,,2007,daily_treasury_real_yield_curve_2007.xml
2007-03-09,1634,2.13,2.23,2.25,2.31,,2007,daily_treasury_real_yield_curve_2007.xml
2007-03-12,1633,2.1,2.2,2.22,2.3,,2007,daily_treasury_real_yield_curve_2007.xml
2007-03-13,1644,2.01,2.11,2.15,2.26,,2007,daily_treasury_real_yield_curve_2007.xml
2007-03-14,1655,2.03,2.13,2.18,2.29,,2007,daily_treasury_real_yield_curve_2007.xml
2007-03-15,1654,2.04,2.13,2.17,2.26,,2007,daily_treasury_real_yield_curve_2007.xml
2007-03-16,1653,2.03,2.12,2.16,2.26,,2007,daily_treasury_real_yield_curve_2007.xml
2007-03-19,1656,2.04,2.14,2.18,2.28,,2007,daily_treasury_real_yield_curve_2007.xml
2007-03-20,1659,2.02,2.12,2.17,2.29,,2007,daily_treasury_real_yield_curve_2007.xml
2007-03-21,1658,1.99,2.1,2.14,2.25,,2007,daily_treasury_real_yield_curve_2007.xml
2007-03-22,1657,2.02,2.12,2.17,2.28,,2007,daily_treasury_real_yield_curve_2007.xml
2007-03-23,1652,2.03,2.14,2.19,2.29,,2007,daily_treasury_real_yield_curve_2007.xml
2007-03-26,1647,2,2.11,2.16,2.26,,2007,daily_treasury_real_yield_curve_2007.xml
2007-03-27,1646,1.99,2.1,2.16,2.27,,2007,daily_treasury_real_yield_curve_2007.xml
2007-03-28,1645,1.98,2.11,2.17,2.3,,2007,daily_treasury_real_yield_curve_2007.xml
2007-03-29,1648,2,2.12,2.18,2.3,,2007,daily_treasury_real_yield_curve_2007.xml
2007-03-30,1651,2.03,2.15,2.21,2.32,,2007,daily_treasury_real_yield_curve_2007.xml
2007-04-02,1650,2.04,2.15,2.21,2.31,,2007,daily_treasury_real_yield_curve_2007.xml
2007-04-03,1649,2.09,2.2,2.25,2.34,,2007,daily_treasury_real_yield_curve_2007.xml
2007-04-04,1691,2.06,2.17,2.23,2.33,,2007,daily_treasury_real_yield_curve_2007.xml
2007-04-05,1733,2.06,2.16,2.22,2.34,,2007,daily_treasury_real_yield_curve_2007.xml
2007-04-06,1732,2.12,2.22,2.27,2.37,,2007,daily_treasury_real_yield_curve_2007.xml
2007-04-09,1731,2.14,2.23,2.27,2.38,,2007,daily_treasury_real_yield_curve_2007.xml
2007-04-10,1734,2.12,2.22,2.27,2.37,,2007,daily_treasury_real_yield_curve_2007.xml
2007-04-11,1737,2.14,2.23,2.28,2.38,,2007,daily_treasury_real_yield_curve_2007.xml
2007-04-12,1736,2.14,2.23,2.28,2.39,,2007,daily_treasury_real_yield_curve_2007.xml
2007-04-13,1735,2.18,2.26,2.31,2.41,,2007,daily_treasury_real_yield_curve_2007.xml
2007-04-16,1730,2.18,2.25,2.3,2.39,,2007,daily_treasury_real_yield_curve_2007.xml
2007-04-17,1725,2.17,2.24,2.29,2.35,,2007,daily_treasury_real_yield_curve_2007.xml
2007-04-18,1724,2.15,2.23,2.26,2.34,,2007,daily_treasury_real_yield_curve_2007.xml
2007-04-19,1723,2.13,2.22,2.27,2.35,,2007,daily_treasury_real_yield_curve_2007.xml
2007-04-20,1726,2.13,2.22,2.27,2.35,,2007,daily_treasury_real_yield_curve_2007.xml
2007-04-23,1729,2.09,2.19,2.25,2.33,,2007,daily_treasury_real_yield_curve_2007.xml
2007-04-24,1728,2.09,2.15,2.21,2.32,,2007,daily_treasury_real_yield_curve_2007.xml
2007-04-25,1727,2.1,2.16,2.22,2.34,,2007,daily_treasury_real_yield_curve_2007.xml
2007-04-26,1738,2.13,2.19,2.26,2.37,,2007,daily_treasury_real_yield_curve_2007.xml
2007-04-27,1749,2.12,2.18,2.25,2.37,,2007,daily_treasury_real_yield_curve_2007.xml
2007-04-30,1748,2.06,2.13,2.2,2.31,,2007,daily_treasury_real_yield_curve_2007.xml
2007-05-01,1747,2.07,2.12,2.19,2.32,,2007,daily_treasury_real_yield_curve_2007.xml
2007-05-02,1750,2.08,2.15,2.22,2.33,,2007,daily_treasury_real_yield_curve_2007.xml
2007-05-03,1753,2.14,2.18,2.25,2.34,,2007,daily_treasury_real_yield_curve_2007.xml
2007-05-04,1752,2.13,2.17,2.24,2.35,,2007,daily_treasury_real_yield_curve_2007.xml
2007-05-07,1751,2.18,2.21,2.27,2.36,,2007,daily_treasury_real_yield_curve_2007.xml
2007-05-08,1746,2.16,2.21,2.27,2.37,,2007,daily_treasury_real_yield_curve_2007.xml
2007-05-09,1741,2.2,2.24,2.29,2.39,,2007,daily_treasury_real_yield_curve_2007.xml
2007-05-10,1740,2.15,2.2,2.27,2.38,,2007,daily_treasury_real_yield_curve_2007.xml
2007-05-11,1739,2.2,2.23,2.3,2.41,,2007,daily_treasury_real_yield_curve_2007.xml
2007-05-14,1742,2.2,2.25,2.32,2.42,,2007,daily_treasury_real_yield_curve_2007.xml
2007-05-15,1745,2.28,2.32,2.37,2.47,,2007,daily_treasury_real_yield_curve_2007.xml
2007-05-16,1744,2.28,2.32,2.38,2.46,,2007,daily_treasury_real_yield_curve_2007.xml
2007-05-17,1743,2.32,2.35,2.41,2.49,,2007,daily_treasury_real_yield_curve_2007.xml
2007-05-18,1702,2.37,2.41,2.46,2.52,,2007,daily_treasury_real_yield_curve_2007.xml
2007-05-21,1701,2.36,2.38,2.43,2.49,,2007,daily_treasury_real_yield_curve_2007.xml
2007-05-22,1700,2.42,2.43,2.48,2.54,,2007,daily_treasury_real_yield_curve_2007.xml
2007-05-23,1703,2.44,2.45,2.5,2.55,,2007,daily_treasury_real_yield_curve_2007.xml
2007-05-24,1706,2.43,2.42,2.48,2.52,,2007,daily_treasury_real_yield_curve_2007.xml
2007-05-25,1705,2.43,2.44,2.49,2.52,,2007,daily_treasury_real_yield_curve_2007.xml
2007-05-29,1704,2.5,2.49,2.54,2.56,,2007,daily_treasury_real_yield_curve_2007.xml
2007-05-30,1699,2.5,2.48,2.52,2.54,,2007,daily_treasury_real_yield_curve_2007.xml
2007-05-31,1694,2.53,2.5,2.54,2.53,,2007,daily_treasury_real_yield_curve_2007.xml
2007-06-01,1693,2.58,2.55,2.57,2.57,,2007,daily_treasury_real_yield_curve_2007.xml
2007-06-04,1692,2.55,2.52,2.55,2.53,,2007,daily_treasury_real_yield_curve_2007.xml
2007-06-05,1695,2.61,2.57,2.6,2.58,,2007,daily_treasury_real_yield_curve_2007.xml
2007-06-06,1698,2.57,2.55,2.58,2.57,,2007,daily_treasury_real_yield_curve_2007.xml
2007-06-07,1697,2.67,2.68,2.7,2.68,,2007,daily_treasury_real_yield_curve_2007.xml
2007-06-08,1696,2.68,2.67,2.69,2.67,,2007,daily_treasury_real_yield_curve_2007.xml
2007-06-11,1707,2.69,2.69,2.72,2.69,,2007,daily_treasury_real_yield_curve_2007.xml
2007-06-12,1718,2.79,2.8,2.83,2.79,,2007,daily_treasury_real_yield_curve_2007.xml
2007-06-13,1717,2.74,2.73,2.75,2.71,,2007,daily_treasury_real_yield_curve_2007.xml
2007-06-14,1716,2.74,2.75,2.77,2.74,,2007,daily_treasury_real_yield_curve_2007.xml
2007-06-15,1719,2.68,2.71,2.73,2.72,,2007,daily_treasury_real_yield_curve_2007.xml
2007-06-18,1722,2.68,2.7,2.73,2.72,,2007,daily_treasury_real_yield_curve_2007.xml
2007-06-19,1721,2.62,2.65,2.67,2.67,,2007,daily_treasury_real_yield_curve_2007.xml
2007-06-20,1720,2.68,2.71,2.73,2.72,,2007,daily_treasury_real_yield_curve_2007.xml
2007-06-21,1715,2.69,2.72,2.74,2.72,,2007,daily_treasury_real_yield_curve_2007.xml
2007-06-22,1710,2.63,2.67,2.7,2.68,,2007,daily_treasury_real_yield_curve_2007.xml
2007-06-25,1709,2.6,2.64,2.67,2.65,,2007,daily_treasury_real_yield_curve_2007.xml
2007-06-26,1708,2.64,2.68,2.7,2.69,,2007,daily_treasury_real_yield_curve_2007.xml
2007-06-27,1711,2.64,2.67,2.7,2.67,,2007,daily_treasury_real_yield_curve_2007.xml
2007-06-28,1714,2.66,2.69,2.73,2.69,,2007,daily_treasury_real_yield_curve_2007.xml
2007-06-29,1713,2.59,2.62,2.65,2.64,,2007,daily_treasury_real_yield_curve_2007.xml
2007-07-02,1712,2.56,2.59,2.61,2.6,,2007,daily_treasury_real_yield_curve_2007.xml
2007-07-03,1545,2.61,2.65,2.68,2.65,,2007,daily_treasury_real_yield_curve_2007.xml
2007-07-05,1544,2.69,2.73,2.76,2.73,,2007,daily_treasury_real_yield_curve_2007.xml
2007-07-06,1543,2.72,2.76,2.79,2.76,,2007,daily_treasury_real_yield_curve_2007.xml
2007-07-09,1546,2.68,2.72,2.75,2.72,,2007,daily_treasury_real_yield_curve_2007.xml
2007-07-10,1549,2.57,2.61,2.64,2.61,,2007,daily_treasury_real_yield_curve_2007.xml
2007-07-11,1548,2.63,2.68,2.71,2.68,,2007,daily_treasury_real_yield_curve_2007.xml
2007-07-12,1547,2.67,2.72,2.74,2.71,,2007,daily_treasury_real_yield_curve_2007.xml
2007-07-13,1542,2.67,2.72,2.73,2.69,,2007,daily_treasury_real_yield_curve_2007.xml
2007-07-16,1537,2.66,2.69,2.69,2.66,,2007,daily_treasury_real_yield_curve_2007.xml
2007-07-17,1536,2.71,2.73,2.73,2.69,,2007,daily_treasury_real_yield_curve_2007.xml
2007-07-18,1535,2.61,2.64,2.64,2.63,,2007,daily_treasury_real_yield_curve_2007.xml
2007-07-19,1538,2.63,2.65,2.65,2.63,,2007,daily_treasury_real_yield_curve_2007.xml
2007-07-20,1541,2.57,2.6,2.6,2.59,,2007,daily_treasury_real_yield_curve_2007.xml
2007-07-23,1540,2.62,2.64,2.63,2.62,,2007,daily_treasury_real_yield_curve_2007.xml
2007-07-24,1539,2.58,2.59,2.58,2.55,,2007,daily_treasury_real_yield_curve_2007.xml
2007-07-25,1550,2.55,2.57,2.56,2.54,,2007,daily_treasury_real_yield_curve_2007.xml
2007-07-26,1561,2.43,2.48,2.47,2.48,,2007,daily_treasury_real_yield_curve_2007.xml
2007-07-27,1560,2.45,2.49,2.48,2.49,,2007,daily_treasury_real_yield_curve_2007.xml
2007-07-30,1559,2.47,2.5,2.49,2.49,,2007,daily_treasury_real_yield_curve_2007.xml
2007-07-31,1562,2.43,2.45,2.44,2.43,,2007,daily_treasury_real_yield_curve_2007.xml
2007-08-01,1565,2.43,2.46,2.44,2.42,,2007,daily_treasury_real_yield_curve_2007.xml
2007-08-02,1564,2.47,2.48,2.46,2.45,,2007,daily_treasury_real_yield_curve_2007.xml
2007-08-03,1563,2.41,2.45,2.44,2.45,,2007,daily_treasury_real_yield_curve_2007.xml
2007-08-06,1558,2.44,2.47,2.46,2.47,,2007,daily_treasury_real_yield_curve_2007.xml
2007-08-07,1553,2.51,2.52,2.51,2.5,,2007,daily_treasury_real_yield_curve_2007.xml
2007-08-08,1552,2.58,2.6,2.58,2.56,,2007,daily_treasury_real_yield_curve_2007.xml
2007-08-09,1551,2.5,2.56,2.54,2.54,,2007,daily_treasury_real_yield_curve_2007.xml
2007-08-10,1554,2.52,2.57,2.56,2.55,,2007,daily_treasury_real_yield_curve_2007.xml
2007-08-13,1557,2.5,2.54,2.52,2.53,,2007,daily_treasury_real_yield_curve_2007.xml
2007-08-14,1556,2.44,2.5,2.49,2.52,,2007,daily_treasury_real_yield_curve_2007.xml
2007-08-15,1555,2.37,2.46,2.46,2.54,,2007,daily_treasury_real_yield_curve_2007.xml
2007-08-16,1514,2.27,2.38,2.39,2.48,,2007,daily_treasury_real_yield_curve_2007.xml
2007-08-17,1513,2.32,2.44,2.45,2.51,,2007,daily_treasury_real_yield_curve_2007.xml
2007-08-20,1512,2.33,2.44,2.44,2.51,,2007,daily_treasury_real_yield_curve_2007.xml
2007-08-21,1515,2.28,2.37,2.38,2.46,,2007,daily_treasury_real_yield_curve_2007.xml
2007-08-22,1518,2.33,2.42,2.42,2.46,,2007,daily_treasury_real_yield_curve_2007.xml
2007-08-23,1517,2.33,2.4,2.39,2.43,,2007,daily_treasury_real_yield_curve_2007.xml
2007-08-24,1516,2.39,2.42,2.4,2.42,,2007,daily_treasury_real_yield_curve_2007.xml
2007-08-27,1511,2.36,2.39,2.38,2.43,,2007,daily_treasury_real_yield_curve_2007.xml
2007-08-28,1506,2.29,2.35,2.33,2.42,,2007,daily_treasury_real_yield_curve_2007.xml
2007-08-29,1505,2.32,2.39,2.38,2.45,,2007,daily_treasury_real_yield_curve_2007.xml
2007-08-30,1504,2.26,2.34,2.32,2.4,,2007,daily_treasury_real_yield_curve_2007.xml
2007-08-31,1507,2.28,2.36,2.34,2.41,,2007,daily_treasury_real_yield_curve_2007.xml
2007-09-04,1510,2.29,2.37,2.36,2.41,,2007,daily_treasury_real_yield_curve_2007.xml
2007-09-05,1509,2.19,2.3,2.29,2.36,,2007,daily_treasury_real_yield_curve_2007.xml
2007-09-06,1508,2.23,2.32,2.32,2.38,,2007,daily_treasury_real_yield_curve_2007.xml
2007-09-07,1519,2.07,2.18,2.19,2.27,,2007,daily_treasury_real_yield_curve_2007.xml
2007-09-10,1530,2.02,2.13,2.14,2.22,,2007,daily_treasury_real_yield_curve_2007.xml
2007-09-11,1529,2.06,2.15,2.16,2.21,,2007,daily_treasury_real_yield_curve_2007.xml
2007-09-12,1528,2.07,2.16,2.18,2.23,,2007,daily_treasury_real_yield_curve_2007.xml
2007-09-13,1531,2.15,2.22,2.24,2.27,,2007,daily_treasury_real_yield_curve_2007.xml
2007-09-14,1534,2.11,2.18,2.2,2.23,,2007,daily_treasury_real_yield_curve_2007.xml
2007-09-17,1533,2.13,2.19,2.21,2.22,,2007,daily_treasury_real_yield_curve_2007.xml
2007-09-18,1532,2.09,2.17,2.19,2.2,,2007,daily_treasury_real_yield_curve_2007.xml
2007-09-19,1527,2.08,2.18,2.21,2.25,,2007,daily_treasury_real_yield_curve_2007.xml
2007-09-20,1522,2.22,2.31,2.34,2.37,,2007,daily_treasury_real_yield_curve_2007.xml
2007-09-21,1521,2.18,2.27,2.31,2.34,,2007,daily_treasury_real_yield_curve_2007.xml
2007-09-24,1520,2.21,2.3,2.33,2.35,,2007,daily_treasury_real_yield_curve_2007.xml
2007-09-25,1523,2.19,2.3,2.34,2.39,,2007,daily_treasury_real_yield_curve_2007.xml
2007-09-26,1526,2.19,2.3,2.34,2.37,,2007,daily_treasury_real_yield_curve_2007.xml
2007-09-27,1525,2.11,2.23,2.27,2.3,,2007,daily_treasury_real_yield_curve_2007.xml
2007-09-28,1524,2.12,2.24,2.27,2.29,,2007,daily_treasury_real_yield_curve_2007.xml
2007-10-01,1566,2.11,2.23,2.26,2.27,,2007,daily_treasury_real_yield_curve_2007.xml
2007-10-02,1608,2.08,2.2,2.23,2.24,,2007,daily_treasury_real_yield_curve_2007.xml
2007-10-03,1607,2.11,2.22,2.25,2.28,,2007,daily_treasury_real_yield_curve_2007.xml
2007-10-04,1606,2.09,2.2,2.24,2.26,,2007,daily_treasury_real_yield_curve_2007.xml
2007-10-05,1609,2.19,2.31,2.34,2.37,,2007,daily_treasury_real_yield_curve_2007.xml
2007-10-09,1612,2.2,2.31,2.34,2.36,,2007,daily_treasury_real_yield_curve_2007.xml
2007-10-10,1611,2.19,2.3,2.33,2.35,,2007,daily_treasury_real_yield_curve_2007.xml
2007-10-11,1610,2.17,2.29,2.32,2.36,,2007,daily_treasury_real_yield_curve_2007.xml
2007-10-12,1605,2.22,2.33,2.36,2.4,,2007,daily_treasury_real_yield_curve_2007.xml
2007-10-15,1600,2.18,2.31,2.34,2.4,,2007,daily_treasury_real_yield_curve_2007.xml
2007-10-16,1599,2.11,2.27,2.31,2.39,,2007,daily_treasury_real_yield_curve_2007.xml
2007-10-17,1598,2.01,2.17,2.22,2.3,,2007,daily_treasury_real_yield_curve_2007.xml
2007-10-18,1601,1.96,2.14,2.2,2.29,,2007,daily_treasury_real_yield_curve_2007.xml
2007-10-19,1604,1.84,2.03,2.09,2.18,,2007,daily_treasury_real_yield_curve_2007.xml
2007-10-22,1603,1.88,2.05,2.11,2.18,,2007,daily_treasury_real_yield_curve_2007.xml
2007-10-23,1602,1.89,2.06,2.11,2.2,,2007,daily_treasury_real_yield_curve_2007.xml
2007-10-24,1613,1.83,1.99,2.07,2.16,,2007,daily_treasury_real_yield_curve_2007.xml
2007-10-25,1624,1.79,1.96,2.04,2.14,,2007,daily_treasury_real_yield_curve_2007.xml
2007-10-26,1623,1.8,1.98,2.05,2.16,,2007,daily_treasury_real_yield_curve_2007.xml
2007-10-29,1622,1.79,1.96,2.04,2.14,,2007,daily_treasury_real_yield_curve_2007.xml
2007-10-30,1625,1.81,1.98,2.06,2.17,,2007,daily_treasury_real_yield_curve_2007.xml
2007-10-31,1628,1.9,2.06,2.14,2.21,,2007,daily_treasury_real_yield_curve_2007.xml
2007-11-01,1627,1.74,1.92,2,2.13,,2007,daily_treasury_real_yield_curve_2007.xml
2007-11-02,1626,1.62,1.83,1.92,2.06,,2007,daily_treasury_real_yield_curve_2007.xml
2007-11-05,1621,1.61,1.84,1.94,2.07,,2007,daily_treasury_real_yield_curve_2007.xml
2007-11-06,1616,1.59,1.83,1.93,2.08,,2007,daily_treasury_real_yield_curve_2007.xml
2007-11-07,1615,1.54,1.81,1.91,2.09,,2007,daily_treasury_real_yield_curve_2007.xml
2007-11-08,1614,1.47,1.76,1.88,2.08,,2007,daily_treasury_real_yield_curve_2007.xml
2007-11-09,1617,1.4,1.7,1.82,2.02,,2007,daily_treasury_real_yield_curve_2007.xml
2007-11-13,1620,1.46,1.75,1.86,2.03,,2007,daily_treasury_real_yield_curve_2007.xml
2007-11-14,1619,1.5,1.77,1.88,2.06,,2007,daily_treasury_real_yield_curve_2007.xml
2007-11-15,1618,1.39,1.68,1.81,2.04,,2007,daily_treasury_real_yield_curve_2007.xml
2007-11-16,1577,1.37,1.67,1.8,2.05,,2007,daily_treasury_real_yield_curve_2007.xml
2007-11-19,1576,1.26,1.58,1.7,1.97,,2007,daily_treasury_real_yield_curve_2007.xml
2007-11-20,1575,1.2,1.55,1.68,1.98,,2007,daily_treasury_real_yield_curve_2007.xml
2007-11-21,1578,1.11,1.48,1.62,1.93,,2007,daily_treasury_real_yield_curve_2007.xml
2007-11-23,1581,1.14,1.48,1.63,1.9,,2007,daily_treasury_real_yield_curve_2007.xml
2007-11-26,1580,0.96,1.31,1.45,1.75,,2007,daily_treasury_real_yield_curve_2007.xml
2007-11-27,1579,1.11,1.44,1.58,1.87,,2007,daily_treasury_real_yield_curve_2007.xml
2007-11-28,1574,1.25,1.58,1.71,1.94,,2007,daily_treasury_real_yield_curve_2007.xml
2007-11-29,1569,1.16,1.48,1.61,1.88,,2007,daily_treasury_real_yield_curve_2007.xml
2007-11-30,1568,1.17,1.5,1.63,1.93,,2007,daily_treasury_real_yield_curve_2007.xml
2007-12-03,1567,1.08,1.43,1.57,1.89,,2007,daily_treasury_real_yield_curve_2007.xml
2007-12-04,1570,1.11,1.46,1.59,1.93,,2007,daily_treasury_real_yield_curve_2007.xml
2007-12-05,1573,1.15,1.52,1.66,2.01,,2007,daily_treasury_real_yield_curve_2007.xml
2007-12-06,1572,1.25,1.6,1.77,2.07,,2007,daily_treasury_real_yield_curve_2007.xml
2007-12-07,1571,1.37,1.7,1.86,2.14,,2007,daily_treasury_real_yield_curve_2007.xml
2007-12-10,1582,1.4,1.72,1.89,2.17,,2007,daily_treasury_real_yield_curve_2007.xml
2007-12-11,1593,1.22,1.58,1.73,2.06,,2007,daily_treasury_real_yield_curve_2007.xml
2007-12-12,1592,1.26,1.61,1.78,2.06,,2007,daily_treasury_real_yield_curve_2007.xml
2007-12-13,1591,1.35,1.71,1.87,2.16,,2007,daily_treasury_real_yield_curve_2007.xml
2007-12-14,1594,1.39,1.73,1.9,2.18,,2007,daily_treasury_real_yield_curve_2007.xml
2007-12-17,1597,1.32,1.68,1.86,2.14,,2007,daily_treasury_real_yield_curve_2007.xml
2007-12-18,1596,1.27,1.63,1.8,2.08,,2007,daily_treasury_real_yield_curve_2007.xml
2007-12-19,1595,1.21,1.56,1.73,2,,2007,daily_treasury_real_yield_curve_2007.xml
2007-12-20,1590,1.22,1.57,1.74,2.01,,2007,daily_treasury_real_yield_curve_2007.xml
2007-12-21,1585,1.32,1.66,1.84,2.09,,2007,daily_treasury_real_yield_curve_2007.xml
2007-12-24,1584,1.37,1.71,1.88,2.14,,2007,daily_treasury_real_yield_curve_2007.xml
2007-12-26,1583,1.43,1.77,1.95,2.2,,2007,daily_treasury_real_yield_curve_2007.xml
2007-12-27,1586,1.31,1.68,1.85,2.12,,2007,daily_treasury_real_yield_curve_2007.xml
2007-12-28,1589,1.23,1.6,1.78,2.05,,2007,daily_treasury_real_yield_curve_2007.xml
2007-12-31,1588,1.18,1.55,1.73,2,,2007,daily_treasury_real_yield_curve_2007.xml
2008-01-02,1587,1,1.41,1.59,1.89,,2008,daily_treasury_real_yield_curve_2008.xml
2008-01-03,1920,0.98,1.39,1.58,1.88,,2008,daily_treasury_real_yield_curve_2008.xml
2008-01-04,1919,0.93,1.36,1.56,1.88,,2008,daily_treasury_real_yield_curve_2008.xml
2008-01-07,1918,0.94,1.36,1.57,1.87,,2008,daily_treasury_real_yield_curve_2008.xml
2008-01-08,1921,0.95,1.36,1.57,1.89,,2008,daily_treasury_real_yield_curve_2008.xml
2008-01-09,1924,0.94,1.35,1.56,1.87,,2008,daily_treasury_real_yield_curve_2008.xml
2008-01-10,1923,1.04,1.44,1.68,1.97,,2008,daily_treasury_real_yield_curve_2008.xml
2008-01-11,1922,0.91,1.3,1.56,1.87,,2008,daily_treasury_real_yield_curve_2008.xml
2008-01-14,1917,0.89,1.28,1.53,1.84,,2008,daily_treasury_real_yield_curve_2008.xml
2008-01-15,1912,0.84,1.2,1.45,1.77,,2008,daily_treasury_real_yield_curve_2008.xml
2008-01-16,1911,0.89,1.26,1.5,1.83,,2008,daily_treasury_real_yield_curve_2008.xml
2008-01-17,1910,0.84,1.2,1.43,1.76,,2008,daily_treasury_real_yield_curve_2008.xml
2008-01-18,1913,0.82,1.18,1.42,1.78,,2008,daily_treasury_real_yield_curve_2008.xml
2008-01-22,1916,0.67,1.05,1.28,1.72,,2008,daily_treasury_real_yield_curve_2008.xml
2008-01-23,1915,0.72,1.07,1.31,1.69,,2008,daily_treasury_real_yield_curve_2008.xml
2008-01-24,1914,0.86,1.2,1.44,1.81,,2008,daily_treasury_real_yield_curve_2008.xml
2008-01-25,1925,0.76,1.1,1.34,1.71,,2008,daily_treasury_real_yield_curve_2008.xml
2008-01-28,1936,0.75,1.09,1.33,1.71,,2008,daily_treasury_real_yield_curve_2008.xml
2008-01-29,1935,0.77,1.11,1.37,1.76,,2008,daily_treasury_real_yield_curve_2008.xml
2008-01-30,1934,0.84,1.19,1.45,1.82,,2008,daily_treasury_real_yield_curve_2008.xml
2008-01-31,1937,0.67,1.04,1.33,1.71,,2008,daily_treasury_real_yield_curve_2008.xml
2008-02-01,1940,0.66,1.04,1.31,1.69,,2008,daily_treasury_real_yield_curve_2008.xml
2008-02-04,1939,0.74,1.11,1.38,1.76,,2008,daily_treasury_real_yield_curve_2008.xml
2008-02-05,1938,0.68,1.07,1.34,1.72,,2008,daily_treasury_real_yield_curve_2008.xml
2008-02-06,1933,0.71,1.08,1.36,1.75,,2008,daily_treasury_real_yield_curve_2008.xml
2008-02-07,1928,0.8,1.18,1.47,1.86,,2008,daily_treasury_real_yield_curve_2008.xml
2008-02-08,1927,0.67,1.07,1.36,1.78,,2008,daily_treasury_real_yield_curve_2008.xml
2008-02-11,1926,0.62,1.02,1.32,1.75,,2008,daily_treasury_real_yield_curve_2008.xml
2008-02-12,1929,0.65,1.06,1.36,1.79,,2008,daily_treasury_real_yield_curve_2008.xml
2008-02-13,1932,0.68,1.11,1.42,1.89,,2008,daily_treasury_real_yield_curve_2008.xml
2008-02-14,1931,0.78,1.25,1.57,2.05,,2008,daily_treasury_real_yield_curve_2008.xml
2008-02-15,1930,0.68,1.15,1.48,1.96,,2008,daily_treasury_real_yield_curve_2008.xml
2008-02-19,1889,0.78,1.23,1.56,2.02,,2008,daily_treasury_real_yield_curve_2008.xml
2008-02-20,1888,0.77,1.23,1.55,2,,2008,daily_treasury_real_yield_curve_2008.xml
2008-02-21,1887,0.63,1.1,1.43,1.92,,2008,daily_treasury_real_yield_curve_2008.xml
2008-02-22,1890,0.64,1.1,1.44,1.95,,2008,daily_treasury_real_yield_curve_2008.xml
2008-02-25,1893,0.71,1.19,1.53,2.01,,2008,daily_treasury_real_yield_curve_2008.xml
2008-02-26,1892,0.6,1.1,1.44,1.98,,2008,daily_treasury_real_yield_curve_2008.xml
2008-02-27,1891,0.57,1.08,1.42,1.96,,2008,daily_treasury_real_yield_curve_2008.xml
2008-02-28,1886,0.39,0.91,1.26,1.84,,2008,daily_treasury_real_yield_curve_2008.xml
2008-02-29,1881,0.2,0.74,1.1,1.71,,2008,daily_treasury_real_yield_curve_2008.xml
2008-03-03,1880,0.19,0.74,1.08,1.71,,2008,daily_treasury_real_yield_curve_2008.xml
2008-03-04,1879,0.2,0.8,1.15,1.79,,2008,daily_treasury_real_yield_curve_2008.xml
2008-03-05,1882,0.23,0.8,1.16,1.8,,2008,daily_treasury_real_yield_curve_2008.xml
2008-03-06,1885,0.13,0.7,1.07,1.72,,2008,daily_treasury_real_yield_curve_2008.xml
2008-03-07,1884,0.08,0.65,1.01,1.68,,2008,daily_treasury_real_yield_curve_2008.xml
2008-03-10,1883,0.01,0.55,0.9,1.6,,2008,daily_treasury_real_yield_curve_2008.xml
2008-03-11,1894,0.2,0.69,1.05,1.69,,2008,daily_treasury_real_yield_curve_2008.xml
2008-03-12,1905,0.12,0.59,0.95,1.58,,2008,daily_treasury_real_yield_curve_2008.xml
2008-03-13,1904,0.15,0.68,1.05,1.7,,2008,daily_treasury_real_yield_curve_2008.xml
2008-03-14,1903,0.12,0.64,1.01,1.63,,2008,daily_treasury_real_yield_curve_2008.xml
2008-03-17,1906,0.13,0.69,1.05,1.75,,2008,daily_treasury_real_yield_curve_2008.xml
2008-03-18,1909,0.21,0.72,1.08,1.82,,2008,daily_treasury_real_yield_curve_2008.xml
2008-03-19,1908,0.22,0.68,1.04,1.76,,2008,daily_treasury_real_yield_curve_2008.xml
2008-03-20,1907,0.22,0.66,1.02,1.7,,2008,daily_treasury_real_yield_curve_2008.xml
2008-03-24,1902,0.47,0.88,1.24,1.88,,2008,daily_treasury_real_yield_curve_2008.xml
2008-03-25,1897,0.48,0.9,1.25,1.91,,2008,daily_treasury_real_yield_curve_2008.xml
2008-03-26,1896,0.42,0.88,1.24,1.93,,2008,daily_treasury_real_yield_curve_2008.xml
2008-03-27,1895,0.4,0.86,1.23,1.92,,2008,daily_treasury_real_yield_curve_2008.xml
2008-03-28,1898,0.3,0.76,1.13,1.85,,2008,daily_treasury_real_yield_curve_2008.xml
2008-03-31,1901,0.27,0.75,1.11,1.81,,2008,daily_treasury_real_yield_curve_2008.xml
2008-04-01,1900,0.44,0.87,1.22,1.89,,2008,daily_treasury_real_yield_curve_2008.xml
2008-04-02,1899,0.51,0.9,1.26,1.87,,2008,daily_treasury_real_yield_curve_2008.xml
2008-04-03,1941,0.54,0.92,1.28,1.89,,2008,daily_treasury_real_yield_curve_2008.xml
2008-04-04,1983,0.45,0.83,1.18,1.79,,2008,daily_treasury_real_yield_curve_2008.xml
2008-04-07,1982,0.52,0.89,1.23,1.84,,2008,daily_treasury_real_yield_curve_2008.xml
2008-04-08,1981,0.53,0.91,1.26,1.82,,2008,daily_treasury_real_yield_curve_2008.xml
2008-04-09,1984,0.42,0.83,1.19,1.76,,2008,daily_treasury_real_yield_curve_2008.xml
2008-04-10,1987,0.47,0.92,1.26,1.8,,2008,daily_treasury_real_yield_curve_2008.xml
2008-04-11,1986,0.4,0.85,1.19,1.75,,2008,daily_treasury_real_yield_curve_2008.xml
2008-04-14,1985,0.43,0.88,1.23,1.78,,2008,daily_treasury_real_yield_curve_2008.xml
2008-04-15,1980,0.48,0.93,1.28,1.84,,2008,daily_treasury_real_yield_curve_2008.xml
2008-04-16,1975,0.6,1.03,1.41,1.95,,2008,daily_treasury_real_yield_curve_2008.xml
2008-04-17,1974,0.68,1.06,1.44,1.95,,2008,daily_treasury_real_yield_curve_2008.xml
2008-04-18,1973,0.71,1.08,1.45,1.95,,2008,daily_treasury_real_yield_curve_2008.xml
2008-04-21,1976,0.7,1.07,1.44,1.95,,2008,daily_treasury_real_yield_curve_2008.xml
2008-04-22,1979,0.72,1.06,1.43,1.93,,2008,daily_treasury_real_yield_curve_2008.xml
2008-04-23,1978,0.73,1.08,1.44,1.95,,2008,daily_treasury_real_yield_curve_2008.xml
2008-04-24,1977,0.89,1.2,1.56,2.05,,2008,daily_treasury_real_yield_curve_2008.xml
2008-04-25,1988,0.89,1.23,1.6,2.09,,2008,daily_treasury_real_yield_curve_2008.xml
2008-04-28,1999,0.84,1.19,1.56,2.06,,2008,daily_treasury_real_yield_curve_2008.xml
2008-04-29,1998,0.82,1.18,1.56,2.04,,2008,daily_treasury_real_yield_curve_2008.xml
2008-04-30,1997,0.77,1.13,1.5,1.98,,2008,daily_treasury_real_yield_curve_2008.xml
2008-05-01,2000,0.79,1.17,1.52,2.02,,2008,daily_treasury_real_yield_curve_2008.xml
2008-05-02,2003,0.86,1.22,1.53,2.04,,2008,daily_treasury_real_yield_curve_2008.xml
2008-05-05,2002,0.85,1.19,1.53,2.04,,2008,daily_treasury_real_yield_curve_2008.xml
2008-05-06,2001,0.84,1.23,1.55,2.07,,2008,daily_treasury_real_yield_curve_2008.xml
2008-05-07,1996,0.8,1.2,1.51,2.05,,2008,daily_treasury_real_yield_curve_2008.xml
2008-05-08,1991,0.69,1.12,1.43,1.98,,2008,daily_treasury_real_yield_curve_2008.xml
2008-05-09,1990,0.66,1.09,1.39,1.95,,2008,daily_treasury_real_yield_curve_2008.xml
2008-05-12,1989,0.7,1.1,1.41,1.95,,2008,daily_treasury_real_yield_curve_2008.xml
2008-05-13,1992,0.85,1.21,1.51,2.04,,2008,daily_treasury_real_yield_curve_2008.xml
2008-05-14,1995,0.86,1.2,1.49,2.04,,2008,daily_treasury_real_yield_curve_2008.xml
2008-05-15,1994,0.75,1.1,1.4,1.97,,2008,daily_treasury_real_yield_curve_2008.xml
2008-05-16,1993,0.75,1.11,1.41,1.97,,2008,daily_treasury_real_yield_curve_2008.xml
2008-05-19,1952,0.69,1.07,1.36,1.93,,2008,daily_treasury_real_yield_curve_2008.xml
2008-05-20,1951,0.6,1.01,1.31,1.88,,2008,daily_treasury_real_yield_curve_2008.xml
2008-05-21,1950,0.62,0.99,1.3,1.86,,2008,daily_treasury_real_yield_curve_2008.xml
2008-05-22,1953,0.77,1.12,1.41,1.94,,2008,daily_treasury_real_yield_curve_2008.xml
2008-05-23,1956,0.73,1.07,1.36,1.91,,2008,daily_treasury_real_yield_curve_2008.xml
2008-05-27,1955,0.85,1.18,1.46,2.01,,2008,daily_treasury_real_yield_curve_2008.xml
2008-05-28,1954,0.97,1.3,1.58,2.11,,2008,daily_treasury_real_yield_curve_2008.xml
2008-05-29,1949,1.01,1.35,1.62,2.16,,2008,daily_treasury_real_yield_curve_2008.xml
2008-05-30,1944,1.01,1.32,1.58,2.13,,2008,daily_treasury_real_yield_curve_2008.xml
2008-06-02,1943,0.88,1.24,1.51,2.11,,2008,daily_treasury_real_yield_curve_2008.xml
2008-06-03,1942,0.85,1.23,1.51,2.12,,2008,daily_treasury_real_yield_curve_2008.xml
2008-06-04,1945,0.94,1.32,1.59,2.21,,2008,daily_treasury_real_yield_curve_2008.xml
2008-06-05,1948,0.97,1.36,1.63,2.26,,2008,daily_treasury_real_yield_curve_2008.xml
2008-06-06,1947,0.75,1.18,1.47,2.14,,2008,daily_treasury_real_yield_curve_2008.xml
2008-06-09,1946,0.93,1.27,1.54,2.15,,2008,daily_treasury_real_yield_curve_2008.xml
2008-06-10,1957,1.06,1.36,1.62,2.22,,2008,daily_treasury_real_yield_curve_2008.xml
2008-06-11,1968,0.98,1.35,1.62,2.24,,2008,daily_treasury_real_yield_curve_2008.xml
2008-06-12,1967,1.14,1.46,1.73,2.3,,2008,daily_treasury_real_yield_curve_2008.xml
2008-06-13,1966,1.17,1.51,1.77,2.31,,2008,daily_treasury_real_yield_curve_2008.xml
2008-06-16,1969,1.15,1.49,1.76,2.26,,2008,daily_treasury_real_yield_curve_2008.xml
2008-06-17,1972,1.11,1.47,1.75,2.26,,2008,daily_treasury_real_yield_curve_2008.xml
2008-06-18,1971,1,1.4,1.68,2.2,,2008,daily_treasury_real_yield_curve_2008.xml
2008-06-19,1970,1.12,1.49,1.75,2.26,,2008,daily_treasury_real_yield_curve_2008.xml
2008-06-20,1965,1.04,1.44,1.72,2.22,,2008,daily_treasury_real_yield_curve_2008.xml
2008-06-23,1960,1.09,1.48,1.75,2.24,,2008,daily_treasury_real_yield_curve_2008.xml
2008-06-24,1959,0.95,1.36,1.64,2.17,,2008,daily_treasury_real_yield_curve_2008.xml
2008-06-25,1958,0.97,1.37,1.65,2.18,,2008,daily_treasury_real_yield_curve_2008.xml
2008-06-26,1961,0.8,1.26,1.55,2.1,,2008,daily_treasury_real_yield_curve_2008.xml
2008-06-27,1964,0.74,1.18,1.48,2.05,,2008,daily_treasury_real_yield_curve_2008.xml
2008-06-30,1963,0.71,1.17,1.48,2.06,,2008,daily_treasury_real_yield_curve_2008.xml
2008-07-01,1962,0.67,1.15,1.49,2.05,,2008,daily_treasury_real_yield_curve_2008.xml
2008-07-02,1795,0.61,1.08,1.43,1.98,,2008,daily_treasury_real_yield_curve_2008.xml
2008-07-03,1794,0.56,1.05,1.42,1.98,,2008,daily_treasury_real_yield_curve_2008.xml
2008-07-07,1793,0.6,1.06,1.43,1.99,,2008,daily_treasury_real_yield_curve_2008.xml
2008-07-08,1796,0.67,1.08,1.45,1.98,,2008,daily_treasury_real_yield_curve_2008.xml
2008-07-09,1799,0.57,1.02,1.39,1.92,,2008,daily_treasury_real_yield_curve_2008.xml
2008-07-10,1798,0.53,1.01,1.4,1.94,,2008,daily_treasury_real_yield_curve_2008.xml
2008-07-11,1797,0.67,1.11,1.48,2.03,,2008,daily_treasury_real_yield_curve_2008.xml
2008-07-14,1792,0.62,1.07,1.43,1.98,,2008,daily_treasury_real_yield_curve_2008.xml
2008-07-15,1787,0.57,1.03,1.4,1.98,,2008,daily_treasury_real_yield_curve_2008.xml
2008-07-16,1786,0.64,1.11,1.48,2.06,,2008,daily_treasury_real_yield_curve_2008.xml
2008-07-17,1785,0.81,1.24,1.6,2.13,,2008,daily_treasury_real_yield_curve_2008.xml
2008-07-18,1788,0.92,1.3,1.65,2.15,,2008,daily_treasury_real_yield_curve_2008.xml
2008-07-21,1791,0.94,1.32,1.66,2.17,,2008,daily_treasury_real_yield_curve_2008.xml
2008-07-22,1790,1.06,1.4,1.71,2.22,,2008,daily_treasury_real_yield_curve_2008.xml
2008-07-23,1789,1.22,1.52,1.8,2.26,,2008,daily_treasury_real_yield_curve_2008.xml
2008-07-24,1800,1.09,1.42,1.69,2.17,,2008,daily_treasury_real_yield_curve_2008.xml
2008-07-25,1811,1.21,1.52,1.79,2.26,,2008,daily_treasury_real_yield_curve_2008.xml
2008-07-28,1810,1.09,1.44,1.7,2.19,,2008,daily_treasury_real_yield_curve_2008.xml
2008-07-29,1809,1.21,1.51,1.76,2.23,,2008,daily_treasury_real_yield_curve_2008.xml
2008-07-30,1812,1.14,1.46,1.71,2.21,,2008,daily_treasury_real_yield_curve_2008.xml
2008-07-31,1815,1.09,1.4,1.65,2.16,,2008,daily_treasury_real_yield_curve_2008.xml
2008-08-01,1814,1.06,1.39,1.63,2.13,,2008,daily_treasury_real_yield_curve_2008.xml
2008-08-04,1813,1.09,1.42,1.64,2.14,,2008,daily_treasury_real_yield_curve_2008.xml
2008-08-05,1808,1.18,1.53,1.74,2.2,,2008,daily_treasury_real_yield_curve_2008.xml
2008-08-06,1803,1.22,1.59,1.79,2.25,,2008,daily_treasury_real_yield_curve_2008.xml
2008-08-07,1802,1.07,1.46,1.68,2.13,,2008,daily_treasury_real_yield_curve_2008.xml
2008-08-08,1801,1.17,1.51,1.72,2.15,,2008,daily_treasury_real_yield_curve_2008.xml
2008-08-11,1804,1.26,1.6,1.8,2.24,,2008,daily_treasury_real_yield_curve_2008.xml
2008-08-12,1807,1.17,1.52,1.72,2.2,,2008,daily_treasury_real_yield_curve_2008.xml
2008-08-13,1806,1.2,1.54,1.75,2.23,,2008,daily_treasury_real_yield_curve_2008.xml
2008-08-14,1805,1.13,1.47,1.67,2.16,,2008,daily_treasury_real_yield_curve_2008.xml
2008-08-15,1764,1.16,1.47,1.66,2.13,,2008,daily_treasury_real_yield_curve_2008.xml
2008-08-18,1763,1.15,1.47,1.67,2.12,,2008,daily_treasury_real_yield_curve_2008.xml
2008-08-19,1762,1.15,1.48,1.68,2.15,,2008,daily_treasury_real_yield_curve_2008.xml
2008-08-20,1765,1.06,1.39,1.6,2.11,,2008,daily_treasury_real_yield_curve_2008.xml
2008-08-21,1768,1.06,1.41,1.61,2.1,,2008,daily_treasury_real_yield_curve_2008.xml
2008-08-22,1767,1.2,1.5,1.69,2.12,,2008,daily_treasury_real_yield_curve_2008.xml
2008-08-25,1766,1.16,1.44,1.64,2.07,,2008,daily_treasury_real_yield_curve_2008.xml
2008-08-26,1761,1.16,1.44,1.63,2.09,,2008,daily_treasury_real_yield_curve_2008.xml
2008-08-27,1756,1.1,1.38,1.58,2.07,,2008,daily_treasury_real_yield_curve_2008.xml
2008-08-28,1755,1.15,1.42,1.62,2.1,,2008,daily_treasury_real_yield_curve_2008.xml
2008-08-29,1754,1.21,1.48,1.68,2.17,,2008,daily_treasury_real_yield_curve_2008.xml
2008-09-02,1757,1.28,1.5,1.69,2.15,,2008,daily_treasury_real_yield_curve_2008.xml
2008-09-03,1760,1.29,1.52,1.71,2.19,,2008,daily_treasury_real_yield_curve_2008.xml
2008-09-04,1759,1.28,1.51,1.7,2.22,,2008,daily_treasury_real_yield_curve_2008.xml
2008-09-05,1758,1.31,1.53,1.71,2.21,,2008,daily_treasury_real_yield_curve_2008.xml
2008-09-08,1769,1.34,1.52,1.68,2.14,,2008,daily_treasury_real_yield_curve_2008.xml
2008-09-09,1780,1.38,1.54,1.69,2.11,,2008,daily_treasury_real_yield_curve_2008.xml
2008-09-10,1779,1.39,1.55,1.7,2.1,,2008,daily_treasury_real_yield_curve_2008.xml
2008-09-11,1778,1.36,1.52,1.67,2.05,,2008,daily_treasury_real_yield_curve_2008.xml
2008-09-12,1781,1.47,1.64,1.79,2.19,,2008,daily_treasury_real_yield_curve_2008.xml
2008-09-15,1784,1.36,1.53,1.7,2.09,,2008,daily_treasury_real_yield_curve_2008.xml
2008-09-16,1783,1.61,1.71,1.85,2.16,,2008,daily_treasury_real_yield_curve_2008.xml
2008-09-17,1782,1.48,1.64,1.81,2.19,,2008,daily_treasury_real_yield_curve_2008.xml
2008-09-18,1777,1.65,1.78,1.94,2.28,,2008,daily_treasury_real_yield_curve_2008.xml
2008-09-19,1772,1.64,1.74,1.85,2.26,,2008,daily_treasury_real_yield_curve_2008.xml
2008-09-22,1771,1.6,1.73,1.85,2.27,,2008,daily_treasury_real_yield_curve_2008.xml
2008-09-23,1770,1.78,1.89,1.99,2.38,,2008,daily_treasury_real_yield_curve_2008.xml
2008-09-24,1773,1.82,1.96,2.05,2.43,,2008,daily_treasury_real_yield_curve_2008.xml
2008-09-25,1776,1.91,2,2.09,2.45,,2008,daily_treasury_real_yield_curve_2008.xml
2008-09-26,1775,1.9,2.01,2.1,2.46,,2008,daily_treasury_real_yield_curve_2008.xml
2008-09-29,1774,1.76,1.94,2.03,2.35,,2008,daily_treasury_real_yield_curve_2008.xml
2008-09-30,1816,2.01,2.15,2.25,2.62,,2008,daily_treasury_real_yield_curve_2008.xml
2008-10-01,1858,1.92,2.16,2.26,2.57,,2008,daily_treasury_real_yield_curve_2008.xml
2008-10-02,1857,1.75,2.03,2.17,2.5,,2008,daily_treasury_real_yield_curve_2008.xml
2008-10-03,1856,1.68,2.02,2.18,2.47,,2008,daily_treasury_real_yield_curve_2008.xml
2008-10-06,1859,1.7,2.03,2.21,2.46,,2008,daily_treasury_real_yield_curve_2008.xml
2008-10-07,1862,1.83,2.16,2.32,2.59,,2008,daily_treasury_real_yield_curve_2008.xml
2008-10-08,1861,2.27,2.61,2.69,2.85,,2008,daily_treasury_real_yield_curve_2008.xml
2008-10-09,1860,2.32,2.64,2.79,2.9,,2008,daily_treasury_real_yield_curve_2008.xml
2008-10-10,1855,2.57,2.9,2.97,2.97,,2008,daily_treasury_real_yield_curve_2008.xml
2008-10-14,1850,2.77,3.04,3.05,2.96,,2008,daily_treasury_real_yield_curve_2008.xml
2008-10-15,1849,2.76,3.01,3.02,2.95,,2008,daily_treasury_real_yield_curve_2008.xml
2008-10-16,1848,2.88,3.08,3.02,2.95,,2008,daily_treasury_real_yield_curve_2008.xml
2008-10-17,1851,2.79,2.99,2.87,2.88,,2008,daily_treasury_real_yield_curve_2008.xml
2008-10-20,1854,2.73,2.95,2.76,2.81,,2008,daily_treasury_real_yield_curve_2008.xml
2008-10-21,1853,2.75,2.95,2.63,2.77,,2008,daily_treasury_real_yield_curve_2008.xml
2008-10-22,1852,2.8,2.97,2.59,2.7,,2008,daily_treasury_real_yield_curve_2008.xml
2008-10-23,1863,2.96,3.1,2.67,2.77,,2008,daily_treasury_real_yield_curve_2008.xml
2008-10-24,1874,3.44,3.52,3.02,3.05,,2008,daily_treasury_real_yield_curve_2008.xml
2008-10-27,1873,3.74,3.74,3.02,3.13,,2008,daily_treasury_real_yield_curve_2008.xml
2008-10-28,1872,3.79,3.82,3.06,3.15,,2008,daily_treasury_real_yield_curve_2008.xml
2008-10-29,1875,3.73,3.79,3.05,3.19,,2008,daily_treasury_real_yield_curve_2008.xml
2008-10-30,1878,3.65,3.78,3.06,3.17,,2008,daily_treasury_real_yield_curve_2008.xml
2008-10-31,1877,3.76,3.9,3.14,3.35,,2008,daily_treasury_real_yield_curve_2008.xml
2008-11-03,1876,3.66,3.85,3.09,3.29,,2008,daily_treasury_real_yield_curve_2008.xml
2008-11-04,1871,3.45,3.65,2.88,3.11,,2008,daily_treasury_real_yield_curve_2008.xml
2008-11-05,1866,3.4,3.56,2.76,2.99,,2008,daily_treasury_real_yield_curve_2008.xml
2008-11-06,1865,3.48,3.64,2.81,2.96,,2008,daily_treasury_real_yield_curve_2008.xml
2008-11-07,1864,3.56,3.81,2.86,2.98,,2008,daily_treasury_real_yield_curve_2008.xml
2008-11-10,1867,3.52,3.78,2.84,2.9,,2008,daily_treasury_real_yield_curve_2008.xml
2008-11-12,1870,3.46,3.74,2.79,2.86,,2008,daily_treasury_real_yield_curve_2008.xml
2008-11-13,1869,3.5,3.85,2.95,2.98,,2008,daily_treasury_real_yield_curve_2008.xml
2008-11-14,1868,3.43,3.72,2.87,2.82,,2008,daily_treasury_real_yield_curve_2008.xml
2008-11-17,1827,3.44,3.71,2.85,2.79,,2008,daily_treasury_real_yield_curve_2008.xml
2008-11-18,1826,3.51,3.8,2.92,2.78,,2008,daily_treasury_real_yield_curve_2008.xml
2008-11-19,1825,3.61,3.91,2.98,2.96,,2008,daily_treasury_real_yield_curve_2008.xml
2008-11-20,1828,3.73,4.01,3.06,2.93,,2008,daily_treasury_real_yield_curve_2008.xml
2008-11-21,1831,3.96,4.17,3.15,3.1,,2008,daily_treasury_real_yield_curve_2008.xml
2008-11-24,1830,4.19,4.27,3.11,3.32,,2008,daily_treasury_real_yield_curve_2008.xml
2008-11-25,1829,4.12,3.96,2.79,3.14,,2008,daily_treasury_real_yield_curve_2008.xml
2008-11-26,1824,4.24,3.86,2.68,3.1,,2008,daily_treasury_real_yield_curve_2008.xml
2008-11-28,1819,4.17,3.78,2.6,2.98,,2008,daily_treasury_real_yield_curve_2008.xml
2008-12-01,1818,2.03,2.19,2.38,2.76,,2008,daily_treasury_real_yield_curve_2008.xml
2008-12-02,1817,1.73,1.96,2.26,2.6,,2008,daily_treasury_real_yield_curve_2008.xml
2008-12-03,1820,1.57,1.82,2.14,2.47,,2008,daily_treasury_real_yield_curve_2008.xml
2008-12-04,1823,1.47,1.69,1.98,2.32,,2008,daily_treasury_real_yield_curve_2008.xml
2008-12-05,1822,1.79,1.98,2.23,2.4,,2008,daily_treasury_real_yield_curve_2008.xml
2008-12-08,1821,2.04,2.3,2.47,2.48,,2008,daily_treasury_real_yield_curve_2008.xml
2008-12-09,1832,1.94,2.22,2.41,2.45,,2008,daily_treasury_real_yield_curve_2008.xml
2008-12-10,1843,1.98,2.26,2.44,2.43,,2008,daily_treasury_real_yield_curve_2008.xml
2008-12-11,1842,1.9,2.17,2.35,2.4,,2008,daily_treasury_real_yield_curve_2008.xml
2008-12-12,1841,1.93,2.21,2.43,2.44,,2008,daily_treasury_real_yield_curve_2008.xml
2008-12-15,1844,2.09,2.27,2.43,2.49,,2008,daily_treasury_real_yield_curve_2008.xml
2008-12-16,1847,1.64,1.91,2.21,2.26,,2008,daily_treasury_real_yield_curve_2008.xml
2008-12-17,1846,1.26,1.53,1.86,2.04,,2008,daily_treasury_real_yield_curve_2008.xml
2008-12-18,1845,1.37,1.6,1.85,1.99,,2008,daily_treasury_real_yield_curve_2008.xml
2008-12-19,1840,1.66,1.81,1.98,2.05,,2008,daily_treasury_real_yield_curve_2008.xml
2008-12-22,1835,1.77,1.89,2.01,2.12,,2008,daily_treasury_real_yield_curve_2008.xml
2008-12-23,1834,1.8,1.9,2.03,2.17,,2008,daily_treasury_real_yield_curve_2008.xml
2008-12-24,1833,1.81,1.93,2.07,2.19,,2008,daily_treasury_real_yield_curve_2008.xml
2008-12-26,1836,1.79,1.9,2.03,2.17,,2008,daily_treasury_real_yield_curve_2008.xml
2008-12-29,1839,1.66,1.84,2.02,2.21,,2008,daily_treasury_real_yield_curve_2008.xml
2008-12-30,1838,1.72,1.86,2.02,2.2,,2008,daily_treasury_real_yield_curve_2008.xml
2008-12-31,1837,1.81,1.96,2.14,2.36,,2008,daily_treasury_real_yield_curve_2008.xml
2009-01-02,1503,1.97,2.12,2.29,2.51,,2009,daily_treasury_real_yield_curve_2009.xml
2009-01-05,1169,1.86,2.08,2.34,2.64,,2009,daily_treasury_real_yield_curve_2009.xml
2009-01-06,1168,1.82,2,2.09,2.65,,2009,daily_treasury_real_yield_curve_2009.xml
2009-01-07,1167,1.75,1.87,2.05,2.64,,2009,daily_treasury_real_yield_curve_2009.xml
2009-01-08,1170,1.68,1.79,1.97,2.52,,2009,daily_treasury_real_yield_curve_2009.xml
2009-01-09,1173,1.6,1.7,1.87,2.4,,2009,daily_treasury_real_yield_curve_2009.xml
2009-01-12,1172,1.55,1.62,1.75,2.29,,2009,daily_treasury_real_yield_curve_2009.xml
2009-01-13,1171,1.47,1.57,1.74,2.25,,2009,daily_treasury_real_yield_curve_2009.xml
2009-01-14,1166,1.49,1.61,1.79,2.26,,2009,daily_treasury_real_yield_curve_2009.xml
2009-01-15,1161,1.46,1.59,1.78,2.33,,2009,daily_treasury_real_yield_curve_2009.xml
2009-01-16,1160,1.47,1.61,1.81,2.32,,2009,daily_treasury_real_yield_curve_2009.xml
2009-01-20,1159,1.45,1.6,1.82,2.35,,2009,daily_treasury_real_yield_curve_2009.xml
2009-01-21,1162,1.56,1.72,1.98,2.65,,2009,daily_treasury_real_yield_curve_2009.xml
2009-01-22,1165,1.52,1.71,1.97,2.6,,2009,daily_treasury_real_yield_curve_2009.xml
2009-01-23,1164,1.55,1.7,1.93,2.57,,2009,daily_treasury_real_yield_curve_2009.xml
2009-01-26,1163,1.57,1.7,1.92,2.47,,2009,daily_treasury_real_yield_curve_2009.xml
2009-01-27,1174,1.44,1.57,1.77,2.33,,2009,daily_treasury_real_yield_curve_2009.xml
2009-01-28,1185,1.45,1.59,1.81,2.46,,2009,daily_treasury_real_yield_curve_2009.xml
2009-01-29,1184,1.57,1.67,1.83,2.48,,2009,daily_treasury_real_yield_curve_2009.xml
2009-01-30,1183,1.47,1.54,1.73,2.43,,2009,daily_treasury_real_yield_curve_2009.xml
2009-02-02,1186,1.41,1.5,1.69,2.34,,2009,daily_treasury_real_yield_curve_2009.xml
2009-02-03,1189,1.45,1.56,1.76,2.42,,2009,daily_treasury_real_yield_curve_2009.xml
2009-02-04,1188,1.4,1.55,1.78,2.4,,2009,daily_treasury_real_yield_curve_2009.xml
2009-02-05,1187,1.38,1.58,1.84,2.41,,2009,daily_treasury_real_yield_curve_2009.xml
2009-02-06,1182,1.27,1.49,1.82,2.41,,2009,daily_treasury_real_yield_curve_2009.xml
2009-02-09,1177,1.06,1.3,1.66,2.27,,2009,daily_treasury_real_yield_curve_2009.xml
2009-02-10,1176,1.03,1.28,1.65,2.22,,2009,daily_treasury_real_yield_curve_2009.xml
2009-02-11,1175,1.1,1.32,1.66,2.21,,2009,daily_treasury_real_yield_curve_2009.xml
2009-02-12,1178,1.22,1.38,1.61,2.21,,2009,daily_treasury_real_yield_curve_2009.xml
2009-02-13,1181,1.21,1.4,1.68,2.33,,2009,daily_treasury_real_yield_curve_2009.xml
2009-02-17,1180,1.2,1.33,1.53,2.19,,2009,daily_treasury_real_yield_curve_2009.xml
2009-02-18,1179,1.31,1.44,1.63,2.24,,2009,daily_treasury_real_yield_curve_2009.xml
2009-02-19,1138,1.27,1.47,1.73,2.29,,2009,daily_treasury_real_yield_curve_2009.xml
2009-02-20,1137,1.24,1.42,1.67,2.23,,2009,daily_treasury_real_yield_curve_2009.xml
2009-02-23,1136,1.24,1.44,1.7,2.22,,2009,daily_treasury_real_yield_curve_2009.xml
2009-02-24,1139,1.36,1.56,1.82,2.21,,2009,daily_treasury_real_yield_curve_2009.xml
2009-02-25,1142,1.46,1.69,1.98,2.34,,2009,daily_treasury_real_yield_curve_2009.xml
2009-02-26,1141,1.48,1.72,2.02,2.45,,2009,daily_treasury_real_yield_curve_2009.xml
2009-02-27,1140,1.41,1.69,2.06,2.53,,2009,daily_treasury_real_yield_curve_2009.xml
2009-03-02,1135,1.34,1.63,2,2.48,,2009,daily_treasury_real_yield_curve_2009.xml
2009-03-03,1130,1.45,1.7,2.02,2.49,,2009,daily_treasury_real_yield_curve_2009.xml
2009-03-04,1129,1.5,1.76,2.09,2.52,,2009,daily_treasury_real_yield_curve_2009.xml
2009-03-05,1128,1.4,1.65,1.98,2.42,,2009,daily_treasury_real_yield_curve_2009.xml
2009-03-06,1131,1.46,1.71,2.02,2.45,,2009,daily_treasury_real_yield_curve_2009.xml
2009-03-09,1134,1.52,1.76,2.06,2.53,,2009,daily_treasury_real_yield_curve_2009.xml
2009-03-10,1133,1.61,1.84,2.15,2.59,,2009,daily_treasury_real_yield_curve_2009.xml
2009-03-11,1132,1.57,1.77,2.03,2.54,,2009,daily_treasury_real_yield_curve_2009.xml
2009-03-12,1143,1.41,1.61,1.88,2.39,,2009,daily_treasury_real_yield_curve_2009.xml
2009-03-13,1154,1.37,1.59,1.87,2.42,,2009,daily_treasury_real_yield_curve_2009.xml
2009-03-16,1153,1.35,1.58,1.88,2.44,,2009,daily_treasury_real_yield_curve_2009.xml
2009-03-17,1152,1.41,1.62,1.9,2.47,,2009,daily_treasury_real_yield_curve_2009.xml
2009-03-18,1155,0.94,1.06,1.28,2.03,,2009,daily_treasury_real_yield_curve_2009.xml
2009-03-19,1158,0.98,1.11,1.31,2.02,,2009,daily_treasury_real_yield_curve_2009.xml
2009-03-20,1157,1.03,1.19,1.43,2.08,,2009,daily_treasury_real_yield_curve_2009.xml
2009-03-23,1156,1.05,1.19,1.4,2.07,,2009,daily_treasury_real_yield_curve_2009.xml
2009-03-24,1151,0.97,1.12,1.36,1.99,,2009,daily_treasury_real_yield_curve_2009.xml
2009-03-25,1146,1.02,1.19,1.44,2.07,,2009,daily_treasury_real_yield_curve_2009.xml
2009-03-26,1145,0.85,1.03,1.3,1.95,,2009,daily_treasury_real_yield_curve_2009.xml
2009-03-27,1144,0.89,1.08,1.38,1.94,,2009,daily_treasury_real_yield_curve_2009.xml
2009-03-30,1147,0.94,1.11,1.39,1.92,,2009,daily_treasury_real_yield_curve_2009.xml
2009-03-31,1150,0.94,1.14,1.43,2.01,,2009,daily_treasury_real_yield_curve_2009.xml
2009-04-01,1149,0.93,1.11,1.37,1.94,,2009,daily_treasury_real_yield_curve_2009.xml
2009-04-02,1148,1,1.18,1.44,2.07,,2009,daily_treasury_real_yield_curve_2009.xml
2009-04-03,1190,1.07,1.26,1.53,2.19,,2009,daily_treasury_real_yield_curve_2009.xml
2009-04-06,1232,1.02,1.21,1.52,2.22,,2009,daily_treasury_real_yield_curve_2009.xml
2009-04-07,1231,1.07,1.29,1.61,2.22,,2009,daily_treasury_real_yield_curve_2009.xml
2009-04-08,1230,1.05,1.25,1.57,2.15,,2009,daily_treasury_real_yield_curve_2009.xml
2009-04-09,1233,1.08,1.29,1.62,2.21,,2009,daily_treasury_real_yield_curve_2009.xml
2009-04-13,1236,1.04,1.24,1.55,2.16,,2009,daily_treasury_real_yield_curve_2009.xml
2009-04-14,1235,0.96,1.18,1.52,2.16,,2009,daily_treasury_real_yield_curve_2009.xml
2009-04-15,1234,1.02,1.23,1.55,2.17,,2009,daily_treasury_real_yield_curve_2009.xml
2009-04-16,1229,1.06,1.27,1.59,2.23,,2009,daily_treasury_real_yield_curve_2009.xml
2009-04-17,1224,1.18,1.38,1.7,2.33,,2009,daily_treasury_real_yield_curve_2009.xml
2009-04-20,1223,1.21,1.39,1.66,2.3,,2009,daily_treasury_real_yield_curve_2009.xml
2009-04-21,1222,1.25,1.43,1.69,2.36,,2009,daily_treasury_real_yield_curve_2009.xml
2009-04-22,1225,1.28,1.43,1.65,2.36,,2009,daily_treasury_real_yield_curve_2009.xml
2009-04-23,1228,1.25,1.35,1.52,2.23,,2009,daily_treasury_real_yield_curve_2009.xml
2009-04-24,1227,1.23,1.34,1.53,2.24,,2009,daily_treasury_real_yield_curve_2009.xml
2009-04-27,1226,1.12,1.27,1.48,2.18,,2009,daily_treasury_real_yield_curve_2009.xml
2009-04-28,1237,1.16,1.31,1.54,2.26,,2009,daily_treasury_real_yield_curve_2009.xml
2009-04-29,1248,1.14,1.32,1.59,2.3,,2009,daily_treasury_real_yield_curve_2009.xml
2009-04-30,1247,1.2,1.41,1.69,2.41,,2009,daily_treasury_real_yield_curve_2009.xml
2009-05-01,1246,1.24,1.47,1.8,2.49,,2009,daily_treasury_real_yield_curve_2009.xml
2009-05-04,1249,1.19,1.42,1.77,2.49,,2009,daily_treasury_real_yield_curve_2009.xml
2009-05-05,1252,1.19,1.43,1.77,2.48,,2009,daily_treasury_real_yield_curve_2009.xml
2009-05-06,1251,1.13,1.4,1.74,2.43,,2009,daily_treasury_real_yield_curve_2009.xml
2009-05-07,1250,1.1,1.36,1.74,2.45,,2009,daily_treasury_real_yield_curve_2009.xml
2009-05-08,1245,1.11,1.38,1.77,2.46,,2009,daily_treasury_real_yield_curve_2009.xml
2009-05-11,1240,1.04,1.31,1.7,2.38,,2009,daily_treasury_real_yield_curve_2009.xml
2009-05-12,1239,1.03,1.3,1.69,2.36,,2009,daily_treasury_real_yield_curve_2009.xml
2009-05-13,1238,1.02,1.29,1.67,2.3,,2009,daily_treasury_real_yield_curve_2009.xml
2009-05-14,1241,1.02,1.29,1.68,2.27,,2009,daily_treasury_real_yield_curve_2009.xml
2009-05-15,1244,1.01,1.28,1.66,2.22,,2009,daily_treasury_real_yield_curve_2009.xml
2009-05-18,1243,1.06,1.31,1.66,2.24,,2009,daily_treasury_real_yield_curve_2009.xml
2009-05-19,1242,1.03,1.29,1.65,2.24,,2009,daily_treasury_real_yield_curve_2009.xml
2009-05-20,1201,0.96,1.21,1.56,2.19,,2009,daily_treasury_real_yield_curve_2009.xml
2009-05-21,1200,1.03,1.29,1.67,2.32,,2009,daily_treasury_real_yield_curve_2009.xml
2009-05-22,1199,1.04,1.32,1.72,2.33,,2009,daily_treasury_real_yield_curve_2009.xml
2009-05-26,1202,1.05,1.33,1.72,2.35,,2009,daily_treasury_real_yield_curve_2009.xml
2009-05-27,1205,1.06,1.38,1.83,2.42,,2009,daily_treasury_real_yield_curve_2009.xml
2009-05-28,1204,1.13,1.45,1.87,2.42,,2009,daily_treasury_real_yield_curve_2009.xml
2009-05-29,1203,0.98,1.27,1.67,2.26,,2009,daily_treasury_real_yield_curve_2009.xml
2009-06-01,1198,1.02,1.35,1.8,2.39,,2009,daily_treasury_real_yield_curve_2009.xml
2009-06-02,1193,0.93,1.25,1.69,2.28,,2009,daily_treasury_real_yield_curve_2009.xml
2009-06-03,1192,0.93,1.25,1.68,2.32,,2009,daily_treasury_real_yield_curve_2009.xml
2009-06-04,1191,1.01,1.36,1.83,2.44,,2009,daily_treasury_real_yield_curve_2009.xml
2009-06-05,1194,1.14,1.46,1.88,2.45,,2009,daily_treasury_real_yield_curve_2009.xml
2009-06-08,1197,1.24,1.54,1.94,2.47,,2009,daily_treasury_real_yield_curve_2009.xml
2009-06-09,1196,1.11,1.45,1.88,2.44,,2009,daily_treasury_real_yield_curve_2009.xml
2009-06-10,1195,1.08,1.44,1.91,2.44,,2009,daily_treasury_real_yield_curve_2009.xml
2009-06-11,1206,1.09,1.44,1.89,2.42,,2009,daily_treasury_real_yield_curve_2009.xml
2009-06-12,1217,1.14,1.48,1.91,2.44,,2009,daily_treasury_real_yield_curve_2009.xml
2009-06-15,1216,1.15,1.48,1.9,2.44,,2009,daily_treasury_real_yield_curve_2009.xml
2009-06-16,1215,1.17,1.48,1.88,2.4,,2009,daily_treasury_real_yield_curve_2009.xml
2009-06-17,1218,1.26,1.56,1.95,2.46,,2009,daily_treasury_real_yield_curve_2009.xml
2009-06-18,1221,1.33,1.62,1.98,2.5,,2009,daily_treasury_real_yield_curve_2009.xml
2009-06-19,1220,1.28,1.55,1.91,2.41,,2009,daily_treasury_real_yield_curve_2009.xml
2009-06-22,1219,1.31,1.56,1.89,2.34,,2009,daily_treasury_real_yield_curve_2009.xml
2009-06-23,1214,1.28,1.52,1.84,2.25,,2009,daily_treasury_real_yield_curve_2009.xml
2009-06-24,1209,1.4,1.63,1.93,2.28,,2009,daily_treasury_real_yield_curve_2009.xml
2009-06-25,1208,1.25,1.5,1.82,2.23,,2009,daily_treasury_real_yield_curve_2009.xml
2009-06-26,1207,1.32,1.56,1.85,2.21,,2009,daily_treasury_real_yield_curve_2009.xml
2009-06-29,1210,1.32,1.55,1.83,2.19,,2009,daily_treasury_real_yield_curve_2009.xml
2009-06-30,1213,1.2,1.46,1.78,2.12,,2009,daily_treasury_real_yield_curve_2009.xml
2009-07-01,1212,1.16,1.46,1.83,2.16,,2009,daily_treasury_real_yield_curve_2009.xml
2009-07-02,1211,1.16,1.48,1.87,2.21,,2009,daily_treasury_real_yield_curve_2009.xml
2009-07-06,1044,1.18,1.52,2.03,2.25,,2009,daily_treasury_real_yield_curve_2009.xml
2009-07-07,1043,1.14,1.44,1.87,2.23,,2009,daily_treasury_real_yield_curve_2009.xml
2009-07-08,1042,1.11,1.38,1.79,2.21,,2009,daily_treasury_real_yield_curve_2009.xml
2009-07-09,1045,1.23,1.49,1.87,2.35,,2009,daily_treasury_real_yield_curve_2009.xml
2009-07-10,1048,1.16,1.42,1.8,2.3,,2009,daily_treasury_real_yield_curve_2009.xml
2009-07-13,1047,1.21,1.46,1.84,2.36,,2009,daily_treasury_real_yield_curve_2009.xml
2009-07-14,1046,1.22,1.48,1.86,2.39,,2009,daily_treasury_real_yield_curve_2009.xml
2009-07-15,1041,1.25,1.51,1.87,2.39,,2009,daily_treasury_real_yield_curve_2009.xml
2009-07-16,1036,1.18,1.44,1.82,2.34,,2009,daily_treasury_real_yield_curve_2009.xml
2009-07-17,1035,1.15,1.42,1.81,2.35,,2009,daily_treasury_real_yield_curve_2009.xml
2009-07-20,1034,1.06,1.33,1.73,2.27,,2009,daily_treasury_real_yield_curve_2009.xml
2009-07-21,1037,1.03,1.31,1.71,2.26,,2009,daily_treasury_real_yield_curve_2009.xml
2009-07-22,1040,1.09,1.36,1.75,2.32,,2009,daily_treasury_real_yield_curve_2009.xml
2009-07-23,1039,1.17,1.42,1.8,2.36,,2009,daily_treasury_real_yield_curve_2009.xml
2009-07-24,1038,1.18,1.43,1.81,2.36,,2009,daily_treasury_real_yield_curve_2009.xml
2009-07-27,1049,1.21,1.47,1.85,2.38,,2009,daily_treasury_real_yield_curve_2009.xml
2009-07-28,1060,1.25,1.5,1.86,2.37,,2009,daily_treasury_real_yield_curve_2009.xml
2009-07-29,1059,1.3,1.52,1.84,2.34,,2009,daily_treasury_real_yield_curve_2009.xml
2009-07-30,1058,1.28,1.48,1.78,2.28,,2009,daily_treasury_real_yield_curve_2009.xml
2009-07-31,1061,1.21,1.41,1.71,2.23,,2009,daily_treasury_real_yield_curve_2009.xml
2009-08-03,1064,1.28,1.49,1.78,2.31,,2009,daily_treasury_real_yield_curve_2009.xml
2009-08-04,1063,1.26,1.48,1.81,2.36,,2009,daily_treasury_real_yield_curve_2009.xml
2009-08-05,1062,1.29,1.52,1.85,2.35,,2009,daily_treasury_real_yield_curve_2009.xml
2009-08-06,1057,1.34,1.56,1.87,2.36,,2009,daily_treasury_real_yield_curve_2009.xml
2009-08-07,1052,1.36,1.57,1.88,2.34,,2009,daily_treasury_real_yield_curve_2009.xml
2009-08-10,1051,1.33,1.53,1.83,2.29,,2009,daily_treasury_real_yield_curve_2009.xml
2009-08-11,1050,1.33,1.52,1.8,2.24,,2009,daily_treasury_real_yield_curve_2009.xml
2009-08-12,1053,1.36,1.56,1.84,2.32,,2009,daily_treasury_real_yield_curve_2009.xml
2009-08-13,1056,1.34,1.53,1.8,2.24,,2009,daily_treasury_real_yield_curve_2009.xml
2009-08-14,1055,1.38,1.57,1.85,2.26,,2009,daily_treasury_real_yield_curve_2009.xml
2009-08-17,1054,1.35,1.53,1.79,2.2,,2009,daily_treasury_real_yield_curve_2009.xml
2009-08-18,1013,1.32,1.51,1.78,2.17,,2009,daily_treasury_real_yield_curve_2009.xml
2009-08-19,1012,1.23,1.42,1.7,2.12,,2009,daily_treasury_real_yield_curve_2009.xml
2009-08-20,1011,1.13,1.32,1.6,2.07,,2009,daily_treasury_real_yield_curve_2009.xml
2009-08-21,1014,1.22,1.41,1.69,2.17,,2009,daily_treasury_real_yield_curve_2009.xml
2009-08-24,1017,1.21,1.4,1.67,2.12,,2009,daily_treasury_real_yield_curve_2009.xml
2009-08-25,1016,1.27,1.46,1.72,2.12,,2009,daily_treasury_real_yield_curve_2009.xml
2009-08-26,1015,1.26,1.45,1.72,2.1,,2009,daily_treasury_real_yield_curve_2009.xml
2009-08-27,1010,1.27,1.47,1.75,2.14,,2009,daily_treasury_real_yield_curve_2009.xml
2009-08-28,1005,1.28,1.48,1.76,2.17,,2009,daily_treasury_real_yield_curve_2009.xml
2009-08-31,1004,1.27,1.48,1.76,2.21,,2009,daily_treasury_real_yield_curve_2009.xml
2009-09-01,1003,1.22,1.44,1.74,2.21,,2009,daily_treasury_real_yield_curve_2009.xml
2009-09-02,1006,1.19,1.41,1.71,2.17,,2009,daily_treasury_real_yield_curve_2009.xml
2009-09-03,1009,1.14,1.37,1.69,2.17,,2009,daily_treasury_real_yield_curve_2009.xml
2009-09-04,1008,1.12,1.36,1.7,2.2,,2009,daily_treasury_real_yield_curve_2009.xml
2009-09-08,1007,1.06,1.31,1.66,2.19,,2009,daily_treasury_real_yield_curve_2009.xml
2009-09-09,1018,1.02,1.29,1.66,2.19,,2009,daily_treasury_real_yield_curve_2009.xml
2009-09-10,1029,0.97,1.23,1.59,2.12,,2009,daily_treasury_real_yield_curve_2009.xml
2009-09-11,1028,0.93,1.21,1.59,2.11,,2009,daily_treasury_real_yield_curve_2009.xml
2009-09-14,1027,0.96,1.25,1.65,2.14,,2009,daily_treasury_real_yield_curve_2009.xml
2009-09-15,1030,0.96,1.25,1.64,2.16,,2009,daily_treasury_real_yield_curve_2009.xml
2009-09-16,1033,0.94,1.23,1.62,2.13,,2009,daily_treasury_real_yield_curve_2009.xml
2009-09-17,1032,0.95,1.24,1.62,2.13,,2009,daily_treasury_real_yield_curve_2009.xml
2009-09-18,1031,1.04,1.31,1.68,2.16,,2009,daily_treasury_real_yield_curve_2009.xml
2009-09-21,1026,1.08,1.34,1.69,2.14,,2009,daily_treasury_real_yield_curve_2009.xml
2009-09-22,1021,1.03,1.3,1.65,2.11,,2009,daily_treasury_real_yield_curve_2009.xml
2009-09-23,1020,1,1.27,1.63,2.11,,2009,daily_treasury_real_yield_curve_2009.xml
2009-09-24,1019,1.01,1.28,1.64,2.1,,2009,daily_treasury_real_yield_curve_2009.xml
2009-09-25,1022,1,1.26,1.6,2.07,,2009,daily_treasury_real_yield_curve_2009.xml
2009-09-28,1025,0.98,1.23,1.57,2.05,,2009,daily_treasury_real_yield_curve_2009.xml
2009-09-29,1024,1,1.26,1.59,2.06,,2009,daily_treasury_real_yield_curve_2009.xml
2009-09-30,1023,0.94,1.21,1.56,2.03,,2009,daily_treasury_real_yield_curve_2009.xml
2009-10-01,1065,0.87,1.14,1.5,1.98,,2009,daily_treasury_real_yield_curve_2009.xml
2009-10-02,1107,0.89,1.17,1.54,2.02,,2009,daily_treasury_real_yield_curve_2009.xml
2009-10-05,1106,0.89,1.16,1.51,2.03,,2009,daily_treasury_real_yield_curve_2009.xml
2009-10-06,1105,0.88,1.16,1.53,2.06,,2009,daily_treasury_real_yield_curve_2009.xml
2009-10-07,1108,0.81,1.09,1.45,1.99,,2009,daily_treasury_real_yield_curve_2009.xml
2009-10-08,1111,0.83,1.12,1.49,2.03,,2009,daily_treasury_real_yield_curve_2009.xml
2009-10-09,1110,0.9,1.19,1.56,2.1,,2009,daily_treasury_real_yield_curve_2009.xml
2009-10-13,1109,0.81,1.1,1.46,1.99,,2009,daily_treasury_real_yield_curve_2009.xml
2009-10-14,1104,0.85,1.14,1.51,2.07,,2009,daily_treasury_real_yield_curve_2009.xml
2009-10-15,1099,0.85,1.13,1.5,2.08,,2009,daily_treasury_real_yield_curve_2009.xml
2009-10-16,1098,0.8,1.09,1.45,2.02,,2009,daily_treasury_real_yield_curve_2009.xml
2009-10-19,1097,0.73,1.01,1.38,1.94,,2009,daily_treasury_real_yield_curve_2009.xml
2009-10-20,1100,0.73,1.01,1.37,1.94,,2009,daily_treasury_real_yield_curve_2009.xml
2009-10-21,1103,0.83,1.09,1.43,2,,2009,daily_treasury_real_yield_curve_2009.xml
2009-10-22,1102,0.88,1.15,1.49,2.07,,2009,daily_treasury_real_yield_curve_2009.xml
2009-10-23,1101,0.9,1.17,1.51,2.1,,2009,daily_treasury_real_yield_curve_2009.xml
2009-10-26,1112,0.93,1.22,1.59,2.17,,2009,daily_treasury_real_yield_curve_2009.xml
2009-10-27,1123,0.8,1.11,1.49,2.08,,2009,daily_treasury_real_yield_curve_2009.xml
2009-10-28,1122,0.8,1.1,1.48,2.07,,2009,daily_treasury_real_yield_curve_2009.xml
2009-10-29,1121,0.8,1.11,1.5,2.11,,2009,daily_treasury_real_yield_curve_2009.xml
2009-10-30,1124,0.7,1.01,1.41,2.02,,2009,daily_treasury_real_yield_curve_2009.xml
2009-11-02,1127,0.7,1.01,1.41,2.01,,2009,daily_treasury_real_yield_curve_2009.xml
2009-11-03,1126,0.73,1.06,1.45,2.04,,2009,daily_treasury_real_yield_curve_2009.xml
2009-11-04,1125,0.69,1.03,1.45,2.02,,2009,daily_treasury_real_yield_curve_2009.xml
2009-11-05,1120,0.64,0.98,1.41,2,,2009,daily_treasury_real_yield_curve_2009.xml
2009-11-06,1115,0.6,0.94,1.37,1.98,,2009,daily_treasury_real_yield_curve_2009.xml
2009-11-09,1114,0.52,0.87,1.3,1.95,,2009,daily_treasury_real_yield_curve_2009.xml
2009-11-10,1113,0.53,0.88,1.31,1.98,,2009,daily_treasury_real_yield_curve_2009.xml
2009-11-12,1116,0.55,0.9,1.33,1.99,,2009,daily_treasury_real_yield_curve_2009.xml
2009-11-13,1119,0.55,0.89,1.31,1.96,,2009,daily_treasury_real_yield_curve_2009.xml
2009-11-16,1118,0.46,0.8,1.21,1.84,,2009,daily_treasury_real_yield_curve_2009.xml
2009-11-17,1117,0.45,0.79,1.2,1.83,,2009,daily_treasury_real_yield_curve_2009.xml
2009-11-18,1076,0.41,0.77,1.21,1.84,,2009,daily_treasury_real_yield_curve_2009.xml
2009-11-19,1075,0.4,0.77,1.21,1.84,,2009,daily_treasury_real_yield_curve_2009.xml
2009-11-20,1074,0.4,0.76,1.21,1.85,,2009,daily_treasury_real_yield_curve_2009.xml
2009-11-23,1077,0.38,0.75,1.2,1.84,,2009,daily_treasury_real_yield_curve_2009.xml
2009-11-24,1080,0.34,0.74,1.21,1.82,,2009,daily_treasury_real_yield_curve_2009.xml
2009-11-25,1079,0.3,0.69,1.16,1.78,,2009,daily_treasury_real_yield_curve_2009.xml
2009-11-27,1078,0.29,0.68,1.15,1.77,,2009,daily_treasury_real_yield_curve_2009.xml
2009-11-30,1073,0.26,0.65,1.13,1.76,,2009,daily_treasury_real_yield_curve_2009.xml
2009-12-01,1068,0.23,0.65,1.14,1.79,,2009,daily_treasury_real_yield_curve_2009.xml
2009-12-02,1067,0.27,0.68,1.18,1.79,,2009,daily_treasury_real_yield_curve_2009.xml
2009-12-03,1066,0.32,0.73,1.24,1.85,,2009,daily_treasury_real_yield_curve_2009.xml
2009-12-04,1069,0.43,0.85,1.34,1.95,,2009,daily_treasury_real_yield_curve_2009.xml
2009-12-07,1072,0.38,0.81,1.31,1.95,,2009,daily_treasury_real_yield_curve_2009.xml
2009-12-08,1071,0.37,0.8,1.31,1.96,,2009,daily_treasury_real_yield_curve_2009.xml
2009-12-09,1070,0.44,0.86,1.36,2.01,,2009,daily_treasury_real_yield_curve_2009.xml
2009-12-10,1081,0.46,0.89,1.4,2.06,,2009,daily_treasury_real_yield_curve_2009.xml
2009-12-11,1092,0.47,0.9,1.41,2.04,,2009,daily_treasury_real_yield_curve_2009.xml
2009-12-14,1091,0.46,0.88,1.37,1.99,,2009,daily_treasury_real_yield_curve_2009.xml
2009-12-15,1090,0.45,0.87,1.37,2.01,,2009,daily_treasury_real_yield_curve_2009.xml
2009-12-16,1093,0.42,0.84,1.34,1.99,,2009,daily_treasury_real_yield_curve_2009.xml
2009-12-17,1096,0.36,0.78,1.28,1.94,,2009,daily_treasury_real_yield_curve_2009.xml
2009-12-18,1095,0.38,0.81,1.31,1.95,,2009,daily_treasury_real_yield_curve_2009.xml
2009-12-21,1094,0.45,0.88,1.39,2.03,,2009,daily_treasury_real_yield_curve_2009.xml
2009-12-22,1089,0.48,0.92,1.43,2.06,,2009,daily_treasury_real_yield_curve_2009.xml
2009-12-23,1084,0.49,0.94,1.46,2.09,,2009,daily_treasury_real_yield_curve_2009.xml
2009-12-24,1083,0.52,0.98,1.5,2.14,,2009,daily_treasury_real_yield_curve_2009.xml
2009-12-28,1082,0.54,0.99,1.5,2.12,,2009,daily_treasury_real_yield_curve_2009.xml
2009-12-29,1085,0.52,0.96,1.46,2.07,,2009,daily_treasury_real_yield_curve_2009.xml
2009-12-30,1088,0.5,0.95,1.44,2.02,,2009,daily_treasury_real_yield_curve_2009.xml
2009-12-31,1087,0.56,1,1.48,2.03,,2009,daily_treasury_real_yield_curve_2009.xml
2010-01-04,1086,0.52,0.97,1.47,2.04,,2010,daily_treasury_real_yield_curve_2010.xml
2010-01-05,1419,0.44,0.91,1.43,1.97,,2010,daily_treasury_real_yield_curve_2010.xml
2010-01-06,1418,0.44,0.94,1.48,2.03,,2010,daily_treasury_real_yield_curve_2010.xml
2010-01-07,1417,0.43,0.91,1.44,2.02,,2010,daily_treasury_real_yield_curve_2010.xml
2010-01-08,1420,0.39,0.88,1.41,2,,2010,daily_treasury_real_yield_curve_2010.xml
2010-01-11,1423,0.46,0.88,1.47,2.04,,2010,daily_treasury_real_yield_curve_2010.xml
2010-01-12,1422,0.34,0.78,1.35,1.96,,2010,daily_treasury_real_yield_curve_2010.xml
2010-01-13,1421,0.42,0.86,1.43,2.05,,2010,daily_treasury_real_yield_curve_2010.xml
2010-01-14,1416,0.39,0.84,1.4,2.01,,2010,daily_treasury_real_yield_curve_2010.xml
2010-01-15,1411,0.34,0.78,1.34,2,,2010,daily_treasury_real_yield_curve_2010.xml
2010-01-19,1410,0.39,0.77,1.35,2.01,,2010,daily_treasury_real_yield_curve_2010.xml
2010-01-20,1409,0.36,0.74,1.31,1.98,,2010,daily_treasury_real_yield_curve_2010.xml
2010-01-21,1412,0.4,0.83,1.29,1.95,,2010,daily_treasury_real_yield_curve_2010.xml
2010-01-22,1415,0.42,0.84,1.31,1.96,,2010,daily_treasury_real_yield_curve_2010.xml
2010-01-25,1414,0.42,0.85,1.33,2,,2010,daily_treasury_real_yield_curve_2010.xml
2010-01-26,1413,0.41,0.83,1.31,1.99,,2010,daily_treasury_real_yield_curve_2010.xml
2010-01-27,1424,0.47,0.89,1.35,2,,2010,daily_treasury_real_yield_curve_2010.xml
2010-01-28,1435,0.47,0.89,1.35,1.97,,2010,daily_treasury_real_yield_curve_2010.xml
2010-01-29,1434,0.43,0.85,1.3,1.93,,2010,daily_treasury_real_yield_curve_2010.xml
2010-02-01,1433,0.39,0.81,1.29,1.92,,2010,daily_treasury_real_yield_curve_2010.xml
2010-02-02,1436,0.35,0.79,1.26,1.91,,2010,daily_treasury_real_yield_curve_2010.xml
2010-02-03,1439,0.35,0.8,1.3,1.96,,2010,daily_treasury_real_yield_curve_2010.xml
2010-02-04,1438,0.3,0.75,1.27,1.93,,2010,daily_treasury_real_yield_curve_2010.xml
2010-02-05,1437,0.34,0.8,1.32,1.97,,2010,daily_treasury_real_yield_curve_2010.xml
2010-02-08,1432,0.35,0.81,1.35,1.98,,2010,daily_treasury_real_yield_curve_2010.xml
2010-02-09,1427,0.38,0.85,1.37,2.01,,2010,daily_treasury_real_yield_curve_2010.xml
2010-02-10,1426,0.42,0.89,1.44,2.08,,2010,daily_treasury_real_yield_curve_2010.xml
2010-02-11,1425,0.43,0.92,1.47,2.13,,2010,daily_treasury_real_yield_curve_2010.xml
2010-02-12,1428,0.39,0.88,1.46,2.12,,2010,daily_treasury_real_yield_curve_2010.xml
2010-02-16,1431,0.37,0.87,1.42,2.09,,2010,daily_treasury_real_yield_curve_2010.xml
2010-02-17,1430,0.39,0.88,1.46,2.12,,2010,daily_treasury_real_yield_curve_2010.xml
2010-02-18,1429,0.44,0.95,1.48,2.13,,2010,daily_treasury_real_yield_curve_2010.xml
2010-02-19,1388,0.51,1.01,1.52,2.14,,2010,daily_treasury_real_yield_curve_2010.xml
2010-02-22,1387,0.55,1.09,1.55,2.04,2.22,2010,daily_treasury_real_yield_curve_2010.xml
2010-02-23,1386,0.47,1,1.5,2,2.14,2010,daily_treasury_real_yield_curve_2010.xml
2010-02-24,1389,0.5,1.03,1.51,2,2.16,2010,daily_treasury_real_yield_curve_2010.xml
2010-02-25,1392,0.5,1.03,1.51,2.01,2.16,2010,daily_treasury_real_yield_curve_2010.xml
2010-02-26,1391,0.47,0.99,1.48,1.98,2.13,2010,daily_treasury_real_yield_curve_2010.xml
2010-03-01,1390,0.45,0.98,1.46,1.98,2.14,2010,daily_treasury_real_yield_curve_2010.xml
2010-03-02,1385,0.44,0.98,1.46,1.98,2.14,2010,daily_treasury_real_yield_curve_2010.xml
2010-03-03,1380,0.43,0.97,1.46,1.99,2.15,2010,daily_treasury_real_yield_curve_2010.xml
2010-03-04,1379,0.44,0.96,1.44,1.96,2.12,2010,daily_treasury_real_yield_curve_2010.xml
2010-03-05,1378,0.46,1,1.48,1.99,2.15,2010,daily_treasury_real_yield_curve_2010.xml
2010-03-08,1381,0.49,1.03,1.49,2,2.17,2010,daily_treasury_real_yield_curve_2010.xml
2010-03-09,1384,0.46,0.99,1.48,2.02,2.19,2010,daily_treasury_real_yield_curve_2010.xml
2010-03-10,1383,0.48,1.01,1.49,2,2.18,2010,daily_treasury_real_yield_curve_2010.xml
2010-03-11,1382,0.54,1.06,1.49,1.97,2.16,2010,daily_treasury_real_yield_curve_2010.xml
2010-03-12,1393,0.49,1.01,1.45,1.94,2.13,2010,daily_treasury_real_yield_curve_2010.xml
2010-03-15,1404,0.49,1.02,1.46,1.95,2.13,2010,daily_treasury_real_yield_curve_2010.xml
2010-03-16,1403,0.45,0.98,1.42,1.92,2.11,2010,daily_treasury_real_yield_curve_2010.xml
2010-03-17,1402,0.42,0.95,1.4,1.9,2.07,2010,daily_treasury_real_yield_curve_2010.xml
2010-03-18,1405,0.52,1.03,1.45,1.91,2.09,2010,daily_treasury_real_yield_curve_2010.xml
2010-03-19,1408,0.62,1.11,1.5,1.92,2.1,2010,daily_treasury_real_yield_curve_2010.xml
2010-03-22,1407,0.61,1.1,1.48,1.91,2.09,2010,daily_treasury_real_yield_curve_2010.xml
2010-03-23,1406,0.64,1.12,1.49,1.93,2.11,2010,daily_treasury_real_yield_curve_2010.xml
2010-03-24,1401,0.73,1.21,1.6,2.03,2.21,2010,daily_treasury_real_yield_curve_2010.xml
2010-03-25,1396,0.78,1.28,1.65,2.06,2.23,2010,daily_treasury_real_yield_curve_2010.xml
2010-03-26,1395,0.73,1.24,1.62,2.03,2.2,2010,daily_treasury_real_yield_curve_2010.xml
2010-03-29,1394,0.75,1.25,1.66,2.07,2.22,2010,daily_treasury_real_yield_curve_2010.xml
2010-03-30,1397,0.77,1.28,1.66,2.06,2.22,2010,daily_treasury_real_yield_curve_2010.xml
2010-03-31,1400,0.72,1.23,1.6,1.99,2.16,2010,daily_treasury_real_yield_curve_2010.xml
2010-04-01,1399,0.74,1.26,1.61,2,2.16,2010,daily_treasury_real_yield_curve_2010.xml
2010-04-02,1398,0.81,1.33,1.69,2.07,2.22,2010,daily_treasury_real_yield_curve_2010.xml
2010-04-05,1440,0.83,1.34,1.7,2.09,2.26,2010,daily_treasury_real_yield_curve_2010.xml
2010-04-06,1482,0.68,1.15,1.68,2.2,2.2,2010,daily_treasury_real_yield_curve_2010.xml
2010-04-07,1481,0.58,1.07,1.55,2.01,2.09,2010,daily_treasury_real_yield_curve_2010.xml
2010-04-08,1480,0.69,1.21,1.58,1.95,2.11,2010,daily_treasury_real_yield_curve_2010.xml
2010-04-09,1483,0.68,1.2,1.56,1.94,2.1,2010,daily_treasury_real_yield_curve_2010.xml
2010-04-12,1486,0.65,1.17,1.52,1.9,2.06,2010,daily_treasury_real_yield_curve_2010.xml
2010-04-13,1485,0.65,1.15,1.5,1.88,2.05,2010,daily_treasury_real_yield_curve_2010.xml
2010-04-14,1484,0.66,1.18,1.54,1.92,2.08,2010,daily_treasury_real_yield_curve_2010.xml
2010-04-15,1479,0.61,1.12,1.49,1.88,2.04,2010,daily_treasury_real_yield_curve_2010.xml
2010-04-16,1474,0.59,1.11,1.46,1.85,2.02,2010,daily_treasury_real_yield_curve_2010.xml
2010-04-19,1473,0.63,1.15,1.49,1.88,2.05,2010,daily_treasury_real_yield_curve_2010.xml
2010-04-20,1472,0.6,1.1,1.47,1.86,2.03,2010,daily_treasury_real_yield_curve_2010.xml
2010-04-21,1475,0.57,1.06,1.42,1.81,1.98,2010,daily_treasury_real_yield_curve_2010.xml
2010-04-22,1478,0.62,1.11,1.46,1.84,2.01,2010,daily_treasury_real_yield_curve_2010.xml
2010-04-23,1477,0.62,1.11,1.47,1.84,2.01,2010,daily_treasury_real_yield_curve_2010.xml
2010-04-26,1476,0.6,1.05,1.46,1.87,2,2010,daily_treasury_real_yield_curve_2010.xml
2010-04-27,1487,0.46,0.85,1.37,1.75,1.93,2010,daily_treasury_real_yield_curve_2010.xml
2010-04-28,1498,0.53,1,1.4,1.78,1.97,2010,daily_treasury_real_yield_curve_2010.xml
2010-04-29,1497,0.43,0.76,1.31,1.71,1.88,2010,daily_treasury_real_yield_curve_2010.xml
2010-04-30,1496,0.42,0.75,1.29,1.68,1.85,2010,daily_treasury_real_yield_curve_2010.xml
2010-05-03,1499,0.47,0.93,1.32,1.72,1.87,2010,daily_treasury_real_yield_curve_2010.xml
2010-05-04,1502,0.44,0.9,1.31,1.7,1.85,2010,daily_treasury_real_yield_curve_2010.xml
2010-05-05,1501,0.42,0.9,1.3,1.69,1.84,2010,daily_treasury_real_yield_curve_2010.xml
2010-05-06,1500,0.34,0.82,1.25,1.61,1.73,2010,daily_treasury_real_yield_curve_2010.xml
2010-05-07,1495,0.42,0.89,1.3,1.69,1.82,2010,daily_treasury_real_yield_curve_2010.xml
2010-05-10,1490,0.42,0.9,1.33,1.74,1.87,2010,daily_treasury_real_yield_curve_2010.xml
2010-05-11,1489,0.4,0.88,1.31,1.73,1.86,2010,daily_treasury_real_yield_curve_2010.xml
2010-05-12,1488,0.37,0.84,1.28,1.72,1.86,2010,daily_treasury_real_yield_curve_2010.xml
2010-05-13,1491,0.38,0.86,1.28,1.71,1.84,2010,daily_treasury_real_yield_curve_2010.xml
2010-05-14,1494,0.33,0.81,1.26,1.68,1.79,2010,daily_treasury_real_yield_curve_2010.xml
2010-05-17,1493,0.39,0.87,1.31,1.72,1.83,2010,daily_treasury_real_yield_curve_2010.xml
2010-05-18,1492,0.34,0.82,1.25,1.65,1.76,2010,daily_treasury_real_yield_curve_2010.xml
2010-05-19,1451,0.43,0.89,1.32,1.73,1.83,2010,daily_treasury_real_yield_curve_2010.xml
2010-05-20,1450,0.46,0.92,1.36,1.79,1.84,2010,daily_treasury_real_yield_curve_2010.xml
2010-05-21,1449,0.41,0.78,1.33,1.79,1.79,2010,daily_treasury_real_yield_curve_2010.xml
2010-05-24,1452,0.42,0.79,1.35,1.82,1.82,2010,daily_treasury_real_yield_curve_2010.xml
2010-05-25,1455,0.44,0.84,1.33,1.77,1.83,2010,daily_treasury_real_yield_curve_2010.xml
2010-05-26,1454,0.44,0.83,1.3,1.73,1.81,2010,daily_treasury_real_yield_curve_2010.xml
2010-05-27,1453,0.46,0.85,1.33,1.75,1.84,2010,daily_treasury_real_yield_curve_2010.xml
2010-05-28,1448,0.41,0.81,1.32,1.74,1.83,2010,daily_treasury_real_yield_curve_2010.xml
2010-06-01,1443,0.41,0.82,1.32,1.74,1.83,2010,daily_treasury_real_yield_curve_2010.xml
2010-06-02,1442,0.43,0.85,1.36,1.76,1.85,2010,daily_treasury_real_yield_curve_2010.xml
2010-06-03,1441,0.4,0.82,1.34,1.75,1.84,2010,daily_treasury_real_yield_curve_2010.xml
2010-06-04,1444,0.32,0.75,1.26,1.68,1.77,2010,daily_treasury_real_yield_curve_2010.xml
2010-06-07,1447,0.31,0.74,1.25,1.65,1.76,2010,daily_treasury_real_yield_curve_2010.xml
2010-06-08,1446,0.36,0.79,1.29,1.68,1.77,2010,daily_treasury_real_yield_curve_2010.xml
2010-06-09,1445,0.36,0.78,1.28,1.67,1.78,2010,daily_treasury_real_yield_curve_2010.xml
2010-06-10,1456,0.44,0.86,1.35,1.77,1.86,2010,daily_treasury_real_yield_curve_2010.xml
2010-06-11,1467,0.38,0.8,1.29,1.7,1.79,2010,daily_treasury_real_yield_curve_2010.xml
2010-06-14,1466,0.38,0.8,1.31,1.72,1.82,2010,daily_treasury_real_yield_curve_2010.xml
2010-06-15,1465,0.42,0.83,1.32,1.74,1.83,2010,daily_treasury_real_yield_curve_2010.xml
2010-06-16,1468,0.39,0.8,1.28,1.7,1.79,2010,daily_treasury_real_yield_curve_2010.xml
2010-06-17,1471,0.33,0.74,1.22,1.65,1.73,2010,daily_treasury_real_yield_curve_2010.xml
2010-06-18,1470,0.35,0.76,1.25,1.68,1.76,2010,daily_treasury_real_yield_curve_2010.xml
2010-06-21,1469,0.34,0.75,1.24,1.67,1.75,2010,daily_treasury_real_yield_curve_2010.xml
2010-06-22,1464,0.3,0.71,1.2,1.65,1.72,2010,daily_treasury_real_yield_curve_2010.xml
2010-06-23,1459,0.29,0.7,1.19,1.64,1.71,2010,daily_treasury_real_yield_curve_2010.xml
2010-06-24,1458,0.33,0.74,1.23,1.69,1.76,2010,daily_treasury_real_yield_curve_2010.xml
2010-06-25,1457,0.29,0.72,1.21,1.69,1.74,2010,daily_treasury_real_yield_curve_2010.xml
2010-06-28,1460,0.26,0.67,1.17,1.65,1.72,2010,daily_treasury_real_yield_curve_2010.xml
2010-06-29,1463,0.24,0.65,1.14,1.64,1.7,2010,daily_treasury_real_yield_curve_2010.xml
2010-06-30,1462,0.25,0.66,1.15,1.64,1.71,2010,daily_treasury_real_yield_curve_2010.xml
2010-07-01,1461,0.32,0.72,1.21,1.7,1.76,2010,daily_treasury_real_yield_curve_2010.xml
2010-07-02,1294,0.34,0.77,1.27,1.74,1.81,2010,daily_treasury_real_yield_curve_2010.xml
2010-07-06,1293,0.35,0.77,1.26,1.71,1.8,2010,daily_treasury_real_yield_curve_2010.xml
2010-07-07,1292,0.39,0.81,1.3,1.78,1.85,2010,daily_treasury_real_yield_curve_2010.xml
2010-07-08,1295,0.37,0.74,1.25,1.76,1.82,2010,daily_treasury_real_yield_curve_2010.xml
2010-07-09,1298,0.38,0.76,1.26,1.8,1.83,2010,daily_treasury_real_yield_curve_2010.xml
2010-07-12,1297,0.37,0.75,1.26,1.78,1.84,2010,daily_treasury_real_yield_curve_2010.xml
2010-07-13,1296,0.39,0.77,1.28,1.83,1.87,2010,daily_treasury_real_yield_curve_2010.xml
2010-07-14,1291,0.34,0.72,1.23,1.81,1.83,2010,daily_treasury_real_yield_curve_2010.xml
2010-07-15,1286,0.33,0.71,1.21,1.77,1.82,2010,daily_treasury_real_yield_curve_2010.xml
2010-07-16,1285,0.34,0.73,1.25,1.78,1.88,2010,daily_treasury_real_yield_curve_2010.xml
2010-07-19,1284,0.39,0.77,1.29,1.85,1.95,2010,daily_treasury_real_yield_curve_2010.xml
2010-07-20,1287,0.39,0.77,1.28,1.86,1.95,2010,daily_treasury_real_yield_curve_2010.xml
2010-07-21,1290,0.32,0.7,1.19,1.75,1.86,2010,daily_treasury_real_yield_curve_2010.xml
2010-07-22,1289,0.32,0.7,1.21,1.78,1.87,2010,daily_treasury_real_yield_curve_2010.xml
2010-07-23,1288,0.36,0.73,1.24,1.85,1.93,2010,daily_treasury_real_yield_curve_2010.xml
2010-07-26,1299,0.36,0.73,1.24,1.87,1.92,2010,daily_treasury_real_yield_curve_2010.xml
2010-07-27,1310,0.38,0.75,1.26,1.92,1.94,2010,daily_treasury_real_yield_curve_2010.xml
2010-07-28,1309,0.29,0.69,1.22,1.85,1.91,2010,daily_treasury_real_yield_curve_2010.xml
2010-07-29,1308,0.25,0.66,1.21,1.83,1.92,2010,daily_treasury_real_yield_curve_2010.xml
2010-07-30,1311,0.17,0.59,1.14,1.75,1.85,2010,daily_treasury_real_yield_curve_2010.xml
2010-08-02,1314,0.14,0.56,1.13,1.76,1.88,2010,daily_treasury_real_yield_curve_2010.xml
2010-08-03,1313,0.04,0.48,1.07,1.71,1.85,2010,daily_treasury_real_yield_curve_2010.xml
2010-08-04,1312,0.12,0.54,1.12,1.77,1.88,2010,daily_treasury_real_yield_curve_2010.xml
2010-08-05,1307,0.07,0.49,1.07,1.73,1.86,2010,daily_treasury_real_yield_curve_2010.xml
2010-08-06,1302,0.05,0.47,1.04,1.73,1.85,2010,daily_treasury_real_yield_curve_2010.xml
2010-08-09,1301,0.06,0.47,1.04,1.73,1.85,2010,daily_treasury_real_yield_curve_2010.xml
2010-08-10,1300,-0.02,0.39,0.95,1.63,1.78,2010,daily_treasury_real_yield_curve_2010.xml
2010-08-11,1303,0.01,0.41,0.95,1.67,1.8,2010,daily_treasury_real_yield_curve_2010.xml
2010-08-12,1306,0.13,0.52,1.05,1.73,1.86,2010,daily_treasury_real_yield_curve_2010.xml
2010-08-13,1305,0.13,0.5,1,1.68,1.8,2010,daily_treasury_real_yield_curve_2010.xml
2010-08-16,1304,0.11,0.47,0.95,1.6,1.74,2010,daily_treasury_real_yield_curve_2010.xml
2010-08-17,1263,0.16,0.52,1.01,1.67,1.78,2010,daily_treasury_real_yield_curve_2010.xml
2010-08-18,1262,0.18,0.54,1.02,1.67,1.78,2010,daily_treasury_real_yield_curve_2010.xml
2010-08-19,1261,0.19,0.54,1.02,1.65,1.77,2010,daily_treasury_real_yield_curve_2010.xml
2010-08-20,1264,0.23,0.57,1.05,1.71,1.77,2010,daily_treasury_real_yield_curve_2010.xml
2010-08-23,1267,0.22,0.57,1.05,1.64,1.69,2010,daily_treasury_real_yield_curve_2010.xml
2010-08-24,1266,0.17,0.53,1.01,1.57,1.68,2010,daily_treasury_real_yield_curve_2010.xml
2010-08-25,1265,0.19,0.54,1.01,1.54,1.65,2010,daily_treasury_real_yield_curve_2010.xml
2010-08-26,1260,0.14,0.49,0.95,1.48,1.59,2010,daily_treasury_real_yield_curve_2010.xml
2010-08-27,1255,0.22,0.58,1.05,1.6,1.67,2010,daily_treasury_real_yield_curve_2010.xml
2010-08-30,1254,0.16,0.52,0.99,1.54,1.62,2010,daily_treasury_real_yield_curve_2010.xml
2010-08-31,1253,0.14,0.49,0.95,1.51,1.6,2010,daily_treasury_real_yield_curve_2010.xml
2010-09-01,1256,0.2,0.55,1.02,1.58,1.65,2010,daily_treasury_real_yield_curve_2010.xml
2010-09-02,1259,0.23,0.58,1.05,1.64,1.69,2010,daily_treasury_real_yield_curve_2010.xml
2010-09-03,1258,0.24,0.61,1.1,1.67,1.72,2010,daily_treasury_real_yield_curve_2010.xml
2010-09-07,1257,0.17,0.52,0.98,1.56,1.65,2010,daily_treasury_real_yield_curve_2010.xml
2010-09-08,1268,0.23,0.56,1.02,1.63,1.69,2010,daily_treasury_real_yield_curve_2010.xml
2010-09-09,1279,0.28,0.6,1.05,1.71,1.73,2010,daily_treasury_real_yield_curve_2010.xml
2010-09-10,1278,0.25,0.57,1.02,1.7,1.73,2010,daily_treasury_real_yield_curve_2010.xml
2010-09-13,1277,0.17,0.49,0.94,1.6,1.65,2010,daily_treasury_real_yield_curve_2010.xml
2010-09-14,1280,0.15,0.46,0.93,1.64,1.66,2010,daily_treasury_real_yield_curve_2010.xml
2010-09-15,1283,0.17,0.5,0.97,1.68,1.72,2010,daily_treasury_real_yield_curve_2010.xml
2010-09-16,1282,0.19,0.52,1,1.73,1.77,2010,daily_treasury_real_yield_curve_2010.xml
2010-09-17,1281,0.21,0.54,1,1.71,1.79,2010,daily_treasury_real_yield_curve_2010.xml
2010-09-20,1276,0.19,0.52,0.94,1.61,1.74,2010,daily_treasury_real_yield_curve_2010.xml
2010-09-21,1271,0.05,0.36,0.78,1.47,1.61,2010,daily_treasury_real_yield_curve_2010.xml
2010-09-22,1270,0.01,0.32,0.74,1.44,1.56,2010,daily_treasury_real_yield_curve_2010.xml
2010-09-23,1269,0.05,0.36,0.77,1.44,1.59,2010,daily_treasury_real_yield_curve_2010.xml
2010-09-24,1272,0.06,0.38,0.81,1.51,1.65,2010,daily_treasury_real_yield_curve_2010.xml
2010-09-27,1275,0.02,0.33,0.79,1.53,1.61,2010,daily_treasury_real_yield_curve_2010.xml
2010-09-28,1274,-0.06,0.24,0.69,1.43,1.53,2010,daily_treasury_real_yield_curve_2010.xml
2010-09-29,1273,-0.02,0.29,0.74,1.48,1.58,2010,daily_treasury_real_yield_curve_2010.xml
2010-09-30,1315,-0.03,0.29,0.75,1.51,1.63,2010,daily_treasury_real_yield_curve_2010.xml
2010-10-01,1357,-0.07,0.27,0.75,1.49,1.61,2010,daily_treasury_real_yield_curve_2010.xml
2010-10-04,1356,-0.1,0.24,0.72,1.49,1.59,2010,daily_treasury_real_yield_curve_2010.xml
2010-10-05,1355,-0.19,0.16,0.65,1.4,1.54,2010,daily_treasury_real_yield_curve_2010.xml
2010-10-06,1358,-0.29,0.04,0.52,1.31,1.43,2010,daily_treasury_real_yield_curve_2010.xml
2010-10-07,1361,-0.27,0.06,0.53,1.34,1.48,2010,daily_treasury_real_yield_curve_2010.xml
2010-10-08,1360,-0.37,-0.03,0.45,1.27,1.42,2010,daily_treasury_real_yield_curve_2010.xml
2010-10-12,1359,-0.34,0,0.49,1.32,1.46,2010,daily_treasury_real_yield_curve_2010.xml
2010-10-13,1354,-0.44,-0.07,0.44,1.25,1.41,2010,daily_treasury_real_yield_curve_2010.xml
2010-10-14,1349,-0.49,-0.12,0.41,1.23,1.36,2010,daily_treasury_real_yield_curve_2010.xml
2010-10-15,1348,-0.38,-0.02,0.5,1.32,1.42,2010,daily_treasury_real_yield_curve_2010.xml
2010-10-18,1347,-0.39,-0.04,0.47,1.29,1.39,2010,daily_treasury_real_yield_curve_2010.xml
2010-10-19,1350,-0.4,-0.05,0.44,1.22,1.35,2010,daily_treasury_real_yield_curve_2010.xml
2010-10-20,1353,-0.37,-0.03,0.47,1.26,1.36,2010,daily_treasury_real_yield_curve_2010.xml
2010-10-21,1352,-0.37,-0.02,0.5,1.32,1.38,2010,daily_treasury_real_yield_curve_2010.xml
2010-10-22,1351,-0.39,-0.03,0.5,1.3,1.4,2010,daily_treasury_real_yield_curve_2010.xml
2010-10-25,1362,-0.42,-0.07,0.45,1.27,1.35,2010,daily_treasury_real_yield_curve_2010.xml
2010-10-26,1373,-0.36,0,0.52,1.34,1.42,2010,daily_treasury_real_yield_curve_2010.xml
2010-10-27,1372,-0.25,0.11,0.62,1.4,1.48,2010,daily_treasury_real_yield_curve_2010.xml
2010-10-28,1371,-0.29,0.06,0.57,1.37,1.45,2010,daily_treasury_real_yield_curve_2010.xml
2010-10-29,1374,-0.31,0.03,0.5,1.27,1.41,2010,daily_treasury_real_yield_curve_2010.xml
2010-11-01,1377,-0.34,0.02,0.49,1.23,1.4,2010,daily_treasury_real_yield_curve_2010.xml
2010-11-02,1376,-0.34,0.02,0.49,1.18,1.35,2010,daily_treasury_real_yield_curve_2010.xml
2010-11-03,1375,-0.4,0,0.5,1.22,1.43,2010,daily_treasury_real_yield_curve_2010.xml
2010-11-04,1370,-0.48,-0.07,0.44,1.2,1.47,2010,daily_treasury_real_yield_curve_2010.xml
2010-11-05,1365,-0.47,-0.05,0.48,1.26,1.52,2010,daily_treasury_real_yield_curve_2010.xml
2010-11-08,1364,-0.45,-0.04,0.48,1.26,1.52,2010,daily_treasury_real_yield_curve_2010.xml
2010-11-09,1363,-0.31,0.07,0.58,1.4,1.62,2010,daily_treasury_real_yield_curve_2010.xml
2010-11-10,1366,-0.37,0.04,0.56,1.35,1.58,2010,daily_treasury_real_yield_curve_2010.xml
2010-11-12,1369,-0.22,0.19,0.71,1.47,1.66,2010,daily_treasury_real_yield_curve_2010.xml
2010-11-15,1368,-0.06,0.34,0.87,1.68,1.79,2010,daily_treasury_real_yield_curve_2010.xml
2010-11-16,1367,0,0.36,0.87,1.66,1.75,2010,daily_treasury_real_yield_curve_2010.xml
2010-11-17,1326,-0.04,0.32,0.84,1.67,1.76,2010,daily_treasury_real_yield_curve_2010.xml
2010-11-18,1325,-0.06,0.31,0.83,1.64,1.73,2010,daily_treasury_real_yield_curve_2010.xml
2010-11-19,1324,-0.05,0.3,0.77,1.54,1.7,2010,daily_treasury_real_yield_curve_2010.xml
2010-11-22,1327,-0.14,0.22,0.7,1.48,1.64,2010,daily_treasury_real_yield_curve_2010.xml
2010-11-23,1330,-0.14,0.22,0.69,1.46,1.63,2010,daily_treasury_real_yield_curve_2010.xml
2010-11-24,1329,-0.03,0.33,0.8,1.56,1.73,2010,daily_treasury_real_yield_curve_2010.xml
2010-11-26,1328,-0.07,0.29,0.75,1.5,1.65,2010,daily_treasury_real_yield_curve_2010.xml
2010-11-29,1323,-0.07,0.28,0.73,1.45,1.63,2010,daily_treasury_real_yield_curve_2010.xml
2010-11-30,1318,-0.07,0.28,0.74,1.49,1.65,2010,daily_treasury_real_yield_curve_2010.xml
2010-12-01,1317,0.04,0.4,0.83,1.54,1.73,2010,daily_treasury_real_yield_curve_2010.xml
2010-12-02,1316,0.04,0.4,0.84,1.55,1.73,2010,daily_treasury_real_yield_curve_2010.xml
2010-12-03,1319,0.02,0.39,0.86,1.6,1.77,2010,daily_treasury_real_yield_curve_2010.xml
2010-12-06,1322,-0.07,0.31,0.79,1.56,1.72,2010,daily_treasury_real_yield_curve_2010.xml
2010-12-07,1321,0.07,0.47,0.92,1.63,1.81,2010,daily_treasury_real_yield_curve_2010.xml
2010-12-08,1320,0.19,0.61,1.07,1.74,1.91,2010,daily_treasury_real_yield_curve_2010.xml
2010-12-09,1331,0.25,0.67,1.09,1.72,1.92,2010,daily_treasury_real_yield_curve_2010.xml
2010-12-10,1342,0.33,0.76,1.16,1.76,1.95,2010,daily_treasury_real_yield_curve_2010.xml
2010-12-13,1341,0.25,0.69,1.11,1.71,1.9,2010,daily_treasury_real_yield_curve_2010.xml
2010-12-14,1340,0.39,0.86,1.27,1.85,2.04,2010,daily_treasury_real_yield_curve_2010.xml
2010-12-15,1343,0.34,0.82,1.22,1.8,2,2010,daily_treasury_real_yield_curve_2010.xml
2010-12-16,1346,0.28,0.76,1.15,1.73,1.94,2010,daily_treasury_real_yield_curve_2010.xml
2010-12-17,1345,0.22,0.69,1.05,1.63,1.85,2010,daily_treasury_real_yield_curve_2010.xml
2010-12-20,1344,0.24,0.71,1.07,1.66,1.89,2010,daily_treasury_real_yield_curve_2010.xml
2010-12-21,1339,0.22,0.69,1.06,1.65,1.89,2010,daily_treasury_real_yield_curve_2010.xml
2010-12-22,1334,0.21,0.68,1.03,1.63,1.9,2010,daily_treasury_real_yield_curve_2010.xml
2010-12-23,1333,0.26,0.73,1.08,1.67,1.93,2010,daily_treasury_real_yield_curve_2010.xml
2010-12-27,1332,0.25,0.71,1.06,1.64,1.91,2010,daily_treasury_real_yield_curve_2010.xml
2010-12-28,1335,0.34,0.81,1.17,1.76,2.01,2010,daily_treasury_real_yield_curve_2010.xml
2010-12-29,1338,0.22,0.7,1.06,1.65,1.9,2010,daily_treasury_real_yield_curve_2010.xml
2010-12-30,1337,0.24,0.71,1.08,1.67,1.93,2010,daily_treasury_real_yield_curve_2010.xml
2010-12-31,1336,0.18,0.65,1,1.59,1.86,2010,daily_treasury_real_yield_curve_2010.xml
2011-01-03,2010,0.2,0.68,1.05,1.64,1.9,2011,daily_treasury_real_yield_curve_2011.xml
2011-01-04,2009,0.15,0.63,1.01,1.63,1.91,2011,daily_treasury_real_yield_curve_2011.xml
2011-01-05,2011,0.2,0.7,1.08,1.69,1.96,2011,daily_treasury_real_yield_curve_2011.xml
2011-01-06,2013,0.13,0.64,1.03,1.66,1.94,2011,daily_treasury_real_yield_curve_2011.xml
2011-01-07,2012,0.05,0.57,0.98,1.63,1.91,2011,daily_treasury_real_yield_curve_2011.xml
2011-01-10,2005,0.02,0.55,0.96,1.62,1.9,2011,daily_treasury_real_yield_curve_2011.xml
2011-01-11,2004,-0.02,0.53,0.97,1.62,1.89,2011,daily_treasury_real_yield_curve_2011.xml
2011-01-12,2006,-0.01,0.54,0.98,1.64,1.91,2011,daily_treasury_real_yield_curve_2011.xml
2011-01-13,2008,-0.02,0.54,0.97,1.62,1.9,2011,daily_treasury_real_yield_curve_2011.xml
2011-01-14,2007,0.02,0.58,1,1.65,1.93,2011,daily_treasury_real_yield_curve_2011.xml
2011-01-18,2020,0.02,0.57,0.99,1.65,1.94,2011,daily_treasury_real_yield_curve_2011.xml
2011-01-19,2019,0.01,0.57,0.99,1.64,1.92,2011,daily_treasury_real_yield_curve_2011.xml
2011-01-20,2021,0.16,0.74,1.22,1.8,2.04,2011,daily_treasury_real_yield_curve_2011.xml
2011-01-21,2023,0.12,0.71,1.2,1.79,2.02,2011,daily_treasury_real_yield_curve_2011.xml
2011-01-24,2022,0.1,0.7,1.18,1.79,2.03,2011,daily_treasury_real_yield_curve_2011.xml
2011-01-25,2015,0.02,0.6,1.11,1.75,2,2011,daily_treasury_real_yield_curve_2011.xml
2011-01-26,2014,0.07,0.65,1.16,1.82,2.07,2011,daily_treasury_real_yield_curve_2011.xml
2011-01-27,2016,0.08,0.67,1.16,1.82,2.08,2011,daily_treasury_real_yield_curve_2011.xml
2011-01-28,2018,-0.01,0.58,1.09,1.78,2.05,2011,daily_treasury_real_yield_curve_2011.xml
2011-01-31,2017,-0.01,0.59,1.08,1.79,2.07,2011,daily_treasury_real_yield_curve_2011.xml
2011-02-01,2030,0.01,0.6,1.11,1.81,2.08,2011,daily_treasury_real_yield_curve_2011.xml
2011-02-02,2029,0.09,0.68,1.16,1.82,2.1,2011,daily_treasury_real_yield_curve_2011.xml
2011-02-03,2032,0.18,0.78,1.23,1.87,2.13,2011,daily_treasury_real_yield_curve_2011.xml
2011-02-04,2031,0.28,0.89,1.3,1.92,2.17,2011,daily_treasury_real_yield_curve_2011.xml
2011-02-07,2028,0.31,0.92,1.32,1.91,2.16,2011,daily_treasury_real_yield_curve_2011.xml
2011-02-08,2025,0.44,1.03,1.39,1.96,2.21,2011,daily_treasury_real_yield_curve_2011.xml
2011-02-09,2024,0.39,0.98,1.34,1.92,2.18,2011,daily_treasury_real_yield_curve_2011.xml
2011-02-10,2027,0.48,1.04,1.39,1.98,2.25,2011,daily_treasury_real_yield_curve_2011.xml
2011-02-11,2026,0.5,1.05,1.36,1.94,2.21,2011,daily_treasury_real_yield_curve_2011.xml
2011-02-14,2033,0.51,1.06,1.34,1.91,2.18,2011,daily_treasury_real_yield_curve_2011.xml
2011-02-15,2040,0.44,1,1.33,1.91,2.17,2011,daily_treasury_real_yield_curve_2011.xml
2011-02-16,2039,0.43,1.01,1.37,1.95,2.21,2011,daily_treasury_real_yield_curve_2011.xml
2011-02-17,2042,0.33,0.92,1.31,1.9,2.19,2011,daily_treasury_real_yield_curve_2011.xml
2011-02-18,2041,0.26,0.87,1.25,1.86,2.16,2011,daily_treasury_real_yield_curve_2011.xml
2011-02-22,2038,0.07,0.69,1.12,1.76,2.08,2011,daily_treasury_real_yield_curve_2011.xml
2011-02-23,2035,0.01,0.65,1.1,1.75,2.06,2011,daily_treasury_real_yield_curve_2011.xml
2011-02-24,2034,-0.01,0.62,1.05,1.69,2,2011,daily_treasury_real_yield_curve_2011.xml
2011-02-25,2037,-0.01,0.61,1.02,1.66,1.97,2011,daily_treasury_real_yield_curve_2011.xml
2011-02-28,2036,-0.02,0.6,1.03,1.66,1.96,2011,daily_treasury_real_yield_curve_2011.xml
2011-03-01,2050,-0.06,0.57,1,1.63,1.94,2011,daily_treasury_real_yield_curve_2011.xml
2011-03-02,2049,-0.09,0.54,1.01,1.64,1.94,2011,daily_treasury_real_yield_curve_2011.xml
2011-03-03,2051,0.03,0.64,1.09,1.69,2,2011,daily_treasury_real_yield_curve_2011.xml
2011-03-04,2053,-0.07,0.55,1,1.62,1.94,2011,daily_treasury_real_yield_curve_2011.xml
2011-03-07,2052,-0.07,0.55,1,1.62,1.93,2011,daily_treasury_real_yield_curve_2011.xml
2011-03-08,2048,-0.09,0.55,1.01,1.64,1.95,2011,daily_treasury_real_yield_curve_2011.xml
2011-03-09,2044,-0.09,0.55,0.98,1.61,1.92,2011,daily_treasury_real_yield_curve_2011.xml
2011-03-10,2043,-0.17,0.46,0.91,1.53,1.85,2011,daily_treasury_real_yield_curve_2011.xml
2011-03-11,2045,-0.11,0.52,0.96,1.58,1.89,2011,daily_treasury_real_yield_curve_2011.xml
2011-03-14,2047,-0.15,0.49,0.93,1.57,1.89,2011,daily_treasury_real_yield_curve_2011.xml
2011-03-15,2046,-0.16,0.47,0.93,1.56,1.87,2011,daily_treasury_real_yield_curve_2011.xml
2011-03-16,2054,-0.22,0.42,0.85,1.49,1.8,2011,daily_treasury_real_yield_curve_2011.xml
2011-03-17,2062,-0.27,0.39,0.82,1.47,1.79,2011,daily_treasury_real_yield_curve_2011.xml
2011-03-18,2061,-0.22,0.44,0.85,1.49,1.8,2011,daily_treasury_real_yield_curve_2011.xml
2011-03-21,2063,-0.16,0.49,0.9,1.52,1.83,2011,daily_treasury_real_yield_curve_2011.xml
2011-03-22,2065,-0.12,0.54,0.95,1.55,1.85,2011,daily_treasury_real_yield_curve_2011.xml
2011-03-23,2064,-0.09,0.57,0.98,1.58,1.88,2011,daily_treasury_real_yield_curve_2011.xml
2011-03-24,2060,-0.08,0.55,0.95,1.56,1.88,2011,daily_treasury_real_yield_curve_2011.xml
2011-03-25,2056,0.01,0.63,1.02,1.6,1.9,2011,daily_treasury_real_yield_curve_2011.xml
2011-03-28,2055,0.05,0.65,1.01,1.6,1.9,2011,daily_treasury_real_yield_curve_2011.xml
2011-03-29,2057,0.05,0.65,1.03,1.61,1.92,2011,daily_treasury_real_yield_curve_2011.xml
2011-03-30,2059,0.02,0.63,1,1.59,1.9,2011,daily_treasury_real_yield_curve_2011.xml
2011-03-31,2058,0.03,0.64,0.99,1.58,1.88,2011,daily_treasury_real_yield_curve_2011.xml
2011-04-01,2072,-0.01,0.59,0.94,1.53,1.83,2011,daily_treasury_real_yield_curve_2011.xml
2011-04-04,2071,-0.09,0.52,0.91,1.51,1.82,2011,daily_treasury_real_yield_curve_2011.xml
2011-04-05,2073,-0.04,0.57,0.94,1.52,1.82,2011,daily_treasury_real_yield_curve_2011.xml
2011-04-06,2075,-0.02,0.59,0.99,1.59,1.9,2011,daily_treasury_real_yield_curve_2011.xml
2011-04-07,2074,-0.04,0.59,0.99,1.6,1.92,2011,daily_treasury_real_yield_curve_2011.xml
2011-04-08,2067,-0.07,0.56,0.95,1.56,1.87,2011,daily_treasury_real_yield_curve_2011.xml
2011-04-11,2066,-0.07,0.55,0.96,1.56,1.87,2011,daily_treasury_real_yield_curve_2011.xml
2011-04-12,2068,-0.1,0.52,0.9,1.5,1.81,2011,daily_treasury_real_yield_curve_2011.xml
2011-04-13,2070,-0.11,0.5,0.88,1.48,1.8,2011,daily_treasury_real_yield_curve_2011.xml
2011-04-14,2069,-0.02,0.57,0.89,1.47,1.78,2011,daily_treasury_real_yield_curve_2011.xml
2011-04-15,2082,-0.09,0.5,0.82,1.4,1.71,2011,daily_treasury_real_yield_curve_2011.xml
2011-04-18,2081,-0.1,0.5,0.8,1.4,1.71,2011,daily_treasury_real_yield_curve_2011.xml
2011-04-19,2083,-0.15,0.45,0.76,1.36,1.68,2011,daily_treasury_real_yield_curve_2011.xml
2011-04-20,2085,-0.12,0.48,0.82,1.43,1.74,2011,daily_treasury_real_yield_curve_2011.xml
2011-04-21,2084,-0.15,0.49,0.83,1.43,1.77,2011,daily_treasury_real_yield_curve_2011.xml
2011-04-25,2077,-0.2,0.46,0.79,1.41,1.75,2011,daily_treasury_real_yield_curve_2011.xml
2011-04-26,2076,-0.27,0.43,0.76,1.4,1.74,2011,daily_treasury_real_yield_curve_2011.xml
2011-04-27,2078,-0.31,0.39,0.81,1.47,1.79,2011,daily_treasury_real_yield_curve_2011.xml
2011-04-28,2080,-0.41,0.27,0.78,1.46,1.76,2011,daily_treasury_real_yield_curve_2011.xml
2011-04-29,2079,-0.48,0.19,0.75,1.45,1.74,2011,daily_treasury_real_yield_curve_2011.xml
2011-05-02,2090,-0.48,0.17,0.75,1.46,1.73,2011,daily_treasury_real_yield_curve_2011.xml
2011-05-03,2091,-0.46,0.2,0.73,1.42,1.71,2011,daily_treasury_real_yield_curve_2011.xml
2011-05-04,2092,-0.46,0.18,0.7,1.39,1.68,2011,daily_treasury_real_yield_curve_2011.xml
2011-05-05,2089,-0.4,0.31,0.7,1.36,1.68,2011,daily_treasury_real_yield_curve_2011.xml
2011-05-06,2086,-0.38,0.32,0.71,1.38,1.71,2011,daily_treasury_real_yield_curve_2011.xml
2011-05-09,2087,-0.45,0.17,0.69,1.4,1.7,2011,daily_treasury_real_yield_curve_2011.xml
2011-05-10,2088,-0.4,0.22,0.74,1.44,1.73,2011,daily_treasury_real_yield_curve_2011.xml
2011-05-11,2093,-0.33,0.32,0.76,1.43,1.74,2011,daily_treasury_real_yield_curve_2011.xml
2011-05-12,2098,-0.31,0.31,0.79,1.48,1.78,2011,daily_treasury_real_yield_curve_2011.xml
2011-05-13,2099,-0.29,0.34,0.79,1.47,1.78,2011,daily_treasury_real_yield_curve_2011.xml
2011-05-16,2100,-0.29,0.32,0.81,1.5,1.79,2011,daily_treasury_real_yield_curve_2011.xml
2011-05-17,2097,-0.28,0.29,0.82,1.52,1.79,2011,daily_treasury_real_yield_curve_2011.xml
2011-05-18,2094,-0.27,0.34,0.82,1.5,1.79,2011,daily_treasury_real_yield_curve_2011.xml
2011-05-19,2095,-0.25,0.38,0.91,1.58,1.83,2011,daily_treasury_real_yield_curve_2011.xml
2011-05-20,2096,-0.25,0.34,0.85,1.56,1.85,2011,daily_treasury_real_yield_curve_2011.xml
2011-05-23,2101,-0.23,0.38,0.84,1.53,1.84,2011,daily_treasury_real_yield_curve_2011.xml
2011-05-24,2102,-0.26,0.31,0.79,1.49,1.8,2011,daily_treasury_real_yield_curve_2011.xml
2011-05-25,2103,-0.27,0.34,0.8,1.5,1.82,2011,daily_treasury_real_yield_curve_2011.xml
2011-05-26,2104,-0.34,0.23,0.76,1.5,1.78,2011,daily_treasury_real_yield_curve_2011.xml
2011-05-27,2105,-0.32,0.29,0.79,1.51,1.8,2011,daily_treasury_real_yield_curve_2011.xml
2011-05-31,2106,-0.32,0.29,0.8,1.51,1.8,2011,daily_treasury_real_yield_curve_2011.xml
2011-06-01,2107,-0.39,0.22,0.74,1.47,1.75,2011,daily_treasury_real_yield_curve_2011.xml
2011-06-02,2108,-0.37,0.21,0.78,1.55,1.8,2011,daily_treasury_real_yield_curve_2011.xml
2011-06-03,2109,-0.43,0.15,0.75,1.55,1.78,2011,daily_treasury_real_yield_curve_2011.xml
2011-06-06,2110,-0.43,0.14,0.76,1.6,1.8,2011,daily_treasury_real_yield_curve_2011.xml
2011-06-07,2111,-0.45,0.16,0.76,1.58,1.81,2011,daily_treasury_real_yield_curve_2011.xml
2011-06-08,2112,-0.49,0.11,0.76,1.61,1.78,2011,daily_treasury_real_yield_curve_2011.xml
2011-06-09,2113,-0.43,0.14,0.8,1.67,1.8,2011,daily_treasury_real_yield_curve_2011.xml
2011-06-10,2114,-0.41,0.19,0.79,1.57,1.79,2011,daily_treasury_real_yield_curve_2011.xml
2011-06-13,2115,-0.4,0.18,0.8,1.62,1.8,2011,daily_treasury_real_yield_curve_2011.xml
2011-06-14,2116,-0.34,0.25,0.83,1.61,1.84,2011,daily_treasury_real_yield_curve_2011.xml
2011-06-15,2117,-0.44,0.18,0.74,1.51,1.78,2011,daily_treasury_real_yield_curve_2011.xml
2011-06-16,2118,-0.43,0.17,0.73,1.52,1.79,2011,daily_treasury_real_yield_curve_2011.xml
2011-06-17,2119,-0.37,0.26,0.75,1.51,1.84,2011,daily_treasury_real_yield_curve_2011.xml
2011-06-20,2120,-0.34,0.28,0.79,1.54,1.84,2011,daily_treasury_real_yield_curve_2011.xml
2011-06-21,2121,-0.34,0.26,0.78,1.54,1.82,2011,daily_treasury_real_yield_curve_2011.xml
2011-06-22,2122,-0.32,0.3,0.82,1.58,1.85,2011,daily_treasury_real_yield_curve_2011.xml
2011-06-23,2123,-0.33,0.25,0.71,1.41,1.71,2011,daily_treasury_real_yield_curve_2011.xml
2011-06-24,2124,-0.39,0.19,0.64,1.36,1.66,2011,daily_treasury_real_yield_curve_2011.xml
2011-06-27,2125,-0.33,0.2,0.67,1.41,1.73,2011,daily_treasury_real_yield_curve_2011.xml
2011-06-28,2126,-0.26,0.26,0.73,1.47,1.75,2011,daily_treasury_real_yield_curve_2011.xml
2011-06-29,2127,-0.3,0.24,0.74,1.49,1.77,2011,daily_treasury_real_yield_curve_2011.xml
2011-06-30,2128,-0.27,0.29,0.75,1.47,1.75,2011,daily_treasury_real_yield_curve_2011.xml
2011-07-01,2129,-0.25,0.32,0.77,1.47,1.77,2011,daily_treasury_real_yield_curve_2011.xml
2011-07-05,2130,-0.33,0.24,0.77,1.52,1.77,2011,daily_treasury_real_yield_curve_2011.xml
2011-07-06,2131,-0.37,0.23,0.74,1.47,1.74,2011,daily_treasury_real_yield_curve_2011.xml
2011-07-07,2132,-0.36,0.22,0.75,1.49,1.74,2011,daily_treasury_real_yield_curve_2011.xml
2011-07-08,2133,-0.44,0.16,0.69,1.43,1.68,2011,daily_treasury_real_yield_curve_2011.xml
2011-07-11,2134,-0.52,0.07,0.63,1.38,1.61,2011,daily_treasury_real_yield_curve_2011.xml
2011-07-12,2135,-0.54,0.05,0.6,1.34,1.58,2011,daily_treasury_real_yield_curve_2011.xml
2011-07-13,2136,-0.54,0.05,0.59,1.31,1.54,2011,daily_treasury_real_yield_curve_2011.xml
2011-07-14,2137,-0.47,0.14,0.68,1.39,1.62,2011,daily_treasury_real_yield_curve_2011.xml
2011-07-15,2138,-0.52,0.09,0.61,1.35,1.61,2011,daily_treasury_real_yield_curve_2011.xml
2011-07-18,2139,-0.55,0.02,0.58,1.37,1.61,2011,daily_treasury_real_yield_curve_2011.xml
2011-07-19,2140,-0.57,0.02,0.54,1.28,1.53,2011,daily_treasury_real_yield_curve_2011.xml
2011-07-20,2141,-0.52,0.06,0.62,1.38,1.6,2011,daily_treasury_real_yield_curve_2011.xml
2011-07-21,2142,-0.48,0.12,0.68,1.39,1.64,2011,daily_treasury_real_yield_curve_2011.xml
2011-07-22,2143,-0.5,0.1,0.61,1.33,1.61,2011,daily_treasury_real_yield_curve_2011.xml
2011-07-25,2144,-0.51,0.09,0.58,1.32,1.62,2011,daily_treasury_real_yield_curve_2011.xml
2011-07-26,2145,-0.5,0.08,0.57,1.29,1.6,2011,daily_treasury_real_yield_curve_2011.xml
2011-07-27,2146,-0.54,0,0.56,1.33,1.58,2011,daily_treasury_real_yield_curve_2011.xml
2011-07-28,2147,-0.59,-0.04,0.52,1.28,1.54,2011,daily_treasury_real_yield_curve_2011.xml
2011-07-29,2148,-0.72,-0.18,0.38,1.14,1.39,2011,daily_treasury_real_yield_curve_2011.xml
2011-08-01,2149,-0.75,-0.21,0.33,1.09,1.34,2011,daily_treasury_real_yield_curve_2011.xml
2011-08-02,2150,-0.76,-0.25,0.29,1.03,1.26,2011,daily_treasury_real_yield_curve_2011.xml
2011-08-03,2151,-0.62,-0.1,0.36,1.03,1.29,2011,daily_treasury_real_yield_curve_2011.xml
2011-08-04,2152,-0.67,-0.19,0.24,0.88,1.15,2011,daily_treasury_real_yield_curve_2011.xml
2011-08-05,2153,-0.59,-0.12,0.32,0.99,1.25,2011,daily_treasury_real_yield_curve_2011.xml
2011-08-08,2154,-0.63,-0.22,0.2,0.88,1.14,2011,daily_treasury_real_yield_curve_2011.xml
2011-08-09,2155,-0.84,-0.44,0,0.73,0.99,2011,daily_treasury_real_yield_curve_2011.xml
2011-08-10,2156,-1.02,-0.74,-0.13,0.72,0.88,2011,daily_treasury_real_yield_curve_2011.xml
2011-08-11,2157,-0.84,-0.47,0.06,0.96,1.12,2011,daily_treasury_real_yield_curve_2011.xml
2011-08-12,2158,-0.88,-0.51,-0.02,0.73,1.03,2011,daily_treasury_real_yield_curve_2011.xml
2011-08-15,2159,-0.81,-0.44,0.06,0.77,1.08,2011,daily_treasury_real_yield_curve_2011.xml
2011-08-16,2160,-0.79,-0.43,0.05,0.72,1.04,2011,daily_treasury_real_yield_curve_2011.xml
2011-08-17,2161,-0.81,-0.49,0.01,0.64,0.96,2011,daily_treasury_real_yield_curve_2011.xml
2011-08-18,2162,-0.72,-0.38,0.09,0.69,1.03,2011,daily_treasury_real_yield_curve_2011.xml
2011-08-19,2163,-0.8,-0.45,0.02,0.62,0.95,2011,daily_treasury_real_yield_curve_2011.xml
2011-08-22,2164,-0.79,-0.44,0.03,0.63,0.96,2011,daily_treasury_real_yield_curve_2011.xml
2011-08-23,2165,-0.71,-0.35,0.13,0.72,1.04,2011,daily_treasury_real_yield_curve_2011.xml
2011-08-24,2166,-0.6,-0.24,0.25,0.86,1.2,2011,daily_treasury_real_yield_curve_2011.xml
2011-08-25,2167,-0.7,-0.35,0.13,0.77,1.13,2011,daily_treasury_real_yield_curve_2011.xml
2011-08-26,2168,-0.7,-0.34,0.15,0.77,1.1,2011,daily_treasury_real_yield_curve_2011.xml
2011-08-29,2169,-0.68,-0.3,0.22,0.84,1.17,2011,daily_treasury_real_yield_curve_2011.xml
2011-08-30,2170,-0.73,-0.36,0.14,0.76,1.1,2011,daily_treasury_real_yield_curve_2011.xml
2011-08-31,2171,-0.76,-0.36,0.18,0.83,1.18,2011,daily_treasury_real_yield_curve_2011.xml
2011-09-01,2172,-0.82,-0.44,0.07,0.72,1.07,2011,daily_treasury_real_yield_curve_2011.xml
2011-09-02,2173,-0.84,-0.47,0,0.61,0.94,2011,daily_treasury_real_yield_curve_2011.xml
2011-09-06,2174,-0.75,-0.4,0.05,0.65,0.98,2011,daily_treasury_real_yield_curve_2011.xml
2011-09-07,2175,-0.75,-0.38,0.09,0.72,1.06,2011,daily_treasury_real_yield_curve_2011.xml
2011-09-08,2176,-0.85,-0.53,0,0.64,1,2011,daily_treasury_real_yield_curve_2011.xml
2011-09-09,2177,-0.84,-0.49,-0.03,0.62,0.97,2011,daily_treasury_real_yield_curve_2011.xml
2011-09-12,2178,-0.76,-0.43,0,0.63,0.98,2011,daily_treasury_real_yield_curve_2011.xml
2011-09-13,2179,-0.72,-0.37,0.07,0.71,1.07,2011,daily_treasury_real_yield_curve_2011.xml
2011-09-14,2180,-0.67,-0.33,0.12,0.74,1.08,2011,daily_treasury_real_yield_curve_2011.xml
2011-09-15,2181,-0.78,-0.43,0.13,0.76,1.1,2011,daily_treasury_real_yield_curve_2011.xml
2011-09-16,2182,-0.75,-0.39,0.13,0.78,1.09,2011,daily_treasury_real_yield_curve_2011.xml
2011-09-19,2183,-0.76,-0.42,0.09,0.74,1.06,2011,daily_treasury_real_yield_curve_2011.xml
2011-09-20,2184,-0.82,-0.49,0.04,0.68,1.03,2011,daily_treasury_real_yield_curve_2011.xml
2011-09-21,2185,-0.78,-0.47,0.02,0.66,0.98,2011,daily_treasury_real_yield_curve_2011.xml
2011-09-22,2186,-0.7,-0.43,0.01,0.56,0.87,2011,daily_treasury_real_yield_curve_2011.xml
2011-09-23,2187,-0.59,-0.33,0.1,0.65,0.97,2011,daily_treasury_real_yield_curve_2011.xml
2011-09-26,2188,-0.56,-0.3,0.12,0.72,1.06,2011,daily_treasury_real_yield_curve_2011.xml
2011-09-27,2189,-0.6,-0.33,0.12,0.72,1.06,2011,daily_treasury_real_yield_curve_2011.xml
2011-09-28,2190,-0.58,-0.25,0.16,0.74,1.05,2011,daily_treasury_real_yield_curve_2011.xml
2011-09-29,2191,-0.56,-0.24,0.17,0.73,1.03,2011,daily_treasury_real_yield_curve_2011.xml
2011-09-30,2192,-0.54,-0.22,0.17,0.72,1.02,2011,daily_treasury_real_yield_curve_2011.xml
2011-10-03,2193,-0.61,-0.31,0.07,0.58,0.86,2011,daily_treasury_real_yield_curve_2011.xml
2011-10-04,2194,-0.59,-0.3,0.05,0.55,0.83,2011,daily_treasury_real_yield_curve_2011.xml
2011-10-05,2195,-0.54,-0.25,0.12,0.62,0.9,2011,daily_treasury_real_yield_curve_2011.xml
2011-10-06,2196,-0.57,-0.26,0.13,0.65,0.93,2011,daily_treasury_real_yield_curve_2011.xml
2011-10-07,2197,-0.55,-0.23,0.16,0.68,0.95,2011,daily_treasury_real_yield_curve_2011.xml
2011-10-11,2198,-0.51,-0.18,0.23,0.75,1.02,2011,daily_treasury_real_yield_curve_2011.xml
2011-10-12,2199,-0.5,-0.16,0.26,0.8,1.08,2011,daily_treasury_real_yield_curve_2011.xml
2011-10-13,2200,-0.5,-0.16,0.27,0.8,1.08,2011,daily_treasury_real_yield_curve_2011.xml
2011-10-14,2201,-0.54,-0.18,0.28,0.84,1.12,2011,daily_treasury_real_yield_curve_2011.xml
2011-10-17,2202,-0.58,-0.22,0.24,0.79,1.07,2011,daily_treasury_real_yield_curve_2011.xml
2011-10-18,2203,-0.65,-0.27,0.22,0.77,1.05,2011,daily_treasury_real_yield_curve_2011.xml
2011-10-19,2204,-0.66,-0.27,0.23,0.77,1.04,2011,daily_treasury_real_yield_curve_2011.xml
2011-10-20,2205,-0.65,-0.26,0.22,0.74,0.99,2011,daily_treasury_real_yield_curve_2011.xml
2011-10-21,2206,-0.66,-0.27,0.23,0.79,1.06,2011,daily_treasury_real_yield_curve_2011.xml
2011-10-24,2207,-0.66,-0.27,0.23,0.77,1.04,2011,daily_treasury_real_yield_curve_2011.xml
2011-10-25,2208,-0.75,-0.37,0.12,0.65,0.9,2011,daily_treasury_real_yield_curve_2011.xml
2011-10-26,2209,-0.74,-0.36,0.15,0.68,0.92,2011,daily_treasury_real_yield_curve_2011.xml
2011-10-27,2210,-0.74,-0.33,0.24,0.82,1.07,2011,daily_treasury_real_yield_curve_2011.xml
2011-10-28,2211,-0.8,-0.38,0.19,0.76,1.02,2011,daily_treasury_real_yield_curve_2011.xml
2011-10-31,2212,-0.89,-0.47,0.08,0.61,0.85,2011,daily_treasury_real_yield_curve_2011.xml
2011-11-01,2213,-0.92,-0.51,-0.04,0.49,0.72,2011,daily_treasury_real_yield_curve_2011.xml
2011-11-02,2214,-1.02,-0.61,-0.07,0.48,0.73,2011,daily_treasury_real_yield_curve_2011.xml
2011-11-03,2215,-1,-0.57,0,0.55,0.79,2011,daily_treasury_real_yield_curve_2011.xml
2011-11-04,2216,-1.05,-0.62,-0.06,0.49,0.74,2011,daily_treasury_real_yield_curve_2011.xml
2011-11-07,2217,-1.06,-0.64,-0.1,0.45,0.69,2011,daily_treasury_real_yield_curve_2011.xml
2011-11-08,2218,-0.97,-0.53,-0.03,0.53,0.77,2011,daily_treasury_real_yield_curve_2011.xml
2011-11-09,2219,-0.99,-0.58,-0.04,0.52,0.76,2011,daily_treasury_real_yield_curve_2011.xml
2011-11-10,2220,-0.98,-0.54,-0.04,0.54,0.79,2011,daily_treasury_real_yield_curve_2011.xml
2011-11-14,2221,-0.93,-0.5,-0.01,0.56,0.79,2011,daily_treasury_real_yield_curve_2011.xml
2011-11-15,2222,-0.83,-0.42,0.04,0.61,0.84,2011,daily_treasury_real_yield_curve_2011.xml
2011-11-16,2223,-0.78,-0.4,0.05,0.59,0.83,2011,daily_treasury_real_yield_curve_2011.xml
2011-11-17,2224,-0.71,-0.36,0.06,0.6,0.83,2011,daily_treasury_real_yield_curve_2011.xml
2011-11-18,2225,-0.7,-0.35,0.05,0.6,0.83,2011,daily_treasury_real_yield_curve_2011.xml
2011-11-21,2226,-0.67,-0.33,0.07,0.62,0.85,2011,daily_treasury_real_yield_curve_2011.xml
2011-11-22,2227,-0.69,-0.35,0.05,0.59,0.82,2011,daily_treasury_real_yield_curve_2011.xml
2011-11-23,2228,-0.73,-0.4,-0.01,0.53,0.73,2011,daily_treasury_real_yield_curve_2011.xml
2011-11-25,2229,-0.71,-0.36,0.05,0.58,0.79,2011,daily_treasury_real_yield_curve_2011.xml
2011-11-28,2230,-0.75,-0.39,0.02,0.55,0.75,2011,daily_treasury_real_yield_curve_2011.xml
2011-11-29,2231,-0.77,-0.41,0.01,0.54,0.75,2011,daily_treasury_real_yield_curve_2011.xml
2011-11-30,2232,-0.8,-0.41,0.03,0.59,0.82,2011,daily_treasury_real_yield_curve_2011.xml
2011-12-01,2233,-0.79,-0.39,0.06,0.62,0.85,2011,daily_treasury_real_yield_curve_2011.xml
2011-12-02,2234,-0.84,-0.45,0,0.57,0.78,2011,daily_treasury_real_yield_curve_2011.xml
2011-12-05,2235,-0.84,-0.45,-0.01,0.55,0.77,2011,daily_treasury_real_yield_curve_2011.xml
2011-12-06,2236,-0.89,-0.55,0.01,0.62,0.81,2011,daily_treasury_real_yield_curve_2011.xml
2011-12-07,2237,-0.82,-0.45,-0.01,0.6,0.82,2011,daily_treasury_real_yield_curve_2011.xml
2011-12-08,2238,-0.79,-0.43,0.01,0.63,0.85,2011,daily_treasury_real_yield_curve_2011.xml
2011-12-09,2239,-0.75,-0.4,0.05,0.74,0.92,2011,daily_treasury_real_yield_curve_2011.xml
2011-12-12,2240,-0.77,-0.43,-0.01,0.63,0.83,2011,daily_treasury_real_yield_curve_2011.xml
2011-12-13,2241,-0.8,-0.46,-0.05,0.53,0.74,2011,daily_treasury_real_yield_curve_2011.xml
2011-12-14,2242,-0.74,-0.42,-0.04,0.53,0.73,2011,daily_treasury_real_yield_curve_2011.xml
2011-12-15,2243,-0.75,-0.41,-0.01,0.55,0.78,2011,daily_treasury_real_yield_curve_2011.xml
2011-12-16,2244,-0.77,-0.44,-0.05,0.53,0.74,2011,daily_treasury_real_yield_curve_2011.xml
2011-12-19,2245,-0.82,-0.49,-0.12,0.43,0.68,2011,daily_treasury_real_yield_curve_2011.xml
2011-12-20,2246,-0.84,-0.5,-0.1,0.47,0.69,2011,daily_treasury_real_yield_curve_2011.xml
2011-12-21,2247,-0.79,-0.47,-0.07,0.53,0.73,2011,daily_treasury_real_yield_curve_2011.xml
2011-12-22,2248,-0.73,-0.43,-0.07,0.52,0.76,2011,daily_treasury_real_yield_curve_2011.xml
2011-12-23,2249,-0.71,-0.42,-0.04,0.59,0.79,2011,daily_treasury_real_yield_curve_2011.xml
2011-12-27,2250,-0.69,-0.39,-0.02,0.58,0.81,2011,daily_treasury_real_yield_curve_2011.xml
2011-12-28,2251,-0.72,-0.42,-0.07,0.5,0.74,2011,daily_treasury_real_yield_curve_2011.xml
2011-12-29,2252,-0.73,-0.42,-0.05,0.54,0.78,2011,daily_treasury_real_yield_curve_2011.xml
2011-12-30,2253,-0.76,-0.44,-0.07,0.53,0.78,2011,daily_treasury_real_yield_curve_2011.xml
2012-01-03,2254,-0.77,-0.43,-0.04,0.55,0.81,2012,daily_treasury_real_yield_curve_2012.xml
2012-01-04,2255,-0.82,-0.48,-0.08,0.54,0.79,2012,daily_treasury_real_yield_curve_2012.xml
2012-01-05,2256,-0.86,-0.51,-0.1,0.51,0.76,2012,daily_treasury_real_yield_curve_2012.xml
2012-01-06,2257,-0.85,-0.51,-0.11,0.49,0.73,2012,daily_treasury_real_yield_curve_2012.xml
2012-01-09,2258,-0.88,-0.53,-0.13,0.47,0.72,2012,daily_treasury_real_yield_curve_2012.xml
2012-01-10,2259,-0.84,-0.48,-0.08,0.51,0.75,2012,daily_treasury_real_yield_curve_2012.xml
2012-01-11,2260,-0.85,-0.51,-0.1,0.5,0.71,2012,daily_treasury_real_yield_curve_2012.xml
2012-01-12,2261,-0.85,-0.5,-0.1,0.5,0.74,2012,daily_treasury_real_yield_curve_2012.xml
2012-01-13,2262,-0.89,-0.54,-0.14,0.46,0.71,2012,daily_treasury_real_yield_curve_2012.xml
2012-01-17,2263,-0.91,-0.57,-0.17,0.43,0.68,2012,daily_treasury_real_yield_curve_2012.xml
2012-01-18,2264,-0.91,-0.56,-0.15,0.47,0.72,2012,daily_treasury_real_yield_curve_2012.xml
2012-01-19,2265,-0.88,-0.48,0,0.56,0.76,2012,daily_treasury_real_yield_curve_2012.xml
2012-01-20,2266,-0.85,-0.47,0.01,0.6,0.8,2012,daily_treasury_real_yield_curve_2012.xml
2012-01-23,2267,-0.84,-0.46,0.02,0.66,0.84,2012,daily_treasury_real_yield_curve_2012.xml
2012-01-24,2268,-0.89,-0.5,-0.01,0.62,0.82,2012,daily_treasury_real_yield_curve_2012.xml
2012-01-25,2269,-1.02,-0.62,-0.12,0.53,0.76,2012,daily_treasury_real_yield_curve_2012.xml
2012-01-26,2270,-1.09,-0.68,-0.16,0.51,0.74,2012,daily_treasury_real_yield_curve_2012.xml
2012-01-27,2271,-1.13,-0.71,-0.18,0.49,0.73,2012,daily_treasury_real_yield_curve_2012.xml
2012-01-30,2272,-1.14,-0.74,-0.24,0.42,0.68,2012,daily_treasury_real_yield_curve_2012.xml
2012-01-31,2273,-1.17,-0.77,-0.28,0.37,0.61,2012,daily_treasury_real_yield_curve_2012.xml
2012-02-01,2274,-1.17,-0.78,-0.28,0.42,0.65,2012,daily_treasury_real_yield_curve_2012.xml
2012-02-02,2275,-1.18,-0.79,-0.3,0.41,0.64,2012,daily_treasury_real_yield_curve_2012.xml
2012-02-03,2276,-1.1,-0.72,-0.21,0.59,0.75,2012,daily_treasury_real_yield_curve_2012.xml
2012-02-06,2277,-1.15,-0.76,-0.26,0.48,0.69,2012,daily_treasury_real_yield_curve_2012.xml
2012-02-07,2278,-1.13,-0.73,-0.21,0.54,0.73,2012,daily_treasury_real_yield_curve_2012.xml
2012-02-08,2279,-1.09,-0.68,-0.21,0.51,0.71,2012,daily_treasury_real_yield_curve_2012.xml
2012-02-09,2280,-1.05,-0.64,-0.17,0.55,0.76,2012,daily_treasury_real_yield_curve_2012.xml
2012-02-10,2281,-1.07,-0.66,-0.24,0.45,0.69,2012,daily_treasury_real_yield_curve_2012.xml
2012-02-13,2282,-1.12,-0.73,-0.22,0.55,0.69,2012,daily_treasury_real_yield_curve_2012.xml
2012-02-14,2283,-1.11,-0.71,-0.27,0.42,0.63,2012,daily_treasury_real_yield_curve_2012.xml
2012-02-15,2284,-1.09,-0.67,-0.26,0.41,0.65,2012,daily_treasury_real_yield_curve_2012.xml
2012-02-16,2285,-1.06,-0.65,-0.24,0.47,0.77,2012,daily_treasury_real_yield_curve_2012.xml
2012-02-17,2286,-1.05,-0.62,-0.23,0.45,0.79,2012,daily_treasury_real_yield_curve_2012.xml
2012-02-21,2287,-1.06,-0.61,-0.22,0.45,0.8,2012,daily_treasury_real_yield_curve_2012.xml
2012-02-22,2288,-1.11,-0.66,-0.27,0.41,0.76,2012,daily_treasury_real_yield_curve_2012.xml
2012-02-23,2289,-1.16,-0.7,-0.3,0.39,0.75,2012,daily_treasury_real_yield_curve_2012.xml
2012-02-24,2290,-1.14,-0.68,-0.29,0.39,0.75,2012,daily_treasury_real_yield_curve_2012.xml
2012-02-27,2291,-1.18,-0.72,-0.32,0.36,0.7,2012,daily_treasury_real_yield_curve_2012.xml
2012-02-28,2292,-1.15,-0.7,-0.31,0.37,0.72,2012,daily_treasury_real_yield_curve_2012.xml
2012-02-29,2293,-1.12,-0.66,-0.28,0.39,0.73,2012,daily_treasury_real_yield_curve_2012.xml
2012-03-01,2294,-1.1,-0.64,-0.23,0.46,0.8,2012,daily_treasury_real_yield_curve_2012.xml
2012-03-02,2295,-1.11,-0.64,-0.24,0.46,0.81,2012,daily_treasury_real_yield_curve_2012.xml
2012-03-05,2296,-1.07,-0.6,-0.2,0.52,0.87,2012,daily_treasury_real_yield_curve_2012.xml
2012-03-06,2297,-1.09,-0.63,-0.21,0.51,0.83,2012,daily_treasury_real_yield_curve_2012.xml
2012-03-07,2298,-1.13,-0.66,-0.22,0.52,0.83,2012,daily_treasury_real_yield_curve_2012.xml
2012-03-08,2299,-1.12,-0.66,-0.21,0.53,0.85,2012,daily_treasury_real_yield_curve_2012.xml
2012-03-09,2300,-1.17,-0.71,-0.24,0.52,0.82,2012,daily_treasury_real_yield_curve_2012.xml
2012-03-12,2301,-1.14,-0.68,-0.24,0.48,0.8,2012,daily_treasury_real_yield_curve_2012.xml
2012-03-13,2302,-1.14,-0.68,-0.2,0.54,0.84,2012,daily_treasury_real_yield_curve_2012.xml
2012-03-14,2303,-1.02,-0.54,-0.07,0.64,0.95,2012,daily_treasury_real_yield_curve_2012.xml
2012-03-15,2304,-1.02,-0.55,-0.08,0.6,0.9,2012,daily_treasury_real_yield_curve_2012.xml
2012-03-16,2305,-0.99,-0.52,-0.09,0.58,0.88,2012,daily_treasury_real_yield_curve_2012.xml
2012-03-19,2306,-0.93,-0.46,-0.03,0.63,0.93,2012,daily_treasury_real_yield_curve_2012.xml
2012-03-20,2307,-0.93,-0.48,-0.04,0.63,0.93,2012,daily_treasury_real_yield_curve_2012.xml
2012-03-21,2308,-0.96,-0.51,-0.08,0.59,0.9,2012,daily_treasury_real_yield_curve_2012.xml
2012-03-22,2309,-0.93,-0.5,-0.08,0.59,0.91,2012,daily_treasury_real_yield_curve_2012.xml
2012-03-23,2310,-0.94,-0.51,-0.11,0.54,0.86,2012,daily_treasury_real_yield_curve_2012.xml
2012-03-26,2311,-0.93,-0.48,-0.08,0.6,0.93,2012,daily_treasury_real_yield_curve_2012.xml
2012-03-27,2312,-0.97,-0.52,-0.13,0.56,0.89,2012,daily_treasury_real_yield_curve_2012.xml
2012-03-28,2313,-0.98,-0.53,-0.11,0.57,0.89,2012,daily_treasury_real_yield_curve_2012.xml
2012-03-29,2314,-0.98,-0.53,-0.13,0.55,0.87,2012,daily_treasury_real_yield_curve_2012.xml
2012-03-30,2315,-0.98,-0.53,-0.09,0.61,0.93,2012,daily_treasury_real_yield_curve_2012.xml
2012-04-02,2316,-1.01,-0.55,-0.14,0.56,0.89,2012,daily_treasury_real_yield_curve_2012.xml
2012-04-03,2317,-0.94,-0.48,-0.06,0.62,0.94,2012,daily_treasury_real_yield_curve_2012.xml
2012-04-04,2318,-0.91,-0.46,-0.05,0.62,0.94,2012,daily_treasury_real_yield_curve_2012.xml
2012-04-05,2319,-0.94,-0.49,-0.08,0.61,0.92,2012,daily_treasury_real_yield_curve_2012.xml
2012-04-06,2320,-0.96,-0.54,-0.16,0.51,0.85,2012,daily_treasury_real_yield_curve_2012.xml
2012-04-09,2321,-0.94,-0.52,-0.17,0.5,0.83,2012,daily_treasury_real_yield_curve_2012.xml
2012-04-10,2322,-1.02,-0.62,-0.24,0.45,0.77,2012,daily_treasury_real_yield_curve_2012.xml
2012-04-11,2323,-1.06,-0.66,-0.25,0.46,0.78,2012,daily_treasury_real_yield_curve_2012.xml
2012-04-12,2324,-1.01,-0.6,-0.22,0.48,0.82,2012,daily_treasury_real_yield_curve_2012.xml
2012-04-13,2325,-1.05,-0.64,-0.25,0.45,0.77,2012,daily_treasury_real_yield_curve_2012.xml
2012-04-16,2326,-1.04,-0.64,-0.26,0.43,0.75,2012,daily_treasury_real_yield_curve_2012.xml
2012-04-17,2327,-1.03,-0.63,-0.26,0.41,0.74,2012,daily_treasury_real_yield_curve_2012.xml
2012-04-18,2328,-1.01,-0.61,-0.26,0.41,0.74,2012,daily_treasury_real_yield_curve_2012.xml
2012-04-19,2329,-1.07,-0.7,-0.21,0.59,0.77,2012,daily_treasury_real_yield_curve_2012.xml
2012-04-20,2330,-1.1,-0.73,-0.24,0.47,0.75,2012,daily_treasury_real_yield_curve_2012.xml
2012-04-23,2331,-1.12,-0.76,-0.26,0.53,0.72,2012,daily_treasury_real_yield_curve_2012.xml
2012-04-24,2332,-1.15,-0.77,-0.25,0.5,0.74,2012,daily_treasury_real_yield_curve_2012.xml
2012-04-25,2333,-1.16,-0.77,-0.24,0.53,0.75,2012,daily_treasury_real_yield_curve_2012.xml
2012-04-26,2334,-1.21,-0.81,-0.29,0.46,0.72,2012,daily_treasury_real_yield_curve_2012.xml
2012-04-27,2335,-1.24,-0.84,-0.3,0.44,0.73,2012,daily_treasury_real_yield_curve_2012.xml
2012-04-30,2336,-1.24,-0.84,-0.3,0.48,0.75,2012,daily_treasury_real_yield_curve_2012.xml
2012-05-01,2337,-1.22,-0.82,-0.28,0.51,0.78,2012,daily_treasury_real_yield_curve_2012.xml
2012-05-02,2338,-1.22,-0.82,-0.28,0.51,0.76,2012,daily_treasury_real_yield_curve_2012.xml
2012-05-03,2339,-1.19,-0.81,-0.27,0.6,0.78,2012,daily_treasury_real_yield_curve_2012.xml
2012-05-04,2340,-1.15,-0.73,-0.3,0.46,0.76,2012,daily_treasury_real_yield_curve_2012.xml
2012-05-07,2341,-1.15,-0.77,-0.27,0.56,0.75,2012,daily_treasury_real_yield_curve_2012.xml
2012-05-08,2342,-1.18,-0.81,-0.28,0.59,0.72,2012,daily_treasury_real_yield_curve_2012.xml
2012-05-09,2343,-1.17,-0.81,-0.27,0.63,0.76,2012,daily_treasury_real_yield_curve_2012.xml
2012-05-10,2344,-1.17,-0.8,-0.25,0.66,0.77,2012,daily_treasury_real_yield_curve_2012.xml
2012-05-11,2345,-1.16,-0.77,-0.28,0.54,0.76,2012,daily_treasury_real_yield_curve_2012.xml
2012-05-14,2346,-1.18,-0.82,-0.33,0.52,0.71,2012,daily_treasury_real_yield_curve_2012.xml
2012-05-15,2347,-1.18,-0.82,-0.36,0.45,0.68,2012,daily_treasury_real_yield_curve_2012.xml
2012-05-16,2348,-1.14,-0.81,-0.33,0.47,0.7,2012,daily_treasury_real_yield_curve_2012.xml
2012-05-17,2349,-1.13,-0.81,-0.35,0.44,0.62,2012,daily_treasury_real_yield_curve_2012.xml
2012-05-18,2350,-1.1,-0.82,-0.39,0.39,0.6,2012,daily_treasury_real_yield_curve_2012.xml
2012-05-21,2351,-1.11,-0.79,-0.41,0.31,0.57,2012,daily_treasury_real_yield_curve_2012.xml
2012-05-22,2352,-1.09,-0.8,-0.38,0.37,0.62,2012,daily_treasury_real_yield_curve_2012.xml
2012-05-23,2353,-1.06,-0.79,-0.41,0.3,0.58,2012,daily_treasury_real_yield_curve_2012.xml
2012-05-24,2354,-1.02,-0.76,-0.37,0.35,0.63,2012,daily_treasury_real_yield_curve_2012.xml
2012-05-25,2355,-1.02,-0.75,-0.38,0.31,0.63,2012,daily_treasury_real_yield_curve_2012.xml
2012-05-29,2356,-1,-0.74,-0.37,0.32,0.65,2012,daily_treasury_real_yield_curve_2012.xml
2012-05-30,2357,-1.02,-0.78,-0.45,0.22,0.57,2012,daily_treasury_real_yield_curve_2012.xml
2012-05-31,2358,-1.05,-0.82,-0.5,0.14,0.51,2012,daily_treasury_real_yield_curve_2012.xml
2012-06-01,2359,-1.03,-0.85,-0.59,-0.03,0.36,2012,daily_treasury_real_yield_curve_2012.xml
2012-06-04,2360,-1.01,-0.82,-0.56,-0.02,0.37,2012,daily_treasury_real_yield_curve_2012.xml
2012-06-05,2361,-1.03,-0.84,-0.56,-0.01,0.38,2012,daily_treasury_real_yield_curve_2012.xml
2012-06-06,2362,-1,-0.79,-0.5,0.07,0.46,2012,daily_treasury_real_yield_curve_2012.xml
2012-06-07,2363,-1.05,-0.82,-0.49,0.12,0.53,2012,daily_treasury_real_yield_curve_2012.xml
2012-06-08,2364,-1.08,-0.84,-0.5,0.13,0.55,2012,daily_treasury_real_yield_curve_2012.xml
2012-06-11,2365,-1.1,-0.86,-0.53,0.1,0.53,2012,daily_treasury_real_yield_curve_2012.xml
2012-06-12,2366,-1.06,-0.82,-0.48,0.14,0.56,2012,daily_treasury_real_yield_curve_2012.xml
2012-06-13,2367,-1.09,-0.85,-0.51,0.1,0.51,2012,daily_treasury_real_yield_curve_2012.xml
2012-06-14,2368,-1.06,-0.81,-0.47,0.14,0.55,2012,daily_treasury_real_yield_curve_2012.xml
2012-06-15,2369,-1.18,-0.91,-0.54,0.09,0.5,2012,daily_treasury_real_yield_curve_2012.xml
2012-06-18,2370,-1.16,-0.9,-0.54,0.09,0.49,2012,daily_treasury_real_yield_curve_2012.xml
2012-06-19,2371,-1.16,-0.9,-0.53,0.1,0.51,2012,daily_treasury_real_yield_curve_2012.xml
2012-06-20,2372,-1.14,-0.87,-0.51,0.11,0.5,2012,daily_treasury_real_yield_curve_2012.xml
2012-06-21,2373,-1.04,-0.8,-0.47,0.13,0.52,2012,daily_treasury_real_yield_curve_2012.xml
2012-06-22,2374,-0.98,-0.74,-0.42,0.18,0.57,2012,daily_treasury_real_yield_curve_2012.xml
2012-06-25,2375,-0.98,-0.77,-0.47,0.12,0.51,2012,daily_treasury_real_yield_curve_2012.xml
2012-06-26,2376,-0.95,-0.74,-0.45,0.12,0.52,2012,daily_treasury_real_yield_curve_2012.xml
2012-06-27,2377,-0.95,-0.74,-0.45,0.11,0.49,2012,daily_treasury_real_yield_curve_2012.xml
2012-06-28,2378,-0.95,-0.76,-0.48,0.09,0.49,2012,daily_treasury_real_yield_curve_2012.xml
2012-06-29,2379,-1,-0.77,-0.46,0.15,0.56,2012,daily_treasury_real_yield_curve_2012.xml
2012-07-02,2380,-1.04,-0.81,-0.5,0.1,0.51,2012,daily_treasury_real_yield_curve_2012.xml
2012-07-03,2381,-1.08,-0.82,-0.48,0.14,0.53,2012,daily_treasury_real_yield_curve_2012.xml
2012-07-05,2382,-1.12,-0.86,-0.51,0.1,0.5,2012,daily_treasury_real_yield_curve_2012.xml
2012-07-06,2383,-1.12,-0.87,-0.53,0.08,0.48,2012,daily_treasury_real_yield_curve_2012.xml
2012-07-09,2384,-1.14,-0.89,-0.57,0.03,0.43,2012,daily_treasury_real_yield_curve_2012.xml
2012-07-10,2385,-1.16,-0.92,-0.59,0.01,0.4,2012,daily_treasury_real_yield_curve_2012.xml
2012-07-11,2386,-1.15,-0.9,-0.57,0.03,0.41,2012,daily_treasury_real_yield_curve_2012.xml
2012-07-12,2387,-1.13,-0.9,-0.58,0,0.39,2012,daily_treasury_real_yield_curve_2012.xml
2012-07-13,2388,-1.15,-0.91,-0.59,-0.01,0.38,2012,daily_treasury_real_yield_curve_2012.xml
2012-07-16,2389,-1.18,-0.94,-0.61,-0.02,0.37,2012,daily_treasury_real_yield_curve_2012.xml
2012-07-17,2390,-1.16,-0.92,-0.59,0,0.4,2012,daily_treasury_real_yield_curve_2012.xml
2012-07-18,2391,-1.19,-0.94,-0.6,0,0.4,2012,daily_treasury_real_yield_curve_2012.xml
2012-07-19,2392,-1.2,-0.97,-0.62,-0.01,0.4,2012,daily_treasury_real_yield_curve_2012.xml
2012-07-20,2393,-1.18,-0.98,-0.67,-0.08,0.33,2012,daily_treasury_real_yield_curve_2012.xml
2012-07-23,2394,-1.18,-0.98,-0.68,-0.09,0.32,2012,daily_treasury_real_yield_curve_2012.xml
2012-07-24,2395,-1.13,-0.95,-0.68,-0.11,0.31,2012,daily_treasury_real_yield_curve_2012.xml
2012-07-25,2396,-1.12,-0.94,-0.67,-0.1,0.31,2012,daily_treasury_real_yield_curve_2012.xml
2012-07-26,2397,-1.13,-0.94,-0.66,-0.09,0.33,2012,daily_treasury_real_yield_curve_2012.xml
2012-07-27,2398,-1.14,-0.92,-0.61,-0.01,0.41,2012,daily_treasury_real_yield_curve_2012.xml
2012-07-30,2399,-1.17,-0.95,-0.64,-0.05,0.36,2012,daily_treasury_real_yield_curve_2012.xml
2012-07-31,2400,-1.23,-1.01,-0.69,-0.09,0.32,2012,daily_treasury_real_yield_curve_2012.xml
2012-08-01,2401,-1.22,-0.99,-0.67,-0.07,0.34,2012,daily_treasury_real_yield_curve_2012.xml
2012-08-02,2402,-1.22,-1,-0.69,-0.1,0.3,2012,daily_treasury_real_yield_curve_2012.xml
2012-08-03,2403,-1.2,-0.98,-0.66,-0.05,0.36,2012,daily_treasury_real_yield_curve_2012.xml
2012-08-06,2404,-1.24,-1.01,-0.68,-0.06,0.35,2012,daily_treasury_real_yield_curve_2012.xml
2012-08-07,2405,-1.24,-0.99,-0.65,-0.03,0.38,2012,daily_treasury_real_yield_curve_2012.xml
2012-08-08,2406,-1.19,-0.95,-0.61,0.01,0.42,2012,daily_treasury_real_yield_curve_2012.xml
2012-08-09,2407,-1.18,-0.93,-0.58,0.04,0.44,2012,daily_treasury_real_yield_curve_2012.xml
2012-08-10,2408,-1.19,-0.94,-0.6,0.03,0.44,2012,daily_treasury_real_yield_curve_2012.xml
2012-08-13,2409,-1.19,-0.94,-0.58,0.05,0.45,2012,daily_treasury_real_yield_curve_2012.xml
2012-08-14,2410,-1.16,-0.89,-0.53,0.11,0.51,2012,daily_treasury_real_yield_curve_2012.xml
2012-08-15,2411,-1.09,-0.82,-0.45,0.2,0.6,2012,daily_treasury_real_yield_curve_2012.xml
2012-08-16,2412,-1.07,-0.8,-0.42,0.24,0.64,2012,daily_treasury_real_yield_curve_2012.xml
2012-08-17,2413,-1.05,-0.79,-0.43,0.23,0.64,2012,daily_treasury_real_yield_curve_2012.xml
2012-08-20,2414,-1.04,-0.78,-0.43,0.23,0.64,2012,daily_treasury_real_yield_curve_2012.xml
2012-08-21,2415,-1.06,-0.8,-0.45,0.21,0.61,2012,daily_treasury_real_yield_curve_2012.xml
2012-08-22,2416,-1.17,-0.91,-0.55,0.12,0.53,2012,daily_treasury_real_yield_curve_2012.xml
2012-08-23,2417,-1.25,-0.98,-0.62,0.06,0.48,2012,daily_treasury_real_yield_curve_2012.xml
2012-08-24,2418,-1.22,-0.96,-0.6,0.07,0.48,2012,daily_treasury_real_yield_curve_2012.xml
2012-08-27,2419,-1.27,-1.01,-0.64,0.03,0.44,2012,daily_treasury_real_yield_curve_2012.xml
2012-08-28,2420,-1.29,-1.03,-0.68,-0.01,0.41,2012,daily_treasury_real_yield_curve_2012.xml
2012-08-29,2421,-1.26,-1,-0.64,0.02,0.44,2012,daily_treasury_real_yield_curve_2012.xml
2012-08-30,2422,-1.26,-1,-0.63,0.05,0.46,2012,daily_treasury_real_yield_curve_2012.xml
2012-08-31,2423,-1.36,-1.08,-0.68,0,0.41,2012,daily_treasury_real_yield_curve_2012.xml
2012-09-04,2424,-1.35,-1.07,-0.68,0,0.4,2012,daily_treasury_real_yield_curve_2012.xml
2012-09-05,2425,-1.36,-1.08,-0.69,-0.01,0.4,2012,daily_treasury_real_yield_curve_2012.xml
2012-09-06,2426,-1.33,-1.06,-0.63,0.05,0.47,2012,daily_treasury_real_yield_curve_2012.xml
2012-09-07,2427,-1.39,-1.12,-0.68,0.02,0.44,2012,daily_treasury_real_yield_curve_2012.xml
2012-09-10,2428,-1.42,-1.14,-0.68,0.01,0.43,2012,daily_treasury_real_yield_curve_2012.xml
2012-09-11,2429,-1.44,-1.15,-0.68,0.02,0.43,2012,daily_treasury_real_yield_curve_2012.xml
2012-09-12,2430,-1.42,-1.12,-0.61,0.1,0.52,2012,daily_treasury_real_yield_curve_2012.xml
2012-09-13,2431,-1.58,-1.24,-0.72,0.03,0.44,2012,daily_treasury_real_yield_curve_2012.xml
2012-09-14,2432,-1.67,-1.31,-0.76,0.02,0.43,2012,daily_treasury_real_yield_curve_2012.xml
2012-09-17,2433,-1.58,-1.22,-0.74,0.04,0.43,2012,daily_treasury_real_yield_curve_2012.xml
2012-09-18,2434,-1.52,-1.19,-0.73,0.04,0.44,2012,daily_treasury_real_yield_curve_2012.xml
2012-09-19,2435,-1.49,-1.17,-0.75,0.01,0.42,2012,daily_treasury_real_yield_curve_2012.xml
2012-09-20,2436,-1.51,-1.19,-0.7,0.05,0.46,2012,daily_treasury_real_yield_curve_2012.xml
2012-09-21,2437,-1.5,-1.17,-0.71,0.05,0.46,2012,daily_treasury_real_yield_curve_2012.xml
2012-09-24,2438,-1.47,-1.16,-0.73,0.04,0.47,2012,daily_treasury_real_yield_curve_2012.xml
2012-09-25,2439,-1.49,-1.2,-0.74,0.01,0.43,2012,daily_treasury_real_yield_curve_2012.xml
2012-09-26,2440,-1.46,-1.2,-0.77,-0.04,0.39,2012,daily_treasury_real_yield_curve_2012.xml
2012-09-27,2441,-1.47,-1.2,-0.78,-0.02,0.41,2012,daily_treasury_real_yield_curve_2012.xml
2012-09-28,2442,-1.49,-1.22,-0.77,-0.01,0.43,2012,daily_treasury_real_yield_curve_2012.xml
2012-10-01,2443,-1.49,-1.22,-0.78,-0.02,0.42,2012,daily_treasury_real_yield_curve_2012.xml
2012-10-02,2444,-1.51,-1.22,-0.83,-0.07,0.37,2012,daily_treasury_real_yield_curve_2012.xml
2012-10-03,2445,-1.57,-1.28,-0.83,-0.08,0.35,2012,daily_treasury_real_yield_curve_2012.xml
2012-10-04,2446,-1.62,-1.33,-0.86,-0.09,0.34,2012,daily_treasury_real_yield_curve_2012.xml
2012-10-05,2447,-1.61,-1.29,-0.82,-0.05,0.38,2012,daily_treasury_real_yield_curve_2012.xml
2012-10-09,2448,-1.6,-1.29,-0.81,-0.05,0.37,2012,daily_treasury_real_yield_curve_2012.xml
2012-10-10,2449,-1.57,-1.27,-0.8,-0.04,0.38,2012,daily_treasury_real_yield_curve_2012.xml
2012-10-11,2450,-1.52,-1.22,-0.77,-0.02,0.39,2012,daily_treasury_real_yield_curve_2012.xml
2012-10-12,2451,-1.48,-1.18,-0.78,-0.02,0.39,2012,daily_treasury_real_yield_curve_2012.xml
2012-10-15,2452,-1.52,-1.22,-0.78,-0.03,0.4,2012,daily_treasury_real_yield_curve_2012.xml
2012-10-16,2453,-1.48,-1.17,-0.71,0.04,0.46,2012,daily_treasury_real_yield_curve_2012.xml
2012-10-17,2454,-1.44,-1.12,-0.65,0.09,0.49,2012,daily_treasury_real_yield_curve_2012.xml
2012-10-18,2455,-1.43,-1.12,-0.66,0.08,0.49,2012,daily_treasury_real_yield_curve_2012.xml
2012-10-19,2456,-1.42,-1.13,-0.71,0.01,0.42,2012,daily_treasury_real_yield_curve_2012.xml
2012-10-22,2457,-1.39,-1.11,-0.7,0.01,0.42,2012,daily_treasury_real_yield_curve_2012.xml
2012-10-23,2458,-1.38,-1.11,-0.71,-0.01,0.4,2012,daily_treasury_real_yield_curve_2012.xml
2012-10-24,2459,-1.37,-1.09,-0.69,0.01,0.42,2012,daily_treasury_real_yield_curve_2012.xml
2012-10-25,2460,-1.31,-1.03,-0.63,0.06,0.47,2012,daily_treasury_real_yield_curve_2012.xml
2012-10-26,2461,-1.32,-1.05,-0.69,0.01,0.43,2012,daily_treasury_real_yield_curve_2012.xml
2012-10-29,2462,-1.35,-1.11,-0.73,-0.03,0.39,2012,daily_treasury_real_yield_curve_2012.xml
2012-10-31,2463,-1.4,-1.15,-0.78,-0.07,0.35,2012,daily_treasury_real_yield_curve_2012.xml
2012-11-01,2464,-1.4,-1.14,-0.77,-0.06,0.36,2012,daily_treasury_real_yield_curve_2012.xml
2012-11-02,2465,-1.39,-1.13,-0.73,-0.02,0.4,2012,daily_treasury_real_yield_curve_2012.xml
2012-11-05,2466,-1.37,-1.11,-0.75,-0.05,0.38,2012,daily_treasury_real_yield_curve_2012.xml
2012-11-06,2467,-1.37,-1.09,-0.72,-0.01,0.41,2012,daily_treasury_real_yield_curve_2012.xml
2012-11-07,2468,-1.41,-1.15,-0.8,-0.1,0.33,2012,daily_treasury_real_yield_curve_2012.xml
2012-11-08,2469,-1.42,-1.18,-0.85,-0.17,0.26,2012,daily_treasury_real_yield_curve_2012.xml
2012-11-09,2470,-1.4,-1.16,-0.83,-0.14,0.29,2012,daily_treasury_real_yield_curve_2012.xml
2012-11-13,2471,-1.41,-1.17,-0.84,-0.16,0.28,2012,daily_treasury_real_yield_curve_2012.xml
2012-11-14,2472,-1.39,-1.14,-0.81,-0.14,0.29,2012,daily_treasury_real_yield_curve_2012.xml
2012-11-15,2473,-1.38,-1.14,-0.8,-0.12,0.29,2012,daily_treasury_real_yield_curve_2012.xml
2012-11-16,2474,-1.39,-1.15,-0.81,-0.12,0.31,2012,daily_treasury_real_yield_curve_2012.xml
2012-11-19,2475,-1.39,-1.13,-0.78,-0.09,0.34,2012,daily_treasury_real_yield_curve_2012.xml
2012-11-20,2476,-1.38,-1.11,-0.74,-0.03,0.38,2012,daily_treasury_real_yield_curve_2012.xml
2012-11-21,2477,-1.36,-1.08,-0.71,0,0.4,2012,daily_treasury_real_yield_curve_2012.xml
2012-11-23,2478,-1.36,-1.1,-0.72,0,0.4,2012,daily_treasury_real_yield_curve_2012.xml
2012-11-26,2479,-1.36,-1.1,-0.73,0,0.38,2012,daily_treasury_real_yield_curve_2012.xml
2012-11-27,2480,-1.36,-1.1,-0.74,0.02,0.37,2012,daily_treasury_real_yield_curve_2012.xml
2012-11-28,2481,-1.35,-1.1,-0.75,0.02,0.38,2012,daily_treasury_real_yield_curve_2012.xml
2012-11-29,2482,-1.37,-1.12,-0.78,-0.01,0.36,2012,daily_treasury_real_yield_curve_2012.xml
2012-11-30,2483,-1.4,-1.15,-0.79,-0.01,0.34,2012,daily_treasury_real_yield_curve_2012.xml
2012-12-03,2484,-1.41,-1.16,-0.81,-0.05,0.3,2012,daily_treasury_real_yield_curve_2012.xml
2012-12-04,2485,-1.41,-1.16,-0.83,-0.08,0.28,2012,daily_treasury_real_yield_curve_2012.xml
2012-12-05,2486,-1.45,-1.2,-0.85,-0.1,0.27,2012,daily_treasury_real_yield_curve_2012.xml
2012-12-06,2487,-1.46,-1.22,-0.87,-0.12,0.24,2012,daily_treasury_real_yield_curve_2012.xml
2012-12-07,2488,-1.47,-1.22,-0.86,-0.11,0.25,2012,daily_treasury_real_yield_curve_2012.xml
2012-12-10,2489,-1.43,-1.17,-0.87,-0.16,0.24,2012,daily_treasury_real_yield_curve_2012.xml
2012-12-11,2490,-1.43,-1.19,-0.84,-0.07,0.26,2012,daily_treasury_real_yield_curve_2012.xml
2012-12-12,2491,-1.46,-1.18,-0.79,-0.01,0.31,2012,daily_treasury_real_yield_curve_2012.xml
2012-12-13,2492,-1.42,-1.13,-0.73,0.03,0.34,2012,daily_treasury_real_yield_curve_2012.xml
2012-12-14,2493,-1.41,-1.13,-0.74,0,0.32,2012,daily_treasury_real_yield_curve_2012.xml
2012-12-17,2494,-1.37,-1.09,-0.7,0.05,0.38,2012,daily_treasury_real_yield_curve_2012.xml
2012-12-18,2495,-1.36,-1.07,-0.67,0.1,0.42,2012,daily_treasury_real_yield_curve_2012.xml
2012-12-19,2496,-1.36,-1.07,-0.66,0.14,0.41,2012,daily_treasury_real_yield_curve_2012.xml
2012-12-20,2497,-1.39,-1.09,-0.69,0.06,0.38,2012,daily_treasury_real_yield_curve_2012.xml
2012-12-21,2498,-1.35,-1.06,-0.71,0.02,0.35,2012,daily_treasury_real_yield_curve_2012.xml
2012-12-24,2499,-1.36,-1.09,-0.69,0.1,0.35,2012,daily_treasury_real_yield_curve_2012.xml
2012-12-26,2500,-1.35,-1.08,-0.71,0.05,0.35,2012,daily_treasury_real_yield_curve_2012.xml
2012-12-27,2501,-1.39,-1.12,-0.73,0.05,0.34,2012,daily_treasury_real_yield_curve_2012.xml
2012-12-28,2502,-1.34,-1.05,-0.73,0.01,0.36,2012,daily_treasury_real_yield_curve_2012.xml
2012-12-31,2503,-1.37,-1.09,-0.67,0.15,0.41,2012,daily_treasury_real_yield_curve_2012.xml
2013-01-02,2504,-1.36,-1.06,-0.62,0.22,0.47,2013,daily_treasury_real_yield_curve_2013.xml
2013-01-03,2505,-1.3,-0.99,-0.54,0.31,0.56,2013,daily_treasury_real_yield_curve_2013.xml
2013-01-04,2506,-1.31,-0.99,-0.55,0.27,0.53,2013,daily_treasury_real_yield_curve_2013.xml
2013-01-07,2507,-1.34,-1.02,-0.6,0.18,0.49,2013,daily_treasury_real_yield_curve_2013.xml
2013-01-08,2508,-1.36,-1.06,-0.6,0.24,0.46,2013,daily_treasury_real_yield_curve_2013.xml
2013-01-09,2509,-1.41,-1.09,-0.64,0.2,0.44,2013,daily_treasury_real_yield_curve_2013.xml
2013-01-10,2510,-1.4,-1.05,-0.62,0.14,0.47,2013,daily_treasury_real_yield_curve_2013.xml
2013-01-11,2511,-1.4,-1.07,-0.63,0.16,0.45,2013,daily_treasury_real_yield_curve_2013.xml
2013-01-14,2512,-1.34,-1,-0.66,0.1,0.46,2013,daily_treasury_real_yield_curve_2013.xml
2013-01-15,2513,-1.45,-1.12,-0.66,0.17,0.43,2013,daily_treasury_real_yield_curve_2013.xml
2013-01-16,2514,-1.43,-1.11,-0.65,0.19,0.44,2013,daily_treasury_real_yield_curve_2013.xml
2013-01-17,2515,-1.4,-1.07,-0.64,0.17,0.47,2013,daily_treasury_real_yield_curve_2013.xml
2013-01-18,2516,-1.43,-1.09,-0.66,0.16,0.44,2013,daily_treasury_real_yield_curve_2013.xml
2013-01-22,2517,-1.39,-1.04,-0.68,0.09,0.44,2013,daily_treasury_real_yield_curve_2013.xml
2013-01-23,2518,-1.45,-1.13,-0.66,0.2,0.44,2013,daily_treasury_real_yield_curve_2013.xml
2013-01-24,2519,-1.44,-1.1,-0.62,0.25,0.45,2013,daily_treasury_real_yield_curve_2013.xml
2013-01-25,2520,-1.34,-0.96,-0.56,0.2,0.51,2013,daily_treasury_real_yield_curve_2013.xml
2013-01-28,2521,-1.35,-0.97,-0.55,0.21,0.52,2013,daily_treasury_real_yield_curve_2013.xml
2013-01-29,2522,-1.37,-0.97,-0.53,0.24,0.55,2013,daily_treasury_real_yield_curve_2013.xml
2013-01-30,2523,-1.38,-0.96,-0.54,0.22,0.56,2013,daily_treasury_real_yield_curve_2013.xml
2013-01-31,2524,-1.45,-1.03,-0.57,0.22,0.53,2013,daily_treasury_real_yield_curve_2013.xml
2013-02-01,2525,-1.46,-1.01,-0.55,0.25,0.58,2013,daily_treasury_real_yield_curve_2013.xml
2013-02-04,2526,-1.47,-1.04,-0.59,0.2,0.53,2013,daily_treasury_real_yield_curve_2013.xml
2013-02-05,2527,-1.44,-1,-0.55,0.23,0.56,2013,daily_treasury_real_yield_curve_2013.xml
2013-02-06,2528,-1.48,-1.04,-0.58,0.22,0.53,2013,daily_treasury_real_yield_curve_2013.xml
2013-02-07,2529,-1.46,-1.03,-0.58,0.2,0.53,2013,daily_treasury_real_yield_curve_2013.xml
2013-02-08,2530,-1.37,-0.92,-0.57,0.17,0.56,2013,daily_treasury_real_yield_curve_2013.xml
2013-02-11,2531,-1.41,-0.99,-0.58,0.2,0.55,2013,daily_treasury_real_yield_curve_2013.xml
2013-02-12,2532,-1.32,-0.88,-0.57,0.19,0.57,2013,daily_treasury_real_yield_curve_2013.xml
2013-02-13,2533,-1.34,-0.9,-0.54,0.22,0.59,2013,daily_treasury_real_yield_curve_2013.xml
2013-02-14,2534,-1.36,-0.9,-0.56,0.21,0.58,2013,daily_treasury_real_yield_curve_2013.xml
2013-02-15,2535,-1.32,-0.86,-0.53,0.23,0.61,2013,daily_treasury_real_yield_curve_2013.xml
2013-02-19,2536,-1.31,-0.85,-0.52,0.23,0.61,2013,daily_treasury_real_yield_curve_2013.xml
2013-02-20,2537,-1.31,-0.86,-0.52,0.23,0.61,2013,daily_treasury_real_yield_curve_2013.xml
2013-02-21,2538,-1.33,-0.88,-0.54,0.21,0.62,2013,daily_treasury_real_yield_curve_2013.xml
2013-02-22,2539,-1.36,-0.9,-0.57,0.18,0.59,2013,daily_treasury_real_yield_curve_2013.xml
2013-02-25,2540,-1.41,-0.96,-0.62,0.14,0.54,2013,daily_treasury_real_yield_curve_2013.xml
2013-02-26,2541,-1.4,-0.96,-0.62,0.13,0.56,2013,daily_treasury_real_yield_curve_2013.xml
2013-02-27,2542,-1.4,-0.95,-0.61,0.14,0.57,2013,daily_treasury_real_yield_curve_2013.xml
2013-02-28,2543,-1.41,-0.97,-0.64,0.12,0.55,2013,daily_treasury_real_yield_curve_2013.xml
2013-03-01,2544,-1.45,-1.02,-0.67,0.07,0.52,2013,daily_treasury_real_yield_curve_2013.xml
2013-03-04,2545,-1.46,-1.02,-0.65,0.12,0.54,2013,daily_treasury_real_yield_curve_2013.xml
2013-03-05,2546,-1.49,-1.05,-0.65,0.13,0.54,2013,daily_treasury_real_yield_curve_2013.xml
2013-03-06,2547,-1.46,-1.02,-0.61,0.17,0.58,2013,daily_treasury_real_yield_curve_2013.xml
2013-03-07,2548,-1.37,-0.91,-0.56,0.2,0.62,2013,daily_treasury_real_yield_curve_2013.xml
2013-03-08,2549,-1.28,-0.8,-0.5,0.25,0.67,2013,daily_treasury_real_yield_curve_2013.xml
2013-03-11,2550,-1.38,-0.91,-0.5,0.27,0.67,2013,daily_treasury_real_yield_curve_2013.xml
2013-03-12,2551,-1.39,-0.92,-0.52,0.25,0.65,2013,daily_treasury_real_yield_curve_2013.xml
2013-03-13,2552,-1.4,-0.92,-0.52,0.24,0.65,2013,daily_treasury_real_yield_curve_2013.xml
2013-03-14,2553,-1.43,-0.94,-0.53,0.25,0.67,2013,daily_treasury_real_yield_curve_2013.xml
2013-03-15,2554,-1.46,-0.97,-0.55,0.25,0.67,2013,daily_treasury_real_yield_curve_2013.xml
2013-03-18,2555,-1.45,-0.98,-0.6,0.2,0.64,2013,daily_treasury_real_yield_curve_2013.xml
2013-03-19,2556,-1.46,-1.01,-0.61,0.18,0.62,2013,daily_treasury_real_yield_curve_2013.xml
2013-03-20,2557,-1.44,-0.97,-0.57,0.23,0.66,2013,daily_treasury_real_yield_curve_2013.xml
2013-03-21,2558,-1.41,-0.95,-0.57,0.21,0.65,2013,daily_treasury_real_yield_curve_2013.xml
2013-03-22,2559,-1.43,-0.98,-0.6,0.19,0.62,2013,daily_treasury_real_yield_curve_2013.xml
2013-03-25,2560,-1.44,-0.98,-0.6,0.19,0.63,2013,daily_treasury_real_yield_curve_2013.xml
2013-03-26,2561,-1.42,-0.97,-0.61,0.18,0.62,2013,daily_treasury_real_yield_curve_2013.xml
2013-03-27,2562,-1.46,-1.02,-0.64,0.15,0.59,2013,daily_treasury_real_yield_curve_2013.xml
2013-03-28,2563,-1.47,-1.03,-0.64,0.16,0.61,2013,daily_treasury_real_yield_curve_2013.xml
2013-04-01,2564,-1.47,-1.03,-0.65,0.14,0.58,2013,daily_treasury_real_yield_curve_2013.xml
2013-04-02,2565,-1.44,-0.99,-0.63,0.16,0.6,2013,daily_treasury_real_yield_curve_2013.xml
2013-04-03,2566,-1.45,-1.02,-0.65,0.13,0.56,2013,daily_treasury_real_yield_curve_2013.xml
2013-04-04,2567,-1.44,-1.01,-0.7,0.06,0.48,2013,daily_treasury_real_yield_curve_2013.xml
2013-04-05,2568,-1.42,-1.02,-0.74,-0.03,0.38,2013,daily_treasury_real_yield_curve_2013.xml
2013-04-08,2569,-1.43,-1.03,-0.69,0.04,0.44,2013,daily_treasury_real_yield_curve_2013.xml
2013-04-09,2570,-1.36,-0.96,-0.67,0.05,0.49,2013,daily_treasury_real_yield_curve_2013.xml
2013-04-10,2571,-1.36,-0.95,-0.6,0.16,0.56,2013,daily_treasury_real_yield_curve_2013.xml
2013-04-11,2572,-1.38,-0.99,-0.65,0.11,0.52,2013,daily_treasury_real_yield_curve_2013.xml
2013-04-12,2573,-1.41,-1.03,-0.68,0.06,0.47,2013,daily_treasury_real_yield_curve_2013.xml
2013-04-15,2574,-1.33,-0.98,-0.69,0.03,0.44,2013,daily_treasury_real_yield_curve_2013.xml
2013-04-16,2575,-1.31,-0.95,-0.65,0.07,0.48,2013,daily_treasury_real_yield_curve_2013.xml
2013-04-17,2576,-1.27,-0.92,-0.64,0.08,0.48,2013,daily_treasury_real_yield_curve_2013.xml
2013-04-18,2577,-1.29,-0.82,-0.55,0.13,0.52,2013,daily_treasury_real_yield_curve_2013.xml
2013-04-19,2578,-1.32,-0.89,-0.59,0.07,0.49,2013,daily_treasury_real_yield_curve_2013.xml
2013-04-22,2579,-1.34,-0.91,-0.63,0.05,0.47,2013,daily_treasury_real_yield_curve_2013.xml
2013-04-23,2580,-1.33,-0.92,-0.64,0.04,0.47,2013,daily_treasury_real_yield_curve_2013.xml
2013-04-24,2581,-1.37,-0.96,-0.65,0.03,0.45,2013,daily_treasury_real_yield_curve_2013.xml
2013-04-25,2582,-1.41,-0.98,-0.66,0.03,0.45,2013,daily_treasury_real_yield_curve_2013.xml
2013-04-26,2583,-1.43,-0.97,-0.68,0.01,0.42,2013,daily_treasury_real_yield_curve_2013.xml
2013-04-29,2584,-1.42,-0.98,-0.67,0.03,0.44,2013,daily_treasury_real_yield_curve_2013.xml
2013-04-30,2585,-1.38,-0.94,-0.64,0.05,0.46,2013,daily_treasury_real_yield_curve_2013.xml
2013-05-01,2586,-1.33,-0.92,-0.64,0.04,0.44,2013,daily_treasury_real_yield_curve_2013.xml
2013-05-02,2587,-1.34,-0.91,-0.62,0.06,0.45,2013,daily_treasury_real_yield_curve_2013.xml
2013-05-03,2588,-1.3,-0.84,-0.53,0.18,0.56,2013,daily_treasury_real_yield_curve_2013.xml
2013-05-06,2589,-1.31,-0.86,-0.51,0.2,0.58,2013,daily_treasury_real_yield_curve_2013.xml
2013-05-07,2590,-1.3,-0.86,-0.5,0.22,0.59,2013,daily_treasury_real_yield_curve_2013.xml
2013-05-08,2591,-1.28,-0.8,-0.48,0.23,0.62,2013,daily_treasury_real_yield_curve_2013.xml
2013-05-09,2592,-1.27,-0.81,-0.5,0.22,0.62,2013,daily_treasury_real_yield_curve_2013.xml
2013-05-10,2593,-1.23,-0.78,-0.45,0.27,0.67,2013,daily_treasury_real_yield_curve_2013.xml
2013-05-13,2594,-1.19,-0.72,-0.41,0.3,0.69,2013,daily_treasury_real_yield_curve_2013.xml
2013-05-14,2595,-1.18,-0.71,-0.37,0.35,0.74,2013,daily_treasury_real_yield_curve_2013.xml
2013-05-15,2596,-1.17,-0.69,-0.36,0.36,0.75,2013,daily_treasury_real_yield_curve_2013.xml
2013-05-16,2597,-1.18,-0.73,-0.4,0.31,0.7,2013,daily_treasury_real_yield_curve_2013.xml
2013-05-17,2598,-1.14,-0.67,-0.31,0.39,0.76,2013,daily_treasury_real_yield_curve_2013.xml
2013-05-20,2599,-1.15,-0.71,-0.31,0.42,0.77,2013,daily_treasury_real_yield_curve_2013.xml
2013-05-21,2600,-1.15,-0.72,-0.34,0.38,0.74,2013,daily_treasury_real_yield_curve_2013.xml
2013-05-22,2601,-1.06,-0.6,-0.24,0.47,0.83,2013,daily_treasury_real_yield_curve_2013.xml
2013-05-23,2602,-1.02,-0.56,-0.24,0.46,0.83,2013,daily_treasury_real_yield_curve_2013.xml
2013-05-24,2603,-1.03,-0.6,-0.26,0.44,0.8,2013,daily_treasury_real_yield_curve_2013.xml
2013-05-28,2604,-0.94,-0.47,-0.14,0.55,0.89,2013,daily_treasury_real_yield_curve_2013.xml
2013-05-29,2605,-0.89,-0.45,-0.1,0.57,0.91,2013,daily_treasury_real_yield_curve_2013.xml
2013-05-30,2606,-0.82,-0.39,-0.05,0.62,0.96,2013,daily_treasury_real_yield_curve_2013.xml
2013-05-31,2607,-0.82,-0.38,-0.05,0.63,0.97,2013,daily_treasury_real_yield_curve_2013.xml
2013-06-03,2608,-0.86,-0.45,-0.07,0.62,0.95,2013,daily_treasury_real_yield_curve_2013.xml
2013-06-04,2609,-0.87,-0.45,-0.05,0.66,0.99,2013,daily_treasury_real_yield_curve_2013.xml
2013-06-05,2610,-0.86,-0.46,-0.06,0.66,0.97,2013,daily_treasury_real_yield_curve_2013.xml
2013-06-06,2611,-0.86,-0.47,-0.05,0.68,0.99,2013,daily_treasury_real_yield_curve_2013.xml
2013-06-07,2612,-0.79,-0.39,0.03,0.76,1.06,2013,daily_treasury_real_yield_curve_2013.xml
2013-06-10,2613,-0.72,-0.32,0.11,0.86,1.15,2013,daily_treasury_real_yield_curve_2013.xml
2013-06-11,2614,-0.71,-0.37,0.13,0.99,1.14,2013,daily_treasury_real_yield_curve_2013.xml
2013-06-12,2615,-0.66,-0.31,0.21,1.06,1.21,2013,daily_treasury_real_yield_curve_2013.xml
2013-06-13,2616,-0.69,-0.32,0.15,0.9,1.17,2013,daily_treasury_real_yield_curve_2013.xml
2013-06-14,2617,-0.78,-0.4,0.09,0.88,1.14,2013,daily_treasury_real_yield_curve_2013.xml
2013-06-17,2618,-0.74,-0.37,0.15,1.01,1.21,2013,daily_treasury_real_yield_curve_2013.xml
2013-06-18,2619,-0.77,-0.39,0.14,1,1.16,2013,daily_treasury_real_yield_curve_2013.xml
2013-06-19,2620,-0.59,-0.19,0.29,1.05,1.26,2013,daily_treasury_real_yield_curve_2013.xml
2013-06-20,2621,-0.43,-0.07,0.46,1.29,1.39,2013,daily_treasury_real_yield_curve_2013.xml
2013-06-21,2622,-0.24,0.11,0.59,1.33,1.45,2013,daily_treasury_real_yield_curve_2013.xml
2013-06-24,2623,-0.14,0.22,0.64,1.22,1.45,2013,daily_treasury_real_yield_curve_2013.xml
2013-06-25,2624,-0.16,0.21,0.64,1.21,1.44,2013,daily_treasury_real_yield_curve_2013.xml
2013-06-26,2625,-0.22,0.16,0.6,1.15,1.38,2013,daily_treasury_real_yield_curve_2013.xml
2013-06-27,2626,-0.35,0.05,0.5,1.08,1.31,2013,daily_treasury_real_yield_curve_2013.xml
2013-06-28,2627,-0.35,0.06,0.53,1.12,1.31,2013,daily_treasury_real_yield_curve_2013.xml
2013-07-01,2628,-0.41,0,0.48,1.09,1.28,2013,daily_treasury_real_yield_curve_2013.xml
2013-07-02,2629,-0.44,-0.03,0.44,1.07,1.23,2013,daily_treasury_real_yield_curve_2013.xml
2013-07-03,2630,-0.41,0.03,0.48,1.09,1.28,2013,daily_treasury_real_yield_curve_2013.xml
2013-07-05,2631,-0.27,0.22,0.66,1.22,1.43,2013,daily_treasury_real_yield_curve_2013.xml
2013-07-08,2632,-0.36,0.13,0.58,1.16,1.38,2013,daily_treasury_real_yield_curve_2013.xml
2013-07-09,2633,-0.36,0.14,0.59,1.18,1.4,2013,daily_treasury_real_yield_curve_2013.xml
2013-07-10,2634,-0.33,0.19,0.64,1.23,1.44,2013,daily_treasury_real_yield_curve_2013.xml
2013-07-11,2635,-0.42,0.1,0.56,1.18,1.41,2013,daily_treasury_real_yield_curve_2013.xml
2013-07-12,2636,-0.41,0.11,0.55,1.15,1.4,2013,daily_treasury_real_yield_curve_2013.xml
2013-07-15,2637,-0.46,0.05,0.47,1.08,1.34,2013,daily_treasury_real_yield_curve_2013.xml
2013-07-16,2638,-0.51,0,0.41,1.03,1.29,2013,daily_treasury_real_yield_curve_2013.xml
2013-07-17,2639,-0.57,-0.06,0.38,1.02,1.29,2013,daily_treasury_real_yield_curve_2013.xml
2013-07-18,2640,-0.54,-0.06,0.38,1.05,1.35,2013,daily_treasury_real_yield_curve_2013.xml
2013-07-19,2641,-0.6,-0.14,0.29,0.96,1.27,2013,daily_treasury_real_yield_curve_2013.xml
2013-07-22,2642,-0.59,-0.13,0.28,0.94,1.25,2013,daily_treasury_real_yield_curve_2013.xml
2013-07-23,2643,-0.57,-0.11,0.33,1,1.3,2013,daily_treasury_real_yield_curve_2013.xml
2013-07-24,2644,-0.47,-0.01,0.44,1.11,1.39,2013,daily_treasury_real_yield_curve_2013.xml
2013-07-25,2645,-0.45,0,0.44,1.1,1.39,2013,daily_treasury_real_yield_curve_2013.xml
2013-07-26,2646,-0.47,-0.02,0.43,1.08,1.36,2013,daily_treasury_real_yield_curve_2013.xml
2013-07-29,2647,-0.44,0.02,0.45,1.09,1.38,2013,daily_treasury_real_yield_curve_2013.xml
2013-07-30,2648,-0.43,0.03,0.46,1.1,1.39,2013,daily_treasury_real_yield_curve_2013.xml
2013-07-31,2649,-0.49,-0.03,0.38,1.02,1.31,2013,daily_treasury_real_yield_curve_2013.xml
2013-08-01,2650,-0.45,0.05,0.48,1.12,1.4,2013,daily_treasury_real_yield_curve_2013.xml
2013-08-02,2651,-0.55,-0.04,0.42,1.07,1.35,2013,daily_treasury_real_yield_curve_2013.xml
2013-08-05,2652,-0.53,-0.01,0.42,1.07,1.37,2013,daily_treasury_real_yield_curve_2013.xml
2013-08-06,2653,-0.55,-0.05,0.39,1.03,1.32,2013,daily_treasury_real_yield_curve_2013.xml
2013-08-07,2654,-0.55,-0.06,0.35,0.98,1.27,2013,daily_treasury_real_yield_curve_2013.xml
2013-08-08,2655,-0.54,-0.07,0.34,0.96,1.26,2013,daily_treasury_real_yield_curve_2013.xml
2013-08-09,2656,-0.55,-0.08,0.33,0.96,1.25,2013,daily_treasury_real_yield_curve_2013.xml
2013-08-12,2657,-0.52,-0.05,0.37,1.01,1.3,2013,daily_treasury_real_yield_curve_2013.xml
2013-08-13,2658,-0.43,0.05,0.48,1.11,1.4,2013,daily_treasury_real_yield_curve_2013.xml
2013-08-14,2659,-0.38,0.11,0.5,1.13,1.43,2013,daily_treasury_real_yield_curve_2013.xml
2013-08-15,2660,-0.29,0.18,0.6,1.22,1.51,2013,daily_treasury_real_yield_curve_2013.xml
2013-08-16,2661,-0.19,0.29,0.68,1.29,1.58,2013,daily_treasury_real_yield_curve_2013.xml
2013-08-19,2662,-0.13,0.35,0.75,1.35,1.63,2013,daily_treasury_real_yield_curve_2013.xml
2013-08-20,2663,-0.21,0.28,0.67,1.28,1.58,2013,daily_treasury_real_yield_curve_2013.xml
2013-08-21,2664,-0.13,0.35,0.73,1.33,1.62,2013,daily_treasury_real_yield_curve_2013.xml
2013-08-22,2665,-0.06,0.41,0.79,1.35,1.61,2013,daily_treasury_real_yield_curve_2013.xml
2013-08-23,2666,-0.16,0.29,0.69,1.25,1.51,2013,daily_treasury_real_yield_curve_2013.xml
2013-08-26,2667,-0.21,0.26,0.64,1.2,1.47,2013,daily_treasury_real_yield_curve_2013.xml
2013-08-27,2668,-0.3,0.17,0.57,1.14,1.41,2013,daily_treasury_real_yield_curve_2013.xml
2013-08-28,2669,-0.23,0.25,0.63,1.19,1.45,2013,daily_treasury_real_yield_curve_2013.xml
2013-08-29,2670,-0.2,0.28,0.65,1.18,1.43,2013,daily_treasury_real_yield_curve_2013.xml
2013-08-30,2671,-0.16,0.31,0.68,1.21,1.46,2013,daily_treasury_real_yield_curve_2013.xml
2013-09-03,2672,-0.08,0.42,0.76,1.28,1.54,2013,daily_treasury_real_yield_curve_2013.xml
2013-09-04,2673,0,0.47,0.83,1.33,1.58,2013,daily_treasury_real_yield_curve_2013.xml
2013-09-05,2674,0.14,0.61,0.92,1.4,1.64,2013,daily_treasury_real_yield_curve_2013.xml
2013-09-06,2675,0.06,0.56,0.87,1.37,1.62,2013,daily_treasury_real_yield_curve_2013.xml
2013-09-09,2676,0.02,0.52,0.84,1.34,1.59,2013,daily_treasury_real_yield_curve_2013.xml
2013-09-10,2677,0.04,0.53,0.86,1.36,1.6,2013,daily_treasury_real_yield_curve_2013.xml
2013-09-11,2678,-0.04,0.47,0.8,1.31,1.55,2013,daily_treasury_real_yield_curve_2013.xml
2013-09-12,2679,-0.03,0.5,0.81,1.32,1.57,2013,daily_treasury_real_yield_curve_2013.xml
2013-09-13,2680,-0.04,0.47,0.8,1.32,1.57,2013,daily_treasury_real_yield_curve_2013.xml
2013-09-16,2681,-0.11,0.44,0.76,1.32,1.6,2013,daily_treasury_real_yield_curve_2013.xml
2013-09-17,2682,-0.17,0.36,0.7,1.27,1.54,2013,daily_treasury_real_yield_curve_2013.xml
2013-09-18,2683,-0.41,0.14,0.49,1.13,1.44,2013,daily_treasury_real_yield_curve_2013.xml
2013-09-19,2684,-0.34,0.21,0.55,1.18,1.48,2013,daily_treasury_real_yield_curve_2013.xml
2013-09-20,2685,-0.35,0.17,0.52,1.14,1.44,2013,daily_treasury_real_yield_curve_2013.xml
2013-09-23,2686,-0.36,0.16,0.46,1.07,1.38,2013,daily_treasury_real_yield_curve_2013.xml
2013-09-24,2687,-0.33,0.19,0.48,1.07,1.37,2013,daily_treasury_real_yield_curve_2013.xml
2013-09-25,2688,-0.38,0.12,0.45,1.06,1.36,2013,daily_treasury_real_yield_curve_2013.xml
2013-09-26,2689,-0.34,0.19,0.47,1.07,1.37,2013,daily_treasury_real_yield_curve_2013.xml
2013-09-27,2690,-0.36,0.16,0.46,1.08,1.39,2013,daily_treasury_real_yield_curve_2013.xml
2013-09-30,2691,-0.35,0.15,0.45,1.06,1.38,2013,daily_treasury_real_yield_curve_2013.xml
2013-10-01,2692,-0.35,0.15,0.46,1.08,1.39,2013,daily_treasury_real_yield_curve_2013.xml
2013-10-02,2693,-0.42,0.1,0.43,1.05,1.37,2013,daily_treasury_real_yield_curve_2013.xml
2013-10-03,2694,-0.41,0.11,0.43,1.06,1.38,2013,daily_treasury_real_yield_curve_2013.xml
2013-10-04,2695,-0.38,0.14,0.46,1.08,1.4,2013,daily_treasury_real_yield_curve_2013.xml
2013-10-07,2696,-0.38,0.13,0.45,1.06,1.37,2013,daily_treasury_real_yield_curve_2013.xml
2013-10-08,2697,-0.33,0.17,0.48,1.07,1.39,2013,daily_treasury_real_yield_curve_2013.xml
2013-10-09,2698,-0.35,0.15,0.47,1.07,1.4,2013,daily_treasury_real_yield_curve_2013.xml
2013-10-10,2699,-0.37,0.17,0.5,1.11,1.43,2013,daily_treasury_real_yield_curve_2013.xml
2013-10-11,2700,-0.37,0.17,0.5,1.11,1.42,2013,daily_treasury_real_yield_curve_2013.xml
2013-10-15,2701,-0.34,0.2,0.54,1.16,1.47,2013,daily_treasury_real_yield_curve_2013.xml
2013-10-16,2702,-0.38,0.17,0.5,1.12,1.43,2013,daily_treasury_real_yield_curve_2013.xml
2013-10-17,2703,-0.42,0.11,0.45,1.07,1.4,2013,daily_treasury_real_yield_curve_2013.xml
2013-10-18,2704,-0.43,0.11,0.42,1.05,1.37,2013,daily_treasury_real_yield_curve_2013.xml
2013-10-21,2705,-0.41,0.12,0.44,1.07,1.39,2013,daily_treasury_real_yield_curve_2013.xml
2013-10-22,2706,-0.46,0.05,0.37,1,1.34,2013,daily_treasury_real_yield_curve_2013.xml
2013-10-23,2707,-0.46,0.04,0.36,1,1.33,2013,daily_treasury_real_yield_curve_2013.xml
2013-10-24,2708,-0.45,0.05,0.36,1,1.33,2013,daily_treasury_real_yield_curve_2013.xml
2013-10-25,2709,-0.47,0.03,0.34,0.97,1.3,2013,daily_treasury_real_yield_curve_2013.xml
2013-10-28,2710,-0.48,0.04,0.35,0.98,1.3,2013,daily_treasury_real_yield_curve_2013.xml
2013-10-29,2711,-0.47,0.04,0.35,0.99,1.32,2013,daily_treasury_real_yield_curve_2013.xml
2013-10-30,2712,-0.47,0.04,0.37,1,1.33,2013,daily_treasury_real_yield_curve_2013.xml
2013-10-31,2713,-0.43,0.09,0.4,1.03,1.34,2013,daily_treasury_real_yield_curve_2013.xml
2013-11-01,2714,-0.33,0.2,0.5,1.11,1.41,2013,daily_treasury_real_yield_curve_2013.xml
2013-11-04,2715,-0.35,0.18,0.5,1.12,1.42,2013,daily_treasury_real_yield_curve_2013.xml
2013-11-05,2716,-0.33,0.21,0.55,1.18,1.48,2013,daily_treasury_real_yield_curve_2013.xml
2013-11-06,2717,-0.43,0.12,0.48,1.13,1.46,2013,daily_treasury_real_yield_curve_2013.xml
2013-11-07,2718,-0.45,0.09,0.46,1.11,1.43,2013,daily_treasury_real_yield_curve_2013.xml
2013-11-08,2719,-0.35,0.23,0.59,1.24,1.54,2013,daily_treasury_real_yield_curve_2013.xml
2013-11-12,2720,-0.32,0.25,0.62,1.25,1.55,2013,daily_treasury_real_yield_curve_2013.xml
2013-11-13,2721,-0.38,0.2,0.58,1.23,1.54,2013,daily_treasury_real_yield_curve_2013.xml
2013-11-14,2722,-0.46,0.13,0.51,1.18,1.5,2013,daily_treasury_real_yield_curve_2013.xml
2013-11-15,2723,-0.44,0.14,0.53,1.19,1.51,2013,daily_treasury_real_yield_curve_2013.xml
2013-11-18,2724,-0.47,0.11,0.48,1.15,1.47,2013,daily_treasury_real_yield_curve_2013.xml
2013-11-19,2725,-0.4,0.16,0.53,1.2,1.51,2013,daily_treasury_real_yield_curve_2013.xml
2013-11-20,2726,-0.36,0.24,0.64,1.31,1.63,2013,daily_treasury_real_yield_curve_2013.xml
2013-11-21,2727,-0.38,0.21,0.6,1.27,1.59,2013,daily_treasury_real_yield_curve_2013.xml
2013-11-22,2728,-0.39,0.19,0.56,1.21,1.52,2013,daily_treasury_real_yield_curve_2013.xml
2013-11-25,2729,-0.38,0.19,0.56,1.2,1.51,2013,daily_treasury_real_yield_curve_2013.xml
2013-11-26,2730,-0.37,0.19,0.54,1.18,1.49,2013,daily_treasury_real_yield_curve_2013.xml
2013-11-27,2731,-0.35,0.22,0.58,1.22,1.52,2013,daily_treasury_real_yield_curve_2013.xml
2013-11-29,2732,-0.32,0.24,0.6,1.23,1.53,2013,daily_treasury_real_yield_curve_2013.xml
2013-12-02,2733,-0.27,0.3,0.66,1.28,1.58,2013,daily_treasury_real_yield_curve_2013.xml
2013-12-03,2734,-0.29,0.29,0.64,1.27,1.57,2013,daily_treasury_real_yield_curve_2013.xml
2013-12-04,2735,-0.19,0.41,0.73,1.35,1.64,2013,daily_treasury_real_yield_curve_2013.xml
2013-12-05,2736,-0.17,0.42,0.76,1.36,1.66,2013,daily_treasury_real_yield_curve_2013.xml
2013-12-06,2737,-0.14,0.44,0.77,1.36,1.64,2013,daily_treasury_real_yield_curve_2013.xml
2013-12-09,2738,-0.13,0.44,0.74,1.33,1.62,2013,daily_treasury_real_yield_curve_2013.xml
2013-12-10,2739,-0.18,0.38,0.69,1.28,1.58,2013,daily_treasury_real_yield_curve_2013.xml
2013-12-11,2740,-0.15,0.41,0.71,1.31,1.6,2013,daily_treasury_real_yield_curve_2013.xml
2013-12-12,2741,-0.1,0.46,0.75,1.35,1.63,2013,daily_treasury_real_yield_curve_2013.xml
2013-12-13,2742,-0.11,0.44,0.72,1.3,1.59,2013,daily_treasury_real_yield_curve_2013.xml
2013-12-16,2743,-0.13,0.44,0.71,1.3,1.59,2013,daily_treasury_real_yield_curve_2013.xml
2013-12-17,2744,-0.17,0.39,0.67,1.26,1.56,2013,daily_treasury_real_yield_curve_2013.xml
2013-12-18,2745,-0.12,0.45,0.72,1.31,1.6,2013,daily_treasury_real_yield_curve_2013.xml
2013-12-19,2746,-0.12,0.44,0.79,1.37,1.63,2013,daily_treasury_real_yield_curve_2013.xml
2013-12-20,2747,0.02,0.56,0.73,1.28,1.56,2013,daily_treasury_real_yield_curve_2013.xml
2013-12-23,2748,0.01,0.55,0.76,1.3,1.57,2013,daily_treasury_real_yield_curve_2013.xml
2013-12-24,2749,0.05,0.6,0.8,1.34,1.61,2013,daily_treasury_real_yield_curve_2013.xml
2013-12-26,2750,0.04,0.59,0.8,1.35,1.63,2013,daily_treasury_real_yield_curve_2013.xml
2013-12-27,2751,0.06,0.62,0.8,1.36,1.64,2013,daily_treasury_real_yield_curve_2013.xml
2013-12-30,2752,0.07,0.62,0.76,1.31,1.59,2013,daily_treasury_real_yield_curve_2013.xml
2013-12-31,2753,0.06,0.61,0.8,1.36,1.64,2013,daily_treasury_real_yield_curve_2013.xml
2014-01-02,2754,0.01,0.57,0.74,1.3,1.58,2014,daily_treasury_real_yield_curve_2014.xml
2014-01-03,2755,0.04,0.6,0.75,1.29,1.57,2014,daily_treasury_real_yield_curve_2014.xml
2014-01-06,2756,-0.05,0.5,0.72,1.27,1.54,2014,daily_treasury_real_yield_curve_2014.xml
2014-01-07,2757,-0.14,0.4,0.7,1.25,1.52,2014,daily_treasury_real_yield_curve_2014.xml
2014-01-08,2758,0.01,0.56,0.72,1.24,1.5,2014,daily_treasury_real_yield_curve_2014.xml
2014-01-09,2759,-0.08,0.45,0.66,1.19,1.45,2014,daily_treasury_real_yield_curve_2014.xml
2014-01-10,2760,-0.11,0.42,0.59,1.13,1.4,2014,daily_treasury_real_yield_curve_2014.xml
2014-01-13,2761,-0.11,0.42,0.57,1.13,1.41,2014,daily_treasury_real_yield_curve_2014.xml
2014-01-14,2762,-0.11,0.41,0.62,1.17,1.45,2014,daily_treasury_real_yield_curve_2014.xml
2014-01-15,2763,-0.04,0.48,0.62,1.17,1.45,2014,daily_treasury_real_yield_curve_2014.xml
2014-01-16,2764,-0.08,0.43,0.61,1.16,1.43,2014,daily_treasury_real_yield_curve_2014.xml
2014-01-17,2765,-0.08,0.43,0.58,1.13,1.41,2014,daily_treasury_real_yield_curve_2014.xml
2014-01-21,2766,-0.04,0.47,0.59,1.14,1.42,2014,daily_treasury_real_yield_curve_2014.xml
2014-01-22,2767,-0.07,0.42,0.62,1.16,1.44,2014,daily_treasury_real_yield_curve_2014.xml
2014-01-23,2768,-0.1,0.47,0.66,1.14,1.38,2014,daily_treasury_real_yield_curve_2014.xml
2014-01-24,2769,-0.1,0.46,0.61,1.11,1.36,2014,daily_treasury_real_yield_curve_2014.xml
2014-01-27,2770,-0.11,0.45,0.64,1.14,1.39,2014,daily_treasury_real_yield_curve_2014.xml
2014-01-28,2771,-0.12,0.45,0.62,1.14,1.4,2014,daily_treasury_real_yield_curve_2014.xml
2014-01-29,2772,-0.2,0.35,0.55,1.08,1.35,2014,daily_treasury_real_yield_curve_2014.xml
2014-01-30,2773,-0.21,0.34,0.57,1.1,1.36,2014,daily_treasury_real_yield_curve_2014.xml
2014-01-31,2774,-0.23,0.33,0.53,1.07,1.33,2014,daily_treasury_real_yield_curve_2014.xml
2014-02-03,2775,-0.26,0.29,0.47,1.01,1.28,2014,daily_treasury_real_yield_curve_2014.xml
2014-02-04,2776,-0.31,0.24,0.51,1.07,1.34,2014,daily_treasury_real_yield_curve_2014.xml
2014-02-05,2777,-0.28,0.27,0.56,1.14,1.42,2014,daily_treasury_real_yield_curve_2014.xml
2014-02-06,2778,-0.3,0.26,0.57,1.14,1.42,2014,daily_treasury_real_yield_curve_2014.xml
2014-02-07,2779,-0.3,0.28,0.53,1.12,1.4,2014,daily_treasury_real_yield_curve_2014.xml
2014-02-10,2780,-0.31,0.25,0.51,1.1,1.39,2014,daily_treasury_real_yield_curve_2014.xml
2014-02-11,2781,-0.26,0.3,0.56,1.14,1.42,2014,daily_treasury_real_yield_curve_2014.xml
2014-02-12,2782,-0.24,0.32,0.59,1.17,1.45,2014,daily_treasury_real_yield_curve_2014.xml
2014-02-13,2783,-0.26,0.3,0.56,1.13,1.42,2014,daily_treasury_real_yield_curve_2014.xml
2014-02-14,2784,-0.14,0.44,0.59,1.15,1.43,2014,daily_treasury_real_yield_curve_2014.xml
2014-02-18,2785,-0.29,0.29,0.57,1.14,1.42,2014,daily_treasury_real_yield_curve_2014.xml
2014-02-19,2786,-0.25,0.32,0.6,1.17,1.45,2014,daily_treasury_real_yield_curve_2014.xml
2014-02-20,2787,-0.21,0.35,0.63,1.19,1.49,2014,daily_treasury_real_yield_curve_2014.xml
2014-02-21,2788,-0.18,0.38,0.61,1.15,1.45,2014,daily_treasury_real_yield_curve_2014.xml
2014-02-24,2789,-0.21,0.34,0.59,1.14,1.45,2014,daily_treasury_real_yield_curve_2014.xml
2014-02-25,2790,-0.25,0.3,0.55,1.1,1.4,2014,daily_treasury_real_yield_curve_2014.xml
2014-02-26,2791,-0.26,0.29,0.51,1.07,1.38,2014,daily_treasury_real_yield_curve_2014.xml
2014-02-27,2792,-0.32,0.23,0.49,1.05,1.35,2014,daily_treasury_real_yield_curve_2014.xml
2014-02-28,2793,-0.28,0.27,0.49,1.03,1.32,2014,daily_treasury_real_yield_curve_2014.xml
2014-03-03,2794,-0.32,0.24,0.44,0.98,1.27,2014,daily_treasury_real_yield_curve_2014.xml
2014-03-04,2795,-0.25,0.31,0.52,1.05,1.35,2014,daily_treasury_real_yield_curve_2014.xml
2014-03-05,2796,-0.26,0.29,0.52,1.04,1.33,2014,daily_treasury_real_yield_curve_2014.xml
2014-03-06,2797,-0.27,0.27,0.53,1.06,1.36,2014,daily_treasury_real_yield_curve_2014.xml
2014-03-07,2798,-0.18,0.37,0.57,1.09,1.38,2014,daily_treasury_real_yield_curve_2014.xml
2014-03-10,2799,-0.24,0.31,0.57,1.11,1.39,2014,daily_treasury_real_yield_curve_2014.xml
2014-03-11,2800,-0.24,0.31,0.57,1.1,1.39,2014,daily_treasury_real_yield_curve_2014.xml
2014-03-12,2801,-0.23,0.32,0.54,1.07,1.36,2014,daily_treasury_real_yield_curve_2014.xml
2014-03-13,2802,-0.22,0.32,0.49,1.02,1.31,2014,daily_treasury_real_yield_curve_2014.xml
2014-03-14,2803,-0.19,0.34,0.48,1,1.3,2014,daily_treasury_real_yield_curve_2014.xml
2014-03-17,2804,-0.22,0.3,0.52,1.04,1.32,2014,daily_treasury_real_yield_curve_2014.xml
2014-03-18,2805,-0.21,0.31,0.5,1.03,1.32,2014,daily_treasury_real_yield_curve_2014.xml
2014-03-19,2806,0.02,0.51,0.62,1.1,1.36,2014,daily_treasury_real_yield_curve_2014.xml
2014-03-20,2807,-0.02,0.46,0.66,1.14,1.4,2014,daily_treasury_real_yield_curve_2014.xml
2014-03-21,2808,-0.06,0.41,0.61,1.08,1.34,2014,daily_treasury_real_yield_curve_2014.xml
2014-03-24,2809,-0.03,0.41,0.59,1.04,1.3,2014,daily_treasury_real_yield_curve_2014.xml
2014-03-25,2810,0.06,0.51,0.61,1.05,1.3,2014,daily_treasury_real_yield_curve_2014.xml
2014-03-26,2811,-0.05,0.4,0.57,1.01,1.27,2014,daily_treasury_real_yield_curve_2014.xml
2014-03-27,2812,-0.03,0.41,0.56,1,1.24,2014,daily_treasury_real_yield_curve_2014.xml
2014-03-28,2813,0.02,0.46,0.6,1.03,1.28,2014,daily_treasury_real_yield_curve_2014.xml
2014-03-31,2814,0.03,0.49,0.6,1.04,1.29,2014,daily_treasury_real_yield_curve_2014.xml
2014-04-01,2815,0.03,0.49,0.63,1.07,1.32,2014,daily_treasury_real_yield_curve_2014.xml
2014-04-02,2816,0.08,0.53,0.68,1.12,1.37,2014,daily_treasury_real_yield_curve_2014.xml
2014-04-03,2817,0.11,0.55,0.66,1.09,1.34,2014,daily_treasury_real_yield_curve_2014.xml
2014-04-04,2818,0,0.45,0.61,1.05,1.3,2014,daily_treasury_real_yield_curve_2014.xml
2014-04-07,2819,0.07,0.51,0.59,1.03,1.28,2014,daily_treasury_real_yield_curve_2014.xml
2014-04-08,2820,-0.04,0.4,0.58,1.02,1.28,2014,daily_treasury_real_yield_curve_2014.xml
2014-04-09,2821,-0.05,0.4,0.57,1.04,1.29,2014,daily_treasury_real_yield_curve_2014.xml
2014-04-10,2822,-0.1,0.35,0.51,0.98,1.24,2014,daily_treasury_real_yield_curve_2014.xml
2014-04-11,2823,-0.06,0.38,0.5,0.95,1.2,2014,daily_treasury_real_yield_curve_2014.xml
2014-04-14,2824,-0.1,0.34,0.52,0.96,1.2,2014,daily_treasury_real_yield_curve_2014.xml
2014-04-15,2825,-0.05,0.38,0.5,0.94,1.19,2014,daily_treasury_real_yield_curve_2014.xml
2014-04-16,2826,-0.06,0.36,0.48,0.92,1.16,2014,daily_treasury_real_yield_curve_2014.xml
2014-04-17,2827,-0.2,0.31,0.52,0.96,1.21,2014,daily_treasury_real_yield_curve_2014.xml
2014-04-21,2828,-0.23,0.33,0.53,0.96,1.21,2014,daily_treasury_real_yield_curve_2014.xml
2014-04-22,2829,-0.22,0.33,0.52,0.94,1.19,2014,daily_treasury_real_yield_curve_2014.xml
2014-04-23,2830,-0.25,0.29,0.49,0.91,1.16,2014,daily_treasury_real_yield_curve_2014.xml
2014-04-24,2831,-0.25,0.31,0.49,0.91,1.14,2014,daily_treasury_real_yield_curve_2014.xml
2014-04-25,2832,-0.24,0.31,0.48,0.9,1.13,2014,daily_treasury_real_yield_curve_2014.xml
2014-04-28,2833,-0.22,0.33,0.52,0.94,1.17,2014,daily_treasury_real_yield_curve_2014.xml
2014-04-29,2834,-0.21,0.35,0.53,0.96,1.2,2014,daily_treasury_real_yield_curve_2014.xml
2014-04-30,2835,-0.27,0.32,0.49,0.92,1.16,2014,daily_treasury_real_yield_curve_2014.xml
2014-05-01,2836,-0.3,0.3,0.43,0.86,1.1,2014,daily_treasury_real_yield_curve_2014.xml
2014-05-02,2837,-0.28,0.28,0.41,0.82,1.06,2014,daily_treasury_real_yield_curve_2014.xml
2014-05-05,2838,-0.24,0.25,0.45,0.86,1.11,2014,daily_treasury_real_yield_curve_2014.xml
2014-05-06,2839,-0.23,0.29,0.45,0.85,1.09,2014,daily_treasury_real_yield_curve_2014.xml
2014-05-07,2840,-0.27,0.31,0.42,0.72,1.11,2014,daily_treasury_real_yield_curve_2014.xml
2014-05-08,2841,-0.3,0.26,0.42,0.88,1.13,2014,daily_treasury_real_yield_curve_2014.xml
2014-05-09,2842,-0.29,0.27,0.44,0.89,1.15,2014,daily_treasury_real_yield_curve_2014.xml
2014-05-12,2843,-0.24,0.34,0.48,0.93,1.19,2014,daily_treasury_real_yield_curve_2014.xml
2014-05-13,2844,-0.27,0.3,0.45,0.9,1.15,2014,daily_treasury_real_yield_curve_2014.xml
2014-05-14,2845,-0.35,0.25,0.37,0.82,1.07,2014,daily_treasury_real_yield_curve_2014.xml
2014-05-15,2846,-0.41,0.16,0.31,0.76,1.01,2014,daily_treasury_real_yield_curve_2014.xml
2014-05-16,2847,-0.38,0.18,0.34,0.78,1.03,2014,daily_treasury_real_yield_curve_2014.xml
2014-05-19,2848,-0.37,0.22,0.37,0.83,1.09,2014,daily_treasury_real_yield_curve_2014.xml
2014-05-20,2849,-0.39,0.18,0.35,0.82,1.09,2014,daily_treasury_real_yield_curve_2014.xml
2014-05-21,2850,-0.4,0.18,0.36,0.84,1.12,2014,daily_treasury_real_yield_curve_2014.xml
2014-05-22,2851,-0.4,0.17,0.35,0.84,1.11,2014,daily_treasury_real_yield_curve_2014.xml
2014-05-23,2852,-0.42,0.11,0.32,0.8,1.08,2014,daily_treasury_real_yield_curve_2014.xml
2014-05-27,2853,-0.39,0.16,0.31,0.79,1.06,2014,daily_treasury_real_yield_curve_2014.xml
2014-05-28,2854,-0.44,0.07,0.22,0.7,0.98,2014,daily_treasury_real_yield_curve_2014.xml
2014-05-29,2855,-0.44,0.06,0.22,0.7,0.99,2014,daily_treasury_real_yield_curve_2014.xml
2014-05-30,2856,-0.39,0.11,0.26,0.74,1.02,2014,daily_treasury_real_yield_curve_2014.xml
2014-06-02,2857,-0.33,0.15,0.32,0.8,1.08,2014,daily_treasury_real_yield_curve_2014.xml
2014-06-03,2858,-0.27,0.24,0.41,0.88,1.15,2014,daily_treasury_real_yield_curve_2014.xml
2014-06-04,2859,-0.25,0.29,0.44,0.91,1.18,2014,daily_treasury_real_yield_curve_2014.xml
2014-06-05,2860,-0.29,0.24,0.41,0.89,1.16,2014,daily_treasury_real_yield_curve_2014.xml
2014-06-06,2861,-0.27,0.27,0.4,0.88,1.15,2014,daily_treasury_real_yield_curve_2014.xml
2014-06-09,2862,-0.26,0.25,0.41,0.89,1.15,2014,daily_treasury_real_yield_curve_2014.xml
2014-06-10,2863,-0.23,0.3,0.43,0.9,1.17,2014,daily_treasury_real_yield_curve_2014.xml
2014-06-11,2864,-0.24,0.3,0.43,0.9,1.17,2014,daily_treasury_real_yield_curve_2014.xml
2014-06-12,2865,-0.29,0.24,0.39,0.87,1.14,2014,daily_treasury_real_yield_curve_2014.xml
2014-06-13,2866,-0.23,0.29,0.41,0.87,1.14,2014,daily_treasury_real_yield_curve_2014.xml
2014-06-16,2867,-0.21,0.31,0.41,0.86,1.11,2014,daily_treasury_real_yield_curve_2014.xml
2014-06-17,2868,-0.2,0.32,0.43,0.88,1.14,2014,daily_treasury_real_yield_curve_2014.xml
2014-06-18,2869,-0.27,0.26,0.38,0.85,1.11,2014,daily_treasury_real_yield_curve_2014.xml
2014-06-19,2870,-0.31,0.23,0.39,0.87,1.14,2014,daily_treasury_real_yield_curve_2014.xml
2014-06-20,2871,-0.31,0.21,0.35,0.82,1.09,2014,daily_treasury_real_yield_curve_2014.xml
2014-06-23,2872,-0.31,0.21,0.35,0.82,1.09,2014,daily_treasury_real_yield_curve_2014.xml
2014-06-24,2873,-0.35,0.18,0.31,0.78,1.04,2014,daily_treasury_real_yield_curve_2014.xml
2014-06-25,2874,-0.35,0.15,0.29,0.76,1.03,2014,daily_treasury_real_yield_curve_2014.xml
2014-06-26,2875,-0.38,0.1,0.26,0.73,0.99,2014,daily_treasury_real_yield_curve_2014.xml
2014-06-27,2876,-0.39,0.12,0.27,0.75,1.01,2014,daily_treasury_real_yield_curve_2014.xml
2014-06-30,2877,-0.38,0.13,0.27,0.74,0.99,2014,daily_treasury_real_yield_curve_2014.xml
2014-07-01,2878,-0.34,0.18,0.32,0.8,1.05,2014,daily_treasury_real_yield_curve_2014.xml
2014-07-02,2879,-0.3,0.18,0.38,0.85,1.12,2014,daily_treasury_real_yield_curve_2014.xml
2014-07-03,2880,-0.29,0.23,0.37,0.84,1.1,2014,daily_treasury_real_yield_curve_2014.xml
2014-07-07,2881,-0.27,0.24,0.36,0.82,1.08,2014,daily_treasury_real_yield_curve_2014.xml
2014-07-08,2882,-0.29,0.19,0.31,0.77,1.02,2014,daily_treasury_real_yield_curve_2014.xml
2014-07-09,2883,-0.3,0.19,0.28,0.74,0.99,2014,daily_treasury_real_yield_curve_2014.xml
2014-07-10,2884,-0.34,0.15,0.27,0.74,1,2014,daily_treasury_real_yield_curve_2014.xml
2014-07-11,2885,-0.34,0.09,0.25,0.7,0.97,2014,daily_treasury_real_yield_curve_2014.xml
2014-07-14,2886,-0.31,0.15,0.28,0.74,0.99,2014,daily_treasury_real_yield_curve_2014.xml
2014-07-15,2887,-0.26,0.19,0.31,0.75,1.01,2014,daily_treasury_real_yield_curve_2014.xml
2014-07-16,2888,-0.24,0.16,0.32,0.75,1,2014,daily_treasury_real_yield_curve_2014.xml
2014-07-17,2889,-0.32,0.12,0.24,0.68,0.93,2014,daily_treasury_real_yield_curve_2014.xml
2014-07-18,2890,-0.27,0.17,0.26,0.7,0.95,2014,daily_treasury_real_yield_curve_2014.xml
2014-07-21,2891,-0.27,0.16,0.25,0.67,0.92,2014,daily_treasury_real_yield_curve_2014.xml
2014-07-22,2892,-0.25,0.17,0.25,0.68,0.92,2014,daily_treasury_real_yield_curve_2014.xml
2014-07-23,2893,-0.25,0.18,0.25,0.68,0.93,2014,daily_treasury_real_yield_curve_2014.xml
2014-07-24,2894,-0.21,0.17,0.25,0.62,0.95,2014,daily_treasury_real_yield_curve_2014.xml
2014-07-25,2895,-0.26,0.16,0.2,0.62,0.88,2014,daily_treasury_real_yield_curve_2014.xml
2014-07-28,2896,-0.22,0.2,0.22,0.65,0.91,2014,daily_treasury_real_yield_curve_2014.xml
2014-07-29,2897,-0.24,0.16,0.2,0.62,0.87,2014,daily_treasury_real_yield_curve_2014.xml
2014-07-30,2898,-0.19,0.22,0.29,0.71,0.95,2014,daily_treasury_real_yield_curve_2014.xml
2014-07-31,2899,-0.21,0.21,0.29,0.71,0.96,2014,daily_treasury_real_yield_curve_2014.xml
2014-08-01,2900,-0.25,0.18,0.25,0.68,0.93,2014,daily_treasury_real_yield_curve_2014.xml
2014-08-04,2901,-0.24,0.17,0.26,0.7,0.95,2014,daily_treasury_real_yield_curve_2014.xml
2014-08-05,2902,-0.24,0.17,0.25,0.68,0.94,2014,daily_treasury_real_yield_curve_2014.xml
2014-08-06,2903,-0.24,0.15,0.24,0.67,0.93,2014,daily_treasury_real_yield_curve_2014.xml
2014-08-07,2904,-0.29,0.09,0.19,0.63,0.9,2014,daily_treasury_real_yield_curve_2014.xml
2014-08-08,2905,-0.24,0.15,0.19,0.64,0.91,2014,daily_treasury_real_yield_curve_2014.xml
2014-08-11,2906,-0.24,0.16,0.19,0.64,0.92,2014,daily_treasury_real_yield_curve_2014.xml
2014-08-12,2907,-0.24,0.16,0.22,0.68,0.96,2014,daily_treasury_real_yield_curve_2014.xml
2014-08-13,2908,-0.29,0.1,0.2,0.66,0.94,2014,daily_treasury_real_yield_curve_2014.xml
2014-08-14,2909,-0.26,0.14,0.19,0.63,0.89,2014,daily_treasury_real_yield_curve_2014.xml
2014-08-15,2910,-0.28,0.11,0.16,0.58,0.84,2014,daily_treasury_real_yield_curve_2014.xml
2014-08-18,2911,-0.27,0.07,0.21,0.64,0.9,2014,daily_treasury_real_yield_curve_2014.xml
2014-08-19,2912,-0.22,0.11,0.23,0.66,0.93,2014,daily_treasury_real_yield_curve_2014.xml
2014-08-20,2913,-0.18,0.15,0.26,0.68,0.94,2014,daily_treasury_real_yield_curve_2014.xml
2014-08-21,2914,-0.16,0.18,0.24,0.65,0.91,2014,daily_treasury_real_yield_curve_2014.xml
2014-08-22,2915,-0.11,0.19,0.26,0.6,0.88,2014,daily_treasury_real_yield_curve_2014.xml
2014-08-25,2916,-0.09,0.18,0.24,0.58,0.86,2014,daily_treasury_real_yield_curve_2014.xml
2014-08-26,2917,-0.15,0.16,0.25,0.64,0.88,2014,daily_treasury_real_yield_curve_2014.xml
2014-08-27,2918,-0.15,0.18,0.23,0.61,0.85,2014,daily_treasury_real_yield_curve_2014.xml
2014-08-28,2919,-0.14,0.19,0.21,0.58,0.82,2014,daily_treasury_real_yield_curve_2014.xml
2014-08-29,2920,-0.13,0.21,0.23,0.61,0.84,2014,daily_treasury_real_yield_curve_2014.xml
2014-09-02,2921,-0.07,0.2,0.27,0.61,0.9,2014,daily_treasury_real_yield_curve_2014.xml
2014-09-03,2922,-0.08,0.18,0.24,0.59,0.89,2014,daily_treasury_real_yield_curve_2014.xml
2014-09-04,2923,-0.05,0.21,0.28,0.64,0.94,2014,daily_treasury_real_yield_curve_2014.xml
2014-09-05,2924,-0.08,0.24,0.31,0.72,0.97,2014,daily_treasury_real_yield_curve_2014.xml
2014-09-08,2925,-0.02,0.26,0.35,0.73,0.97,2014,daily_treasury_real_yield_curve_2014.xml
2014-09-09,2926,0.05,0.32,0.39,0.7,0.97,2014,daily_treasury_real_yield_curve_2014.xml
2014-09-10,2927,0.1,0.38,0.44,0.76,1.02,2014,daily_treasury_real_yield_curve_2014.xml
2014-09-11,2928,0.03,0.33,0.42,0.79,1.01,2014,daily_treasury_real_yield_curve_2014.xml
2014-09-12,2929,0.08,0.42,0.49,0.87,1.1,2014,daily_treasury_real_yield_curve_2014.xml
2014-09-15,2930,0.07,0.39,0.47,0.86,1.09,2014,daily_treasury_real_yield_curve_2014.xml
2014-09-16,2931,0.03,0.35,0.48,0.88,1.11,2014,daily_treasury_real_yield_curve_2014.xml
2014-09-17,2932,0.19,0.51,0.56,0.93,1.16,2014,daily_treasury_real_yield_curve_2014.xml
2014-09-18,2933,0.29,0.55,0.61,0.91,1.17,2014,daily_treasury_real_yield_curve_2014.xml
2014-09-19,2934,0.27,0.51,0.56,0.86,1.11,2014,daily_treasury_real_yield_curve_2014.xml
2014-09-22,2935,0.2,0.46,0.58,0.93,1.13,2014,daily_treasury_real_yield_curve_2014.xml
2014-09-23,2936,0.15,0.41,0.52,0.87,1.08,2014,daily_treasury_real_yield_curve_2014.xml
2014-09-24,2937,0.16,0.43,0.54,0.89,1.1,2014,daily_treasury_real_yield_curve_2014.xml
2014-09-25,2938,0.13,0.41,0.5,0.85,1.06,2014,daily_treasury_real_yield_curve_2014.xml
2014-09-26,2939,0.21,0.51,0.57,0.9,1.09,2014,daily_treasury_real_yield_curve_2014.xml
2014-09-29,2940,0.16,0.44,0.55,0.89,1.08,2014,daily_treasury_real_yield_curve_2014.xml
2014-09-30,2941,0.22,0.51,0.55,0.89,1.1,2014,daily_treasury_real_yield_curve_2014.xml
2014-10-01,2942,0.09,0.36,0.46,0.8,1.01,2014,daily_treasury_real_yield_curve_2014.xml
2014-10-02,2943,0.13,0.41,0.49,0.83,1.04,2014,daily_treasury_real_yield_curve_2014.xml
2014-10-03,2944,0.17,0.42,0.52,0.84,1.04,2014,daily_treasury_real_yield_curve_2014.xml
2014-10-06,2945,0.15,0.41,0.5,0.84,1.04,2014,daily_treasury_real_yield_curve_2014.xml
2014-10-07,2946,0.12,0.37,0.44,0.79,1,2014,daily_treasury_real_yield_curve_2014.xml
2014-10-08,2947,0.03,0.32,0.39,0.75,0.97,2014,daily_treasury_real_yield_curve_2014.xml
2014-10-09,2948,0.06,0.34,0.37,0.74,0.96,2014,daily_treasury_real_yield_curve_2014.xml
2014-10-10,2949,0.03,0.29,0.35,0.71,0.93,2014,daily_treasury_real_yield_curve_2014.xml
2014-10-14,2950,0.04,0.24,0.29,0.61,0.88,2014,daily_treasury_real_yield_curve_2014.xml
2014-10-15,2951,0,0.26,0.29,0.65,0.88,2014,daily_treasury_real_yield_curve_2014.xml
2014-10-16,2952,0.02,0.22,0.28,0.61,0.89,2014,daily_treasury_real_yield_curve_2014.xml
2014-10-17,2953,0.01,0.28,0.3,0.67,0.9,2014,daily_treasury_real_yield_curve_2014.xml
2014-10-20,2954,-0.04,0.22,0.29,0.67,0.9,2014,daily_treasury_real_yield_curve_2014.xml
2014-10-21,2955,0.02,0.26,0.33,0.66,0.94,2014,daily_treasury_real_yield_curve_2014.xml
2014-10-22,2956,-0.01,0.25,0.34,0.72,0.94,2014,daily_treasury_real_yield_curve_2014.xml
2014-10-23,2957,0.09,0.32,0.38,0.71,0.98,2014,daily_treasury_real_yield_curve_2014.xml
2014-10-24,2958,0.06,0.32,0.39,0.76,0.98,2014,daily_treasury_real_yield_curve_2014.xml
2014-10-27,2959,0.07,0.33,0.38,0.75,0.97,2014,daily_treasury_real_yield_curve_2014.xml
2014-10-28,2960,0.06,0.34,0.39,0.76,0.98,2014,daily_treasury_real_yield_curve_2014.xml
2014-10-29,2961,0.14,0.38,0.42,0.76,0.96,2014,daily_treasury_real_yield_curve_2014.xml
2014-10-30,2962,0.09,0.33,0.42,0.76,0.96,2014,daily_treasury_real_yield_curve_2014.xml
2014-10-31,2963,0.09,0.34,0.43,0.78,0.99,2014,daily_treasury_real_yield_curve_2014.xml
2014-11-03,2964,0.08,0.32,0.43,0.78,0.99,2014,daily_treasury_real_yield_curve_2014.xml
2014-11-04,2965,0.14,0.38,0.43,0.77,0.96,2014,daily_treasury_real_yield_curve_2014.xml
2014-11-05,2966,0.09,0.34,0.43,0.77,0.96,2014,daily_treasury_real_yield_curve_2014.xml
2014-11-06,2967,0.09,0.34,0.45,0.79,0.98,2014,daily_treasury_real_yield_curve_2014.xml
2014-11-07,2968,0.01,0.27,0.38,0.73,0.93,2014,daily_treasury_real_yield_curve_2014.xml
2014-11-10,2969,0.07,0.32,0.44,0.78,0.98,2014,daily_treasury_real_yield_curve_2014.xml
2014-11-12,2970,0.12,0.4,0.46,0.8,1,2014,daily_treasury_real_yield_curve_2014.xml
2014-11-13,2971,0.16,0.42,0.47,0.81,1.01,2014,daily_treasury_real_yield_curve_2014.xml
2014-11-14,2972,0.17,0.38,0.43,0.74,0.99,2014,daily_treasury_real_yield_curve_2014.xml
2014-11-17,2973,0.22,0.42,0.48,0.78,1.02,2014,daily_treasury_real_yield_curve_2014.xml
2014-11-18,2974,0.21,0.42,0.48,0.78,1.02,2014,daily_treasury_real_yield_curve_2014.xml
2014-11-19,2975,0.27,0.48,0.53,0.83,1.07,2014,daily_treasury_real_yield_curve_2014.xml
2014-11-20,2976,0.23,0.44,0.49,0.8,1.05,2014,daily_treasury_real_yield_curve_2014.xml
2014-11-21,2977,0.19,0.4,0.45,0.75,1,2014,daily_treasury_real_yield_curve_2014.xml
2014-11-24,2978,0.19,0.38,0.44,0.74,0.99,2014,daily_treasury_real_yield_curve_2014.xml
2014-11-25,2979,0.11,0.34,0.42,0.76,0.96,2014,daily_treasury_real_yield_curve_2014.xml
2014-11-26,2980,0.12,0.35,0.42,0.75,0.95,2014,daily_treasury_real_yield_curve_2014.xml
2014-11-28,2981,0.1,0.3,0.39,0.71,0.92,2014,daily_treasury_real_yield_curve_2014.xml
2014-12-01,2982,0.13,0.34,0.43,0.76,0.96,2014,daily_treasury_real_yield_curve_2014.xml
2014-12-02,2983,0.23,0.45,0.51,0.82,1.01,2014,daily_treasury_real_yield_curve_2014.xml
2014-12-03,2984,0.23,0.44,0.5,0.81,1,2014,daily_treasury_real_yield_curve_2014.xml
2014-12-04,2985,0.23,0.44,0.48,0.78,0.96,2014,daily_treasury_real_yield_curve_2014.xml
2014-12-05,2986,0.34,0.51,0.56,0.82,0.98,2014,daily_treasury_real_yield_curve_2014.xml
2014-12-08,2987,0.43,0.52,0.55,0.77,0.94,2014,daily_treasury_real_yield_curve_2014.xml
2014-12-09,2988,0.29,0.43,0.49,0.74,0.9,2014,daily_treasury_real_yield_curve_2014.xml
2014-12-10,2989,0.31,0.45,0.47,0.72,0.88,2014,daily_treasury_real_yield_curve_2014.xml
2014-12-11,2990,0.35,0.46,0.49,0.72,0.88,2014,daily_treasury_real_yield_curve_2014.xml
2014-12-12,2991,0.33,0.42,0.46,0.68,0.84,2014,daily_treasury_real_yield_curve_2014.xml
2014-12-15,2992,0.41,0.47,0.5,0.69,0.84,2014,daily_treasury_real_yield_curve_2014.xml
2014-12-16,2993,0.32,0.38,0.42,0.62,0.77,2014,daily_treasury_real_yield_curve_2014.xml
2014-12-17,2994,0.39,0.44,0.49,0.67,0.81,2014,daily_treasury_real_yield_curve_2014.xml
2014-12-18,2995,0.48,0.56,0.57,0.77,0.91,2014,daily_treasury_real_yield_curve_2014.xml
2014-12-19,2996,0.39,0.44,0.49,0.68,0.85,2014,daily_treasury_real_yield_curve_2014.xml
2014-12-22,2997,0.38,0.42,0.47,0.66,0.82,2014,daily_treasury_real_yield_curve_2014.xml
2014-12-23,2998,0.46,0.51,0.56,0.76,0.92,2014,daily_treasury_real_yield_curve_2014.xml
2014-12-24,2999,0.5,0.55,0.59,0.77,0.91,2014,daily_treasury_real_yield_curve_2014.xml
2014-12-26,3000,0.49,0.53,0.58,0.75,0.9,2014,daily_treasury_real_yield_curve_2014.xml
2014-12-29,3001,0.5,0.55,0.57,0.74,0.88,2014,daily_treasury_real_yield_curve_2014.xml
2014-12-30,3002,0.47,0.54,0.56,0.75,0.88,2014,daily_treasury_real_yield_curve_2014.xml
2014-12-31,3003,0.38,0.44,0.49,0.68,0.83,2014,daily_treasury_real_yield_curve_2014.xml
2015-01-02,3004,0.31,0.37,0.41,0.61,0.76,2015,daily_treasury_real_yield_curve_2015.xml
2015-01-05,3005,0.32,0.36,0.4,0.57,0.71,2015,daily_treasury_real_yield_curve_2015.xml
2015-01-06,3006,0.34,0.36,0.41,0.55,0.68,2015,daily_treasury_real_yield_curve_2015.xml
2015-01-07,3007,0.31,0.35,0.39,0.55,0.68,2015,daily_treasury_real_yield_curve_2015.xml
2015-01-08,3008,0.29,0.38,0.41,0.6,0.73,2015,daily_treasury_real_yield_curve_2015.xml
2015-01-09,3009,0.25,0.34,0.36,0.57,0.72,2015,daily_treasury_real_yield_curve_2015.xml
2015-01-12,3010,0.23,0.31,0.35,0.55,0.69,2015,daily_treasury_real_yield_curve_2015.xml
2015-01-13,3011,0.32,0.35,0.37,0.58,0.73,2015,daily_treasury_real_yield_curve_2015.xml
2015-01-14,3012,0.15,0.25,0.29,0.53,0.69,2015,daily_treasury_real_yield_curve_2015.xml
2015-01-15,3013,0.04,0.17,0.19,0.45,0.61,2015,daily_treasury_real_yield_curve_2015.xml
2015-01-16,3014,0.1,0.22,0.23,0.49,0.66,2015,daily_treasury_real_yield_curve_2015.xml
2015-01-20,3015,0.12,0.21,0.23,0.47,0.63,2015,daily_treasury_real_yield_curve_2015.xml
2015-01-21,3016,0.18,0.22,0.26,0.51,0.71,2015,daily_treasury_real_yield_curve_2015.xml
2015-01-22,3017,0.2,0.27,0.29,0.52,0.69,2015,daily_treasury_real_yield_curve_2015.xml
2015-01-23,3018,0.12,0.18,0.21,0.44,0.61,2015,daily_treasury_real_yield_curve_2015.xml
2015-01-26,3019,0.12,0.19,0.22,0.45,0.64,2015,daily_treasury_real_yield_curve_2015.xml
2015-01-27,3020,0.05,0.14,0.17,0.44,0.64,2015,daily_treasury_real_yield_curve_2015.xml
2015-01-28,3021,0.01,0.09,0.12,0.37,0.56,2015,daily_treasury_real_yield_curve_2015.xml
2015-01-29,3022,-0.03,0.14,0.15,0.42,0.59,2015,daily_treasury_real_yield_curve_2015.xml
2015-01-30,3023,-0.11,-0.01,0.03,0.3,0.52,2015,daily_treasury_real_yield_curve_2015.xml
2015-02-02,3024,-0.13,-0.01,0.03,0.31,0.54,2015,daily_treasury_real_yield_curve_2015.xml
2015-02-03,3025,-0.12,0.04,0.09,0.38,0.62,2015,daily_treasury_real_yield_curve_2015.xml
2015-02-04,3026,-0.06,0.05,0.1,0.38,0.6,2015,daily_treasury_real_yield_curve_2015.xml
2015-02-05,3027,-0.08,0.12,0.13,0.45,0.64,2015,daily_treasury_real_yield_curve_2015.xml
2015-02-06,3028,0.12,0.2,0.24,0.48,0.68,2015,daily_treasury_real_yield_curve_2015.xml
2015-02-09,3029,0.13,0.22,0.25,0.49,0.67,2015,daily_treasury_real_yield_curve_2015.xml
2015-02-10,3030,0.2,0.27,0.31,0.55,0.74,2015,daily_treasury_real_yield_curve_2015.xml
2015-02-11,3031,0.21,0.28,0.32,0.56,0.75,2015,daily_treasury_real_yield_curve_2015.xml
2015-02-12,3032,0.13,0.31,0.33,0.61,0.78,2015,daily_treasury_real_yield_curve_2015.xml
2015-02-13,3033,0.21,0.3,0.34,0.6,0.81,2015,daily_treasury_real_yield_curve_2015.xml
2015-02-17,3034,0.29,0.39,0.43,0.68,0.87,2015,daily_treasury_real_yield_curve_2015.xml
2015-02-18,3035,0.2,0.31,0.36,0.62,0.82,2015,daily_treasury_real_yield_curve_2015.xml
2015-02-19,3036,0.23,0.33,0.37,0.62,0.84,2015,daily_treasury_real_yield_curve_2015.xml
2015-02-20,3037,0.24,0.34,0.38,0.62,0.83,2015,daily_treasury_real_yield_curve_2015.xml
2015-02-23,3038,0.22,0.3,0.34,0.58,0.79,2015,daily_treasury_real_yield_curve_2015.xml
2015-02-24,3039,0.14,0.23,0.27,0.51,0.73,2015,daily_treasury_real_yield_curve_2015.xml
2015-02-25,3040,0.11,0.2,0.24,0.48,0.7,2015,daily_treasury_real_yield_curve_2015.xml
2015-02-26,3041,0.05,0.23,0.24,0.52,0.72,2015,daily_treasury_real_yield_curve_2015.xml
2015-02-27,3042,0.01,0.13,0.17,0.44,0.68,2015,daily_treasury_real_yield_curve_2015.xml
2015-03-02,3043,0.03,0.23,0.25,0.55,0.75,2015,daily_treasury_real_yield_curve_2015.xml
2015-03-03,3044,0.04,0.24,0.26,0.55,0.75,2015,daily_treasury_real_yield_curve_2015.xml
2015-03-04,3045,-0.01,0.2,0.25,0.54,0.74,2015,daily_treasury_real_yield_curve_2015.xml
2015-03-05,3046,0.04,0.25,0.27,0.55,0.74,2015,daily_treasury_real_yield_curve_2015.xml
2015-03-06,3047,0.15,0.38,0.41,0.69,0.86,2015,daily_treasury_real_yield_curve_2015.xml
2015-03-09,3048,0.19,0.41,0.44,0.71,0.88,2015,daily_treasury_real_yield_curve_2015.xml
2015-03-10,3049,0.26,0.37,0.41,0.65,0.85,2015,daily_treasury_real_yield_curve_2015.xml
2015-03-11,3050,0.15,0.34,0.39,0.65,0.83,2015,daily_treasury_real_yield_curve_2015.xml
2015-03-12,3051,0.18,0.38,0.39,0.66,0.84,2015,daily_treasury_real_yield_curve_2015.xml
2015-03-13,3052,0.2,0.39,0.44,0.7,0.88,2015,daily_treasury_real_yield_curve_2015.xml
2015-03-16,3053,0.3,0.42,0.45,0.67,0.87,2015,daily_treasury_real_yield_curve_2015.xml
2015-03-17,3054,0.22,0.38,0.42,0.65,0.81,2015,daily_treasury_real_yield_curve_2015.xml
2015-03-18,3055,0.08,0.19,0.23,0.46,0.66,2015,daily_treasury_real_yield_curve_2015.xml
2015-03-19,3056,-0.01,0.15,0.19,0.46,0.65,2015,daily_treasury_real_yield_curve_2015.xml
2015-03-20,3057,-0.08,0.1,0.17,0.43,0.61,2015,daily_treasury_real_yield_curve_2015.xml
2015-03-23,3058,-0.07,0.1,0.17,0.44,0.62,2015,daily_treasury_real_yield_curve_2015.xml
2015-03-24,3059,-0.16,0.03,0.11,0.38,0.55,2015,daily_treasury_real_yield_curve_2015.xml
2015-03-25,3060,-0.15,0.09,0.12,0.3,0.57,2015,daily_treasury_real_yield_curve_2015.xml
2015-03-26,3061,-0.1,0.12,0.21,0.49,0.67,2015,daily_treasury_real_yield_curve_2015.xml
2015-03-27,3062,-0.12,0.09,0.19,0.46,0.64,2015,daily_treasury_real_yield_curve_2015.xml
2015-03-30,3063,-0.08,0.14,0.23,0.51,0.69,2015,daily_treasury_real_yield_curve_2015.xml
2015-03-31,3064,-0.14,0.08,0.18,0.49,0.69,2015,daily_treasury_real_yield_curve_2015.xml
2015-04-01,3065,-0.26,-0.04,0.07,0.39,0.6,2015,daily_treasury_real_yield_curve_2015.xml
2015-04-02,3066,-0.21,0.01,0.11,0.43,0.64,2015,daily_treasury_real_yield_curve_2015.xml
2015-04-03,3067,-0.32,-0.09,0.02,0.36,0.58,2015,daily_treasury_real_yield_curve_2015.xml
2015-04-06,3068,-0.29,-0.04,0.07,0.43,0.66,2015,daily_treasury_real_yield_curve_2015.xml
2015-04-07,3069,-0.28,-0.06,0.04,0.38,0.6,2015,daily_treasury_real_yield_curve_2015.xml
2015-04-08,3070,-0.23,-0.01,0.08,0.41,0.63,2015,daily_treasury_real_yield_curve_2015.xml
2015-04-09,3071,-0.19,0.03,0.13,0.46,0.68,2015,daily_treasury_real_yield_curve_2015.xml
2015-04-10,3072,-0.15,0.07,0.14,0.46,0.67,2015,daily_treasury_real_yield_curve_2015.xml
2015-04-13,3073,-0.17,0.05,0.14,0.47,0.68,2015,daily_treasury_real_yield_curve_2015.xml
2015-04-14,3074,-0.21,0.01,0.1,0.44,0.65,2015,daily_treasury_real_yield_curve_2015.xml
2015-04-15,3075,-0.26,-0.03,0.07,0.42,0.64,2015,daily_treasury_real_yield_curve_2015.xml
2015-04-16,3076,-0.27,-0.03,0.05,0.41,0.63,2015,daily_treasury_real_yield_curve_2015.xml
2015-04-17,3077,-0.34,-0.12,-0.02,0.32,0.54,2015,daily_treasury_real_yield_curve_2015.xml
2015-04-20,3078,-0.27,-0.05,0.01,0.36,0.59,2015,daily_treasury_real_yield_curve_2015.xml
2015-04-21,3079,-0.24,-0.02,0.06,0.4,0.63,2015,daily_treasury_real_yield_curve_2015.xml
2015-04-22,3080,-0.19,0.04,0.12,0.48,0.7,2015,daily_treasury_real_yield_curve_2015.xml
2015-04-23,3081,-0.33,-0.01,0.07,0.43,0.66,2015,daily_treasury_real_yield_curve_2015.xml
2015-04-24,3082,-0.37,0,0.04,0.4,0.64,2015,daily_treasury_real_yield_curve_2015.xml
2015-04-27,3083,-0.35,-0.04,0.03,0.39,0.63,2015,daily_treasury_real_yield_curve_2015.xml
2015-04-28,3084,-0.3,0.04,0.11,0.47,0.71,2015,daily_treasury_real_yield_curve_2015.xml
2015-04-29,3085,-0.27,0.11,0.14,0.52,0.76,2015,daily_treasury_real_yield_curve_2015.xml
2015-04-30,3086,-0.29,0.03,0.11,0.48,0.72,2015,daily_treasury_real_yield_curve_2015.xml
2015-05-01,3087,-0.22,0.09,0.18,0.54,0.78,2015,daily_treasury_real_yield_curve_2015.xml
2015-05-04,3088,-0.18,0.17,0.24,0.62,0.86,2015,daily_treasury_real_yield_curve_2015.xml
2015-05-05,3089,-0.18,0.21,0.25,0.62,0.86,2015,daily_treasury_real_yield_curve_2015.xml
2015-05-06,3090,-0.11,0.29,0.34,0.72,0.95,2015,daily_treasury_real_yield_curve_2015.xml
2015-05-07,3091,-0.11,0.23,0.3,0.65,0.88,2015,daily_treasury_real_yield_curve_2015.xml
2015-05-08,3092,-0.16,0.22,0.28,0.66,0.89,2015,daily_treasury_real_yield_curve_2015.xml
2015-05-11,3093,-0.05,0.31,0.4,0.77,1,2015,daily_treasury_real_yield_curve_2015.xml
2015-05-12,3094,-0.07,0.33,0.4,0.77,0.99,2015,daily_treasury_real_yield_curve_2015.xml
2015-05-13,3095,-0.1,0.31,0.41,0.81,1.04,2015,daily_treasury_real_yield_curve_2015.xml
2015-05-14,3096,-0.14,0.31,0.36,0.64,1.03,2015,daily_treasury_real_yield_curve_2015.xml
2015-05-15,3097,-0.16,0.21,0.31,0.7,0.94,2015,daily_treasury_real_yield_curve_2015.xml
2015-05-18,3098,-0.1,0.29,0.37,0.78,1.02,2015,daily_treasury_real_yield_curve_2015.xml
2015-05-19,3099,-0.02,0.34,0.42,0.81,1.06,2015,daily_treasury_real_yield_curve_2015.xml
2015-05-20,3100,-0.08,0.32,0.38,0.8,1.06,2015,daily_treasury_real_yield_curve_2015.xml
2015-05-21,3101,-0.1,0.3,0.35,0.76,1.01,2015,daily_treasury_real_yield_curve_2015.xml
2015-05-22,3102,-0.08,0.28,0.34,0.74,1,2015,daily_treasury_real_yield_curve_2015.xml
2015-05-26,3103,-0.05,0.29,0.32,0.7,0.94,2015,daily_treasury_real_yield_curve_2015.xml
2015-05-27,3104,-0.01,0.29,0.34,0.71,0.95,2015,daily_treasury_real_yield_curve_2015.xml
2015-05-28,3105,-0.02,0.33,0.33,0.59,0.98,2015,daily_treasury_real_yield_curve_2015.xml
2015-05-29,3106,-0.08,0.25,0.32,0.7,0.95,2015,daily_treasury_real_yield_curve_2015.xml
2015-06-01,3107,0,0.34,0.39,0.77,1.02,2015,daily_treasury_real_yield_curve_2015.xml
2015-06-02,3108,0.02,0.37,0.44,0.84,1.08,2015,daily_treasury_real_yield_curve_2015.xml
2015-06-03,3109,0.1,0.5,0.55,0.93,1.16,2015,daily_treasury_real_yield_curve_2015.xml
2015-06-04,3110,0.06,0.39,0.5,0.87,1.09,2015,daily_treasury_real_yield_curve_2015.xml
2015-06-05,3111,0.11,0.47,0.55,0.92,1.14,2015,daily_treasury_real_yield_curve_2015.xml
2015-06-08,3112,0.09,0.45,0.54,0.92,1.14,2015,daily_treasury_real_yield_curve_2015.xml
2015-06-09,3113,0.09,0.4,0.56,0.95,1.18,2015,daily_treasury_real_yield_curve_2015.xml
2015-06-10,3114,0.14,0.46,0.63,1.02,1.25,2015,daily_treasury_real_yield_curve_2015.xml
2015-06-11,3115,0.11,0.42,0.56,0.94,1.17,2015,daily_treasury_real_yield_curve_2015.xml
2015-06-12,3116,0.11,0.45,0.55,0.93,1.16,2015,daily_treasury_real_yield_curve_2015.xml
2015-06-15,3117,0.07,0.37,0.51,0.89,1.12,2015,daily_treasury_real_yield_curve_2015.xml
2015-06-16,3118,0.01,0.31,0.44,0.82,1.05,2015,daily_treasury_real_yield_curve_2015.xml
2015-06-17,3119,-0.06,0.29,0.42,0.84,1.09,2015,daily_treasury_real_yield_curve_2015.xml
2015-06-18,3120,-0.02,0.32,0.46,0.89,1.14,2015,daily_treasury_real_yield_curve_2015.xml
2015-06-19,3121,-0.04,0.28,0.4,0.81,1.07,2015,daily_treasury_real_yield_curve_2015.xml
2015-06-22,3122,0.03,0.37,0.47,0.88,1.14,2015,daily_treasury_real_yield_curve_2015.xml
2015-06-23,3123,0.04,0.35,0.5,0.92,1.17,2015,daily_treasury_real_yield_curve_2015.xml
2015-06-24,3124,0.05,0.41,0.48,0.88,1.13,2015,daily_treasury_real_yield_curve_2015.xml
2015-06-25,3125,0.07,0.42,0.49,0.89,1.13,2015,daily_treasury_real_yield_curve_2015.xml
2015-06-26,3126,0.09,0.43,0.57,0.97,1.21,2015,daily_treasury_real_yield_curve_2015.xml
2015-06-29,3127,0.03,0.39,0.46,0.86,1.1,2015,daily_treasury_real_yield_curve_2015.xml
2015-06-30,3128,0.02,0.34,0.48,0.88,1.11,2015,daily_treasury_real_yield_curve_2015.xml
2015-07-01,3129,0.1,0.47,0.54,0.94,1.18,2015,daily_treasury_real_yield_curve_2015.xml
2015-07-02,3130,0.02,0.37,0.49,0.91,1.16,2015,daily_treasury_real_yield_curve_2015.xml
2015-07-06,3131,-0.01,0.31,0.43,0.83,1.07,2015,daily_treasury_real_yield_curve_2015.xml
2015-07-07,3132,-0.02,0.28,0.4,0.79,1.04,2015,daily_treasury_real_yield_curve_2015.xml
2015-07-08,3133,-0.04,0.26,0.39,0.78,1.02,2015,daily_treasury_real_yield_curve_2015.xml
2015-07-09,3134,0.02,0.36,0.47,0.88,1.13,2015,daily_treasury_real_yield_curve_2015.xml
2015-07-10,3135,0.1,0.44,0.55,0.96,1.19,2015,daily_treasury_real_yield_curve_2015.xml
2015-07-13,3136,0.15,0.47,0.58,0.97,1.21,2015,daily_treasury_real_yield_curve_2015.xml
2015-07-14,3137,0.12,0.42,0.56,0.96,1.2,2015,daily_treasury_real_yield_curve_2015.xml
2015-07-15,3138,0.1,0.4,0.52,0.91,1.15,2015,daily_treasury_real_yield_curve_2015.xml
2015-07-16,3139,0.14,0.43,0.52,0.9,1.13,2015,daily_treasury_real_yield_curve_2015.xml
2015-07-17,3140,0.17,0.49,0.51,0.77,1.12,2015,daily_treasury_real_yield_curve_2015.xml
2015-07-20,3141,0.23,0.51,0.56,0.92,1.14,2015,daily_treasury_real_yield_curve_2015.xml
2015-07-21,3142,0.2,0.49,0.53,0.9,1.12,2015,daily_treasury_real_yield_curve_2015.xml
2015-07-22,3143,0.21,0.44,0.53,0.88,1.1,2015,daily_treasury_real_yield_curve_2015.xml
2015-07-23,3144,0.2,0.44,0.49,0.83,1.06,2015,daily_treasury_real_yield_curve_2015.xml
2015-07-24,3145,0.24,0.45,0.51,0.84,1.07,2015,daily_treasury_real_yield_curve_2015.xml
2015-07-27,3146,0.23,0.47,0.5,0.83,1.05,2015,daily_treasury_real_yield_curve_2015.xml
2015-07-28,3147,0.23,0.43,0.51,0.85,1.07,2015,daily_treasury_real_yield_curve_2015.xml
2015-07-29,3148,0.22,0.42,0.52,0.86,1.08,2015,daily_treasury_real_yield_curve_2015.xml
2015-07-30,3149,0.22,0.41,0.51,0.84,1.06,2015,daily_treasury_real_yield_curve_2015.xml
2015-07-31,3150,0.18,0.38,0.46,0.81,1.04,2015,daily_treasury_real_yield_curve_2015.xml
2015-08-03,3151,0.21,0.38,0.46,0.78,1.02,2015,daily_treasury_real_yield_curve_2015.xml
2015-08-04,3152,0.29,0.45,0.52,0.83,1.06,2015,daily_treasury_real_yield_curve_2015.xml
2015-08-05,3153,0.34,0.51,0.58,0.89,1.11,2015,daily_treasury_real_yield_curve_2015.xml
2015-08-06,3154,0.31,0.48,0.56,0.87,1.08,2015,daily_treasury_real_yield_curve_2015.xml
2015-08-07,3155,0.31,0.48,0.52,0.82,1.02,2015,daily_treasury_real_yield_curve_2015.xml
2015-08-10,3156,0.32,0.53,0.55,0.85,1.07,2015,daily_treasury_real_yield_curve_2015.xml
2015-08-11,3157,0.26,0.48,0.49,0.8,1.01,2015,daily_treasury_real_yield_curve_2015.xml
2015-08-12,3158,0.25,0.45,0.52,0.84,1.06,2015,daily_treasury_real_yield_curve_2015.xml
2015-08-13,3159,0.34,0.56,0.57,0.87,1.07,2015,daily_treasury_real_yield_curve_2015.xml
2015-08-14,3160,0.36,0.55,0.58,0.86,1.05,2015,daily_treasury_real_yield_curve_2015.xml
2015-08-17,3161,0.36,0.54,0.58,0.86,1.05,2015,daily_treasury_real_yield_curve_2015.xml
2015-08-18,3162,0.39,0.56,0.62,0.91,1.1,2015,daily_treasury_real_yield_curve_2015.xml
2015-08-19,3163,0.33,0.49,0.55,0.85,1.06,2015,daily_treasury_real_yield_curve_2015.xml
2015-08-20,3164,0.33,0.44,0.53,0.81,1.02,2015,daily_treasury_real_yield_curve_2015.xml
2015-08-21,3165,0.31,0.49,0.52,0.82,1.04,2015,daily_treasury_real_yield_curve_2015.xml
2015-08-24,3166,0.28,0.43,0.52,0.84,1.07,2015,daily_treasury_real_yield_curve_2015.xml
2015-08-25,3167,0.33,0.51,0.59,0.92,1.14,2015,daily_treasury_real_yield_curve_2015.xml
2015-08-26,3168,0.36,0.54,0.65,1,1.22,2015,daily_treasury_real_yield_curve_2015.xml
2015-08-27,3169,0.29,0.49,0.6,0.94,1.15,2015,daily_treasury_real_yield_curve_2015.xml
2015-08-28,3170,0.3,0.5,0.58,0.91,1.12,2015,daily_treasury_real_yield_curve_2015.xml
2015-08-31,3171,0.28,0.49,0.58,0.93,1.15,2015,daily_treasury_real_yield_curve_2015.xml
2015-09-01,3172,0.31,0.51,0.6,0.95,1.17,2015,daily_treasury_real_yield_curve_2015.xml
2015-09-02,3173,0.33,0.54,0.64,1,1.22,2015,daily_treasury_real_yield_curve_2015.xml
2015-09-03,3174,0.33,0.52,0.64,0.99,1.22,2015,daily_treasury_real_yield_curve_2015.xml
2015-09-04,3175,0.33,0.51,0.62,0.96,1.18,2015,daily_treasury_real_yield_curve_2015.xml
2015-09-08,3176,0.38,0.55,0.67,1.02,1.25,2015,daily_treasury_real_yield_curve_2015.xml
2015-09-09,3177,0.38,0.56,0.65,0.99,1.21,2015,daily_treasury_real_yield_curve_2015.xml
2015-09-10,3178,0.34,0.5,0.64,0.98,1.21,2015,daily_treasury_real_yield_curve_2015.xml
2015-09-11,3179,0.31,0.48,0.61,0.96,1.18,2015,daily_treasury_real_yield_curve_2015.xml
2015-09-14,3180,0.32,0.48,0.62,0.97,1.19,2015,daily_treasury_real_yield_curve_2015.xml
2015-09-15,3181,0.41,0.58,0.72,1.07,1.29,2015,daily_treasury_real_yield_curve_2015.xml
2015-09-16,3182,0.41,0.59,0.73,1.1,1.32,2015,daily_treasury_real_yield_curve_2015.xml
2015-09-17,3183,0.26,0.46,0.63,1.02,1.26,2015,daily_treasury_real_yield_curve_2015.xml
2015-09-18,3184,0.26,0.44,0.58,0.95,1.19,2015,daily_treasury_real_yield_curve_2015.xml
2015-09-21,3185,0.32,0.51,0.66,1.05,1.3,2015,daily_treasury_real_yield_curve_2015.xml
2015-09-22,3186,0.29,0.48,0.63,1.01,1.26,2015,daily_treasury_real_yield_curve_2015.xml
2015-09-23,3187,0.31,0.5,0.64,1.02,1.26,2015,daily_treasury_real_yield_curve_2015.xml
2015-09-24,3188,0.33,0.51,0.64,1.01,1.24,2015,daily_treasury_real_yield_curve_2015.xml
2015-09-25,3189,0.37,0.55,0.71,1.09,1.32,2015,daily_treasury_real_yield_curve_2015.xml
2015-09-28,3190,0.4,0.57,0.71,1.06,1.28,2015,daily_treasury_real_yield_curve_2015.xml
2015-09-29,3191,0.34,0.51,0.66,1.04,1.27,2015,daily_treasury_real_yield_curve_2015.xml
2015-09-30,3192,0.3,0.48,0.65,1.05,1.29,2015,daily_treasury_real_yield_curve_2015.xml
2015-10-01,3193,0.24,0.42,0.59,0.99,1.23,2015,daily_treasury_real_yield_curve_2015.xml
2015-10-02,3194,0.14,0.33,0.51,0.93,1.18,2015,daily_treasury_real_yield_curve_2015.xml
2015-10-05,3195,0.17,0.36,0.56,0.99,1.23,2015,daily_treasury_real_yield_curve_2015.xml
2015-10-06,3196,0.12,0.31,0.53,0.97,1.2,2015,daily_treasury_real_yield_curve_2015.xml
2015-10-07,3197,0.15,0.33,0.53,0.95,1.19,2015,daily_treasury_real_yield_curve_2015.xml
2015-10-08,3198,0.14,0.33,0.54,0.98,1.23,2015,daily_treasury_real_yield_curve_2015.xml
2015-10-09,3199,0.19,0.37,0.58,1.01,1.24,2015,daily_treasury_real_yield_curve_2015.xml
2015-10-13,3200,0.18,0.35,0.54,0.96,1.22,2015,daily_treasury_real_yield_curve_2015.xml
2015-10-14,3201,0.14,0.31,0.5,0.93,1.19,2015,daily_treasury_real_yield_curve_2015.xml
2015-10-15,3202,0.16,0.34,0.54,0.98,1.22,2015,daily_treasury_real_yield_curve_2015.xml
2015-10-16,3203,0.18,0.36,0.56,1,1.24,2015,daily_treasury_real_yield_curve_2015.xml
2015-10-19,3204,0.22,0.4,0.59,1.01,1.27,2015,daily_treasury_real_yield_curve_2015.xml
2015-10-20,3205,0.24,0.42,0.6,1.01,1.26,2015,daily_treasury_real_yield_curve_2015.xml
2015-10-21,3206,0.24,0.41,0.59,1,1.24,2015,daily_treasury_real_yield_curve_2015.xml
2015-10-22,3207,0.22,0.39,0.57,0.97,1.21,2015,daily_treasury_real_yield_curve_2015.xml
2015-10-23,3208,0.24,0.41,0.58,0.96,1.19,2015,daily_treasury_real_yield_curve_2015.xml
2015-10-26,3209,0.25,0.41,0.59,0.96,1.19,2015,daily_treasury_real_yield_curve_2015.xml
2015-10-27,3210,0.23,0.39,0.57,0.95,1.18,2015,daily_treasury_real_yield_curve_2015.xml
2015-10-28,3211,0.33,0.48,0.63,0.98,1.2,2015,daily_treasury_real_yield_curve_2015.xml
2015-10-29,3212,0.34,0.5,0.67,1.02,1.24,2015,daily_treasury_real_yield_curve_2015.xml
2015-10-30,3213,0.32,0.47,0.63,0.98,1.19,2015,daily_treasury_real_yield_curve_2015.xml
2015-11-02,3214,0.34,0.49,0.65,0.99,1.2,2015,daily_treasury_real_yield_curve_2015.xml
2015-11-03,3215,0.32,0.49,0.65,1.01,1.24,2015,daily_treasury_real_yield_curve_2015.xml
2015-11-04,3216,0.38,0.52,0.68,1.02,1.24,2015,daily_treasury_real_yield_curve_2015.xml
2015-11-05,3217,0.42,0.56,0.71,1.05,1.27,2015,daily_treasury_real_yield_curve_2015.xml
2015-11-06,3218,0.48,0.62,0.75,1.09,1.31,2015,daily_treasury_real_yield_curve_2015.xml
2015-11-09,3219,0.47,0.61,0.76,1.1,1.32,2015,daily_treasury_real_yield_curve_2015.xml
2015-11-10,3220,0.47,0.62,0.77,1.11,1.32,2015,daily_treasury_real_yield_curve_2015.xml
2015-11-12,3221,0.49,0.64,0.78,1.11,1.32,2015,daily_treasury_real_yield_curve_2015.xml
2015-11-13,3222,0.46,0.61,0.76,1.09,1.31,2015,daily_treasury_real_yield_curve_2015.xml
2015-11-16,3223,0.46,0.61,0.76,1.11,1.33,2015,daily_treasury_real_yield_curve_2015.xml
2015-11-17,3224,0.43,0.57,0.72,1.06,1.28,2015,daily_treasury_real_yield_curve_2015.xml
2015-11-18,3225,0.44,0.58,0.71,1.05,1.27,2015,daily_treasury_real_yield_curve_2015.xml
2015-11-19,3226,0.41,0.55,0.68,1.01,1.23,2015,daily_treasury_real_yield_curve_2015.xml
2015-11-20,3227,0.39,0.52,0.66,1,1.21,2015,daily_treasury_real_yield_curve_2015.xml
2015-11-23,3228,0.37,0.5,0.64,0.98,1.2,2015,daily_treasury_real_yield_curve_2015.xml
2015-11-24,3229,0.33,0.47,0.62,0.97,1.2,2015,daily_treasury_real_yield_curve_2015.xml
2015-11-25,3230,0.35,0.49,0.62,0.97,1.2,2015,daily_treasury_real_yield_curve_2015.xml
2015-11-27,3231,0.33,0.47,0.62,0.97,1.2,2015,daily_treasury_real_yield_curve_2015.xml
2015-11-30,3232,0.35,0.48,0.62,0.96,1.19,2015,daily_treasury_real_yield_curve_2015.xml
2015-12-01,3233,0.3,0.44,0.58,0.92,1.14,2015,daily_treasury_real_yield_curve_2015.xml
2015-12-02,3234,0.36,0.5,0.62,0.95,1.16,2015,daily_treasury_real_yield_curve_2015.xml
2015-12-03,3235,0.41,0.58,0.72,1.06,1.27,2015,daily_treasury_real_yield_curve_2015.xml
2015-12-04,3236,0.41,0.55,0.68,1,1.21,2015,daily_treasury_real_yield_curve_2015.xml
2015-12-07,3237,0.42,0.55,0.67,0.99,1.19,2015,daily_treasury_real_yield_curve_2015.xml
2015-12-08,3238,0.43,0.56,0.68,1,1.2,2015,daily_treasury_real_yield_curve_2015.xml
2015-12-09,3239,0.43,0.56,0.69,1.02,1.23,2015,daily_treasury_real_yield_curve_2015.xml
2015-12-10,3240,0.48,0.6,0.73,1.05,1.26,2015,daily_treasury_real_yield_curve_2015.xml
2015-12-11,3241,0.39,0.53,0.67,1,1.21,2015,daily_treasury_real_yield_curve_2015.xml
2015-12-14,3242,0.49,0.63,0.78,1.11,1.32,2015,daily_treasury_real_yield_curve_2015.xml
2015-12-15,3243,0.49,0.63,0.8,1.15,1.32,2015,daily_treasury_real_yield_curve_2015.xml
2015-12-16,3244,0.55,0.67,0.84,1.2,1.34,2015,daily_treasury_real_yield_curve_2015.xml
2015-12-17,3245,0.52,0.63,0.77,1.08,1.28,2015,daily_treasury_real_yield_curve_2015.xml
2015-12-18,3246,0.46,0.58,0.73,1.07,1.26,2015,daily_treasury_real_yield_curve_2015.xml
2015-12-21,3247,0.48,0.6,0.75,1.09,1.28,2015,daily_treasury_real_yield_curve_2015.xml
2015-12-22,3248,0.52,0.64,0.78,1.1,1.3,2015,daily_treasury_real_yield_curve_2015.xml
2015-12-23,3249,0.49,0.62,0.76,1.09,1.29,2015,daily_treasury_real_yield_curve_2015.xml
2015-12-24,3250,0.5,0.62,0.73,1.05,1.26,2015,daily_treasury_real_yield_curve_2015.xml
2015-12-28,3251,0.49,0.61,0.74,1.05,1.24,2015,daily_treasury_real_yield_curve_2015.xml
2015-12-29,3252,0.53,0.66,0.79,1.11,1.31,2015,daily_treasury_real_yield_curve_2015.xml
2015-12-30,3253,0.52,0.64,0.77,1.1,1.31,2015,daily_treasury_real_yield_curve_2015.xml
2015-12-31,3254,0.45,0.59,0.73,1.07,1.28,2015,daily_treasury_real_yield_curve_2015.xml
2016-01-04,3255,0.42,0.55,0.69,1.04,1.25,2016,daily_treasury_real_yield_curve_2016.xml
2016-01-05,3256,0.42,0.55,0.69,1.05,1.27,2016,daily_treasury_real_yield_curve_2016.xml
2016-01-06,3257,0.39,0.51,0.65,1,1.23,2016,daily_treasury_real_yield_curve_2016.xml
2016-01-07,3258,0.36,0.5,0.66,1.03,1.27,2016,daily_treasury_real_yield_curve_2016.xml
2016-01-08,3259,0.34,0.49,0.65,1.03,1.27,2016,daily_treasury_real_yield_curve_2016.xml
2016-01-11,3260,0.39,0.55,0.72,1.11,1.33,2016,daily_treasury_real_yield_curve_2016.xml
2016-01-12,3261,0.36,0.51,0.69,1.07,1.29,2016,daily_treasury_real_yield_curve_2016.xml
2016-01-13,3262,0.33,0.48,0.65,1.04,1.26,2016,daily_treasury_real_yield_curve_2016.xml
2016-01-14,3263,0.32,0.49,0.67,1.07,1.29,2016,daily_treasury_real_yield_curve_2016.xml
2016-01-15,3264,0.34,0.5,0.67,1.05,1.27,2016,daily_treasury_real_yield_curve_2016.xml
2016-01-19,3265,0.33,0.5,0.68,1.07,1.28,2016,daily_treasury_real_yield_curve_2016.xml
2016-01-20,3266,0.34,0.51,0.69,1.07,1.29,2016,daily_treasury_real_yield_curve_2016.xml
2016-01-21,3267,0.36,0.54,0.74,1.11,1.31,2016,daily_treasury_real_yield_curve_2016.xml
2016-01-22,3268,0.34,0.52,0.72,1.1,1.29,2016,daily_treasury_real_yield_curve_2016.xml
2016-01-25,3269,0.32,0.49,0.69,1.07,1.27,2016,daily_treasury_real_yield_curve_2016.xml
2016-01-26,3270,0.28,0.46,0.65,1.03,1.25,2016,daily_treasury_real_yield_curve_2016.xml
2016-01-27,3271,0.25,0.43,0.62,1.01,1.23,2016,daily_treasury_real_yield_curve_2016.xml
2016-01-28,3272,0.2,0.38,0.58,0.99,1.21,2016,daily_treasury_real_yield_curve_2016.xml
2016-01-29,3273,0.14,0.32,0.53,0.95,1.17,2016,daily_treasury_real_yield_curve_2016.xml
2016-02-01,3274,0.18,0.37,0.57,0.97,1.19,2016,daily_treasury_real_yield_curve_2016.xml
2016-02-02,3275,0.14,0.31,0.51,0.91,1.12,2016,daily_treasury_real_yield_curve_2016.xml
2016-02-03,3276,0.11,0.3,0.5,0.9,1.1,2016,daily_treasury_real_yield_curve_2016.xml
2016-02-04,3277,0.12,0.3,0.51,0.91,1.11,2016,daily_treasury_real_yield_curve_2016.xml
2016-02-05,3278,0.18,0.35,0.53,0.91,1.13,2016,daily_treasury_real_yield_curve_2016.xml
2016-02-08,3279,0.19,0.34,0.52,0.88,1.09,2016,daily_treasury_real_yield_curve_2016.xml
2016-02-09,3280,0.22,0.37,0.53,0.89,1.1,2016,daily_treasury_real_yield_curve_2016.xml
2016-02-10,3281,0.2,0.34,0.5,0.85,1.06,2016,daily_treasury_real_yield_curve_2016.xml
2016-02-11,3282,0.17,0.3,0.45,0.81,1.03,2016,daily_treasury_real_yield_curve_2016.xml
2016-02-12,3283,0.17,0.32,0.49,0.87,1.1,2016,daily_treasury_real_yield_curve_2016.xml
2016-02-16,3284,0.2,0.35,0.53,0.92,1.16,2016,daily_treasury_real_yield_curve_2016.xml
2016-02-17,3285,0.22,0.36,0.53,0.93,1.18,2016,daily_treasury_real_yield_curve_2016.xml
2016-02-18,3286,0.19,0.34,0.51,0.87,1.13,2016,daily_treasury_real_yield_curve_2016.xml
2016-02-19,3287,0.18,0.33,0.5,0.86,1.11,2016,daily_treasury_real_yield_curve_2016.xml
2016-02-22,3288,0.14,0.3,0.46,0.83,1.08,2016,daily_treasury_real_yield_curve_2016.xml
2016-02-23,3289,0.1,0.25,0.42,0.8,1.05,2016,daily_treasury_real_yield_curve_2016.xml
2016-02-24,3290,0.06,0.22,0.39,0.78,1.04,2016,daily_treasury_real_yield_curve_2016.xml
2016-02-25,3291,-0.02,0.15,0.32,0.72,1,2016,daily_treasury_real_yield_curve_2016.xml
2016-02-26,3292,0.03,0.18,0.35,0.75,1.04,2016,daily_treasury_real_yield_curve_2016.xml
2016-02-29,3293,-0.01,0.15,0.32,0.72,1,2016,daily_treasury_real_yield_curve_2016.xml
2016-03-01,3294,0.02,0.18,0.35,0.75,1.04,2016,daily_treasury_real_yield_curve_2016.xml
2016-03-02,3295,0,0.16,0.33,0.73,1,2016,daily_treasury_real_yield_curve_2016.xml
2016-03-03,3296,-0.03,0.12,0.3,0.7,0.97,2016,daily_treasury_real_yield_curve_2016.xml
2016-03-04,3297,0.02,0.19,0.37,0.76,1.02,2016,daily_treasury_real_yield_curve_2016.xml
2016-03-07,3298,0.06,0.25,0.43,0.81,1.06,2016,daily_treasury_real_yield_curve_2016.xml
2016-03-08,3299,0.01,0.19,0.37,0.75,1.01,2016,daily_treasury_real_yield_curve_2016.xml
2016-03-09,3300,0.02,0.21,0.39,0.79,1.05,2016,daily_treasury_real_yield_curve_2016.xml
2016-03-10,3301,0.1,0.28,0.45,0.82,1.06,2016,daily_treasury_real_yield_curve_2016.xml
2016-03-11,3302,0.08,0.27,0.44,0.83,1.09,2016,daily_treasury_real_yield_curve_2016.xml
2016-03-14,3303,0.11,0.28,0.45,0.83,1.09,2016,daily_treasury_real_yield_curve_2016.xml
2016-03-15,3304,0.15,0.31,0.47,0.85,1.11,2016,daily_treasury_real_yield_curve_2016.xml
2016-03-16,3305,-0.04,0.16,0.36,0.78,1.05,2016,daily_treasury_real_yield_curve_2016.xml
2016-03-17,3306,-0.07,0.13,0.34,0.74,1,2016,daily_treasury_real_yield_curve_2016.xml
2016-03-18,3307,-0.13,0.08,0.27,0.68,0.94,2016,daily_treasury_real_yield_curve_2016.xml
2016-03-21,3308,-0.12,0.09,0.28,0.68,0.95,2016,daily_treasury_real_yield_curve_2016.xml
2016-03-22,3309,-0.06,0.14,0.31,0.7,0.95,2016,daily_treasury_real_yield_curve_2016.xml
2016-03-23,3310,-0.07,0.12,0.3,0.67,0.91,2016,daily_treasury_real_yield_curve_2016.xml
2016-03-24,3311,-0.03,0.16,0.34,0.71,0.95,2016,daily_treasury_real_yield_curve_2016.xml
2016-03-28,3312,-0.03,0.16,0.33,0.7,0.94,2016,daily_treasury_real_yield_curve_2016.xml
2016-03-29,3313,-0.18,0.02,0.2,0.59,0.84,2016,daily_treasury_real_yield_curve_2016.xml
2016-03-30,3314,-0.26,-0.04,0.18,0.6,0.86,2016,daily_treasury_real_yield_curve_2016.xml
2016-03-31,3315,-0.28,-0.05,0.16,0.57,0.83,2016,daily_treasury_real_yield_curve_2016.xml
2016-04-01,3316,-0.25,-0.04,0.17,0.58,0.83,2016,daily_treasury_real_yield_curve_2016.xml
2016-04-04,3317,-0.26,-0.05,0.14,0.55,0.81,2016,daily_treasury_real_yield_curve_2016.xml
2016-04-05,3318,-0.26,-0.05,0.14,0.54,0.79,2016,daily_treasury_real_yield_curve_2016.xml
2016-04-06,3319,-0.23,-0.02,0.17,0.57,0.83,2016,daily_treasury_real_yield_curve_2016.xml
2016-04-07,3320,-0.27,-0.07,0.12,0.53,0.78,2016,daily_treasury_real_yield_curve_2016.xml
2016-04-08,3321,-0.27,-0.06,0.14,0.55,0.81,2016,daily_treasury_real_yield_curve_2016.xml
2016-04-11,3322,-0.25,-0.03,0.17,0.59,0.85,2016,daily_treasury_real_yield_curve_2016.xml
2016-04-12,3323,-0.17,0.04,0.22,0.63,0.89,2016,daily_treasury_real_yield_curve_2016.xml
2016-04-13,3324,-0.21,0,0.21,0.62,0.87,2016,daily_treasury_real_yield_curve_2016.xml
2016-04-14,3325,-0.16,0.05,0.24,0.64,0.89,2016,daily_treasury_real_yield_curve_2016.xml
2016-04-15,3326,-0.2,0.01,0.2,0.6,0.84,2016,daily_treasury_real_yield_curve_2016.xml
2016-04-18,3327,-0.17,0.02,0.21,0.59,0.84,2016,daily_treasury_real_yield_curve_2016.xml
2016-04-19,3328,-0.2,-0.01,0.19,0.58,0.83,2016,daily_treasury_real_yield_curve_2016.xml
2016-04-20,3329,-0.17,0.03,0.23,0.64,0.88,2016,daily_treasury_real_yield_curve_2016.xml
2016-04-21,3330,-0.21,-0.05,0.24,0.66,0.91,2016,daily_treasury_real_yield_curve_2016.xml
2016-04-22,3331,-0.19,-0.04,0.25,0.67,0.92,2016,daily_treasury_real_yield_curve_2016.xml
2016-04-25,3332,-0.18,-0.02,0.26,0.68,0.94,2016,daily_treasury_real_yield_curve_2016.xml
2016-04-26,3333,-0.16,-0.01,0.27,0.7,0.95,2016,daily_treasury_real_yield_curve_2016.xml
2016-04-27,3334,-0.24,-0.05,0.19,0.64,0.9,2016,daily_treasury_real_yield_curve_2016.xml
2016-04-28,3335,-0.33,-0.14,0.12,0.58,0.86,2016,daily_treasury_real_yield_curve_2016.xml
2016-04-29,3336,-0.32,-0.16,0.12,0.56,0.82,2016,daily_treasury_real_yield_curve_2016.xml
2016-05-02,3337,-0.26,-0.1,0.2,0.63,0.89,2016,daily_treasury_real_yield_curve_2016.xml
2016-05-03,3338,-0.29,-0.09,0.17,0.61,0.87,2016,daily_treasury_real_yield_curve_2016.xml
2016-05-04,3339,-0.29,-0.13,0.16,0.61,0.86,2016,daily_treasury_real_yield_curve_2016.xml
2016-05-05,3340,-0.32,-0.12,0.13,0.58,0.83,2016,daily_treasury_real_yield_curve_2016.xml
2016-05-06,3341,-0.28,-0.08,0.18,0.62,0.86,2016,daily_treasury_real_yield_curve_2016.xml
2016-05-09,3342,-0.3,-0.09,0.18,0.62,0.87,2016,daily_treasury_real_yield_curve_2016.xml
2016-05-10,3343,-0.33,-0.16,0.15,0.58,0.84,2016,daily_treasury_real_yield_curve_2016.xml
2016-05-11,3344,-0.33,-0.16,0.14,0.57,0.82,2016,daily_treasury_real_yield_curve_2016.xml
2016-05-12,3345,-0.29,-0.09,0.15,0.59,0.83,2016,daily_treasury_real_yield_curve_2016.xml
2016-05-13,3346,-0.3,-0.15,0.13,0.55,0.79,2016,daily_treasury_real_yield_curve_2016.xml
2016-05-16,3347,-0.27,-0.08,0.15,0.59,0.82,2016,daily_treasury_real_yield_curve_2016.xml
2016-05-17,3348,-0.27,-0.08,0.15,0.57,0.8,2016,daily_treasury_real_yield_curve_2016.xml
2016-05-18,3349,-0.13,0.04,0.26,0.7,0.88,2016,daily_treasury_real_yield_curve_2016.xml
2016-05-19,3350,-0.13,0.06,0.29,0.69,0.88,2016,daily_treasury_real_yield_curve_2016.xml
2016-05-20,3351,-0.13,0.05,0.29,0.7,0.89,2016,daily_treasury_real_yield_curve_2016.xml
2016-05-23,3352,-0.11,0.05,0.3,0.75,0.89,2016,daily_treasury_real_yield_curve_2016.xml
2016-05-24,3353,-0.1,0.07,0.31,0.76,0.9,2016,daily_treasury_real_yield_curve_2016.xml
2016-05-25,3354,-0.11,0.06,0.29,0.71,0.9,2016,daily_treasury_real_yield_curve_2016.xml
2016-05-26,3355,-0.16,0.02,0.25,0.66,0.87,2016,daily_treasury_real_yield_curve_2016.xml
2016-05-27,3356,-0.12,0.05,0.27,0.68,0.89,2016,daily_treasury_real_yield_curve_2016.xml
2016-05-31,3357,-0.1,0.07,0.3,0.74,0.91,2016,daily_treasury_real_yield_curve_2016.xml
2016-06-01,3358,-0.08,0.09,0.31,0.74,0.91,2016,daily_treasury_real_yield_curve_2016.xml
2016-06-02,3359,-0.12,0.04,0.27,0.73,0.88,2016,daily_treasury_real_yield_curve_2016.xml
2016-06-03,3360,-0.22,-0.05,0.19,0.66,0.84,2016,daily_treasury_real_yield_curve_2016.xml
2016-06-06,3361,-0.24,-0.06,0.19,0.66,0.85,2016,daily_treasury_real_yield_curve_2016.xml
2016-06-07,3362,-0.28,-0.09,0.15,0.61,0.82,2016,daily_treasury_real_yield_curve_2016.xml
2016-06-08,3363,-0.31,-0.12,0.12,0.58,0.78,2016,daily_treasury_real_yield_curve_2016.xml
2016-06-09,3364,-0.31,-0.12,0.12,0.58,0.78,2016,daily_treasury_real_yield_curve_2016.xml
2016-06-10,3365,-0.32,-0.13,0.12,0.59,0.78,2016,daily_treasury_real_yield_curve_2016.xml
2016-06-13,3366,-0.31,-0.11,0.15,0.62,0.81,2016,daily_treasury_real_yield_curve_2016.xml
2016-06-14,3367,-0.3,-0.09,0.17,0.63,0.84,2016,daily_treasury_real_yield_curve_2016.xml
2016-06-15,3368,-0.37,-0.14,0.13,0.59,0.82,2016,daily_treasury_real_yield_curve_2016.xml
2016-06-16,3369,-0.32,-0.11,0.15,0.61,0.82,2016,daily_treasury_real_yield_curve_2016.xml
2016-06-17,3370,-0.3,-0.07,0.2,0.64,0.85,2016,daily_treasury_real_yield_curve_2016.xml
2016-06-20,3371,-0.26,-0.03,0.24,0.69,0.88,2016,daily_treasury_real_yield_curve_2016.xml
2016-06-21,3372,-0.19,0.02,0.28,0.72,0.91,2016,daily_treasury_real_yield_curve_2016.xml
2016-06-22,3373,-0.21,-0.01,0.25,0.7,0.9,2016,daily_treasury_real_yield_curve_2016.xml
2016-06-23,3374,-0.22,-0.02,0.24,0.69,0.88,2016,daily_treasury_real_yield_curve_2016.xml
2016-06-24,3375,-0.28,-0.1,0.15,0.62,0.81,2016,daily_treasury_real_yield_curve_2016.xml
2016-06-27,3376,-0.27,-0.1,0.12,0.54,0.73,2016,daily_treasury_real_yield_curve_2016.xml
2016-06-28,3377,-0.32,-0.13,0.09,0.49,0.7,2016,daily_treasury_real_yield_curve_2016.xml
2016-06-29,3378,-0.33,-0.14,0.1,0.53,0.71,2016,daily_treasury_real_yield_curve_2016.xml
2016-06-30,3379,-0.37,-0.17,0.09,0.53,0.7,2016,daily_treasury_real_yield_curve_2016.xml
2016-07-01,3380,-0.43,-0.22,0.03,0.43,0.62,2016,daily_treasury_real_yield_curve_2016.xml
2016-07-05,3381,-0.45,-0.26,-0.03,0.37,0.56,2016,daily_treasury_real_yield_curve_2016.xml
2016-07-06,3382,-0.46,-0.28,-0.05,0.35,0.54,2016,daily_treasury_real_yield_curve_2016.xml
2016-07-07,3383,-0.44,-0.26,-0.03,0.37,0.56,2016,daily_treasury_real_yield_curve_2016.xml
2016-07-08,3384,-0.44,-0.27,-0.06,0.33,0.53,2016,daily_treasury_real_yield_curve_2016.xml
2016-07-11,3385,-0.38,-0.21,0.01,0.39,0.56,2016,daily_treasury_real_yield_curve_2016.xml
2016-07-12,3386,-0.36,-0.16,0.07,0.46,0.64,2016,daily_treasury_real_yield_curve_2016.xml
2016-07-13,3387,-0.36,-0.18,0.03,0.4,0.58,2016,daily_treasury_real_yield_curve_2016.xml
2016-07-14,3388,-0.34,-0.16,0.08,0.49,0.62,2016,daily_treasury_real_yield_curve_2016.xml
2016-07-15,3389,-0.29,-0.11,0.11,0.48,0.64,2016,daily_treasury_real_yield_curve_2016.xml
2016-07-18,3390,-0.27,-0.09,0.1,0.46,0.65,2016,daily_treasury_real_yield_curve_2016.xml
2016-07-19,3391,-0.27,-0.11,0.12,0.54,0.65,2016,daily_treasury_real_yield_curve_2016.xml
2016-07-20,3392,-0.25,-0.08,0.13,0.51,0.67,2016,daily_treasury_real_yield_curve_2016.xml
2016-07-21,3393,-0.27,-0.13,0.05,0.45,0.67,2016,daily_treasury_real_yield_curve_2016.xml
2016-07-22,3394,-0.23,-0.11,0.06,0.47,0.67,2016,daily_treasury_real_yield_curve_2016.xml
2016-07-25,3395,-0.19,-0.08,0.08,0.47,0.68,2016,daily_treasury_real_yield_curve_2016.xml
2016-07-26,3396,-0.18,-0.08,0.07,0.44,0.66,2016,daily_treasury_real_yield_curve_2016.xml
2016-07-27,3397,-0.21,-0.11,0.03,0.38,0.61,2016,daily_treasury_real_yield_curve_2016.xml
2016-07-28,3398,-0.24,-0.14,0,0.36,0.59,2016,daily_treasury_real_yield_curve_2016.xml
2016-07-29,3399,-0.28,-0.17,-0.03,0.33,0.56,2016,daily_treasury_real_yield_curve_2016.xml
2016-08-01,3400,-0.21,-0.11,0.05,0.42,0.63,2016,daily_treasury_real_yield_curve_2016.xml
2016-08-02,3401,-0.18,-0.06,0.11,0.49,0.7,2016,daily_treasury_real_yield_curve_2016.xml
2016-08-03,3402,-0.21,-0.09,0.09,0.48,0.68,2016,daily_treasury_real_yield_curve_2016.xml
2016-08-04,3403,-0.27,-0.14,0.04,0.42,0.62,2016,daily_treasury_real_yield_curve_2016.xml
2016-08-05,3404,-0.2,-0.08,0.09,0.44,0.64,2016,daily_treasury_real_yield_curve_2016.xml
2016-08-08,3405,-0.19,-0.07,0.08,0.43,0.63,2016,daily_treasury_real_yield_curve_2016.xml
2016-08-09,3406,-0.19,-0.09,0.06,0.41,0.6,2016,daily_treasury_real_yield_curve_2016.xml
2016-08-10,3407,-0.2,-0.09,0.06,0.4,0.59,2016,daily_treasury_real_yield_curve_2016.xml
2016-08-11,3408,-0.16,-0.05,0.1,0.43,0.61,2016,daily_treasury_real_yield_curve_2016.xml
2016-08-12,3409,-0.19,-0.08,0.07,0.41,0.58,2016,daily_treasury_real_yield_curve_2016.xml
2016-08-15,3410,-0.16,-0.06,0.1,0.44,0.62,2016,daily_treasury_real_yield_curve_2016.xml
2016-08-16,3411,-0.12,-0.02,0.13,0.48,0.65,2016,daily_treasury_real_yield_curve_2016.xml
2016-08-17,3412,-0.16,-0.06,0.09,0.45,0.63,2016,daily_treasury_real_yield_curve_2016.xml
2016-08-18,3413,-0.2,-0.09,0.06,0.4,0.61,2016,daily_treasury_real_yield_curve_2016.xml
2016-08-19,3414,-0.17,-0.06,0.1,0.44,0.63,2016,daily_treasury_real_yield_curve_2016.xml
2016-08-22,3415,-0.19,-0.08,0.08,0.41,0.59,2016,daily_treasury_real_yield_curve_2016.xml
2016-08-23,3416,-0.19,-0.08,0.07,0.4,0.58,2016,daily_treasury_real_yield_curve_2016.xml
2016-08-24,3417,-0.19,-0.08,0.08,0.42,0.59,2016,daily_treasury_real_yield_curve_2016.xml
2016-08-25,3418,-0.17,-0.06,0.09,0.43,0.61,2016,daily_treasury_real_yield_curve_2016.xml
2016-08-26,3419,-0.08,0.01,0.15,0.46,0.64,2016,daily_treasury_real_yield_curve_2016.xml
2016-08-29,3420,-0.11,-0.02,0.11,0.43,0.58,2016,daily_treasury_real_yield_curve_2016.xml
2016-08-30,3421,-0.1,-0.01,0.11,0.42,0.59,2016,daily_treasury_real_yield_curve_2016.xml
2016-08-31,3422,-0.08,0,0.11,0.4,0.58,2016,daily_treasury_real_yield_curve_2016.xml
2016-09-01,3423,-0.06,0.01,0.12,0.39,0.57,2016,daily_treasury_real_yield_curve_2016.xml
2016-09-02,3424,-0.08,0.01,0.13,0.42,0.6,2016,daily_treasury_real_yield_curve_2016.xml
2016-09-06,3425,-0.16,-0.07,0.06,0.37,0.54,2016,daily_treasury_real_yield_curve_2016.xml
2016-09-07,3426,-0.18,-0.09,0.03,0.33,0.52,2016,daily_treasury_real_yield_curve_2016.xml
2016-09-08,3427,-0.15,-0.06,0.09,0.43,0.59,2016,daily_treasury_real_yield_curve_2016.xml
2016-09-09,3428,-0.09,0.03,0.17,0.49,0.67,2016,daily_treasury_real_yield_curve_2016.xml
2016-09-12,3429,-0.12,0.01,0.17,0.5,0.67,2016,daily_treasury_real_yield_curve_2016.xml
2016-09-13,3430,-0.05,0.07,0.24,0.59,0.74,2016,daily_treasury_real_yield_curve_2016.xml
2016-09-14,3431,-0.09,0.04,0.21,0.58,0.72,2016,daily_treasury_real_yield_curve_2016.xml
2016-09-15,3432,-0.11,0.02,0.22,0.61,0.76,2016,daily_treasury_real_yield_curve_2016.xml
2016-09-16,3433,-0.13,0,0.19,0.57,0.73,2016,daily_treasury_real_yield_curve_2016.xml
2016-09-19,3434,-0.13,0.01,0.2,0.57,0.75,2016,daily_treasury_real_yield_curve_2016.xml
2016-09-20,3435,-0.13,0.01,0.2,0.57,0.75,2016,daily_treasury_real_yield_curve_2016.xml
2016-09-21,3436,-0.17,-0.04,0.15,0.53,0.69,2016,daily_treasury_real_yield_curve_2016.xml
2016-09-22,3437,-0.22,-0.09,0.08,0.43,0.62,2016,daily_treasury_real_yield_curve_2016.xml
2016-09-23,3438,-0.26,-0.13,0.05,0.41,0.58,2016,daily_treasury_real_yield_curve_2016.xml
2016-09-26,3439,-0.27,-0.14,0.05,0.43,0.6,2016,daily_treasury_real_yield_curve_2016.xml
2016-09-27,3440,-0.26,-0.14,0.04,0.42,0.58,2016,daily_treasury_real_yield_curve_2016.xml
2016-09-28,3441,-0.31,-0.17,0.01,0.38,0.57,2016,daily_treasury_real_yield_curve_2016.xml
2016-09-29,3442,-0.32,-0.18,0.02,0.43,0.58,2016,daily_treasury_real_yield_curve_2016.xml
2016-09-30,3443,-0.31,-0.17,0,0.38,0.59,2016,daily_treasury_real_yield_curve_2016.xml
2016-10-03,3444,-0.29,-0.16,0,0.37,0.58,2016,daily_treasury_real_yield_curve_2016.xml
2016-10-04,3445,-0.23,-0.09,0.07,0.44,0.66,2016,daily_treasury_real_yield_curve_2016.xml
2016-10-05,3446,-0.22,-0.08,0.1,0.48,0.69,2016,daily_treasury_real_yield_curve_2016.xml
2016-10-06,3447,-0.21,-0.07,0.11,0.48,0.68,2016,daily_treasury_real_yield_curve_2016.xml
2016-10-07,3448,-0.24,-0.09,0.1,0.47,0.68,2016,daily_treasury_real_yield_curve_2016.xml
2016-10-11,3449,-0.21,-0.05,0.13,0.51,0.71,2016,daily_treasury_real_yield_curve_2016.xml
2016-10-12,3450,-0.2,-0.04,0.15,0.53,0.73,2016,daily_treasury_real_yield_curve_2016.xml
2016-10-13,3451,-0.23,-0.07,0.12,0.51,0.71,2016,daily_treasury_real_yield_curve_2016.xml
2016-10-14,3452,-0.25,-0.07,0.13,0.53,0.74,2016,daily_treasury_real_yield_curve_2016.xml
2016-10-17,3453,-0.29,-0.12,0.09,0.49,0.68,2016,daily_treasury_real_yield_curve_2016.xml
2016-10-18,3454,-0.3,-0.12,0.09,0.49,0.68,2016,daily_treasury_real_yield_curve_2016.xml
2016-10-19,3455,-0.32,-0.14,0.08,0.49,0.68,2016,daily_treasury_real_yield_curve_2016.xml
2016-10-20,3456,-0.3,-0.12,0.08,0.48,0.68,2016,daily_treasury_real_yield_curve_2016.xml
2016-10-21,3457,-0.31,-0.13,0.07,0.46,0.66,2016,daily_treasury_real_yield_curve_2016.xml
2016-10-24,3458,-0.26,-0.09,0.11,0.49,0.69,2016,daily_treasury_real_yield_curve_2016.xml
2016-10-25,3459,-0.28,-0.13,0.07,0.46,0.65,2016,daily_treasury_real_yield_curve_2016.xml
2016-10-26,3460,-0.28,-0.12,0.08,0.47,0.65,2016,daily_treasury_real_yield_curve_2016.xml
2016-10-27,3461,-0.24,-0.07,0.13,0.52,0.72,2016,daily_treasury_real_yield_curve_2016.xml
2016-10-28,3462,-0.27,-0.09,0.13,0.55,0.74,2016,daily_treasury_real_yield_curve_2016.xml
2016-10-31,3463,-0.28,-0.1,0.11,0.51,0.7,2016,daily_treasury_real_yield_curve_2016.xml
2016-11-01,3464,-0.29,-0.1,0.11,0.51,0.69,2016,daily_treasury_real_yield_curve_2016.xml
2016-11-02,3465,-0.29,-0.11,0.11,0.51,0.7,2016,daily_treasury_real_yield_curve_2016.xml
2016-11-03,3466,-0.26,-0.08,0.14,0.56,0.75,2016,daily_treasury_real_yield_curve_2016.xml
2016-11-04,3467,-0.28,-0.11,0.11,0.54,0.72,2016,daily_treasury_real_yield_curve_2016.xml
2016-11-07,3468,-0.27,-0.09,0.12,0.51,0.71,2016,daily_treasury_real_yield_curve_2016.xml
2016-11-08,3469,-0.23,-0.05,0.15,0.54,0.73,2016,daily_treasury_real_yield_curve_2016.xml
2016-11-09,3470,-0.18,0,0.25,0.69,0.83,2016,daily_treasury_real_yield_curve_2016.xml
2016-11-10,3471,-0.14,0.04,0.27,0.7,0.87,2016,daily_treasury_real_yield_curve_2016.xml
2016-11-14,3472,0.01,0.19,0.4,0.79,0.96,2016,daily_treasury_real_yield_curve_2016.xml
2016-11-15,3473,0.01,0.19,0.41,0.79,0.95,2016,daily_treasury_real_yield_curve_2016.xml
2016-11-16,3474,0.02,0.2,0.39,0.75,0.92,2016,daily_treasury_real_yield_curve_2016.xml
2016-11-17,3475,0.02,0.21,0.42,0.8,0.96,2016,daily_treasury_real_yield_curve_2016.xml
2016-11-18,3476,0.06,0.24,0.44,0.79,0.94,2016,daily_treasury_real_yield_curve_2016.xml
2016-11-21,3477,0.05,0.23,0.42,0.75,0.92,2016,daily_treasury_real_yield_curve_2016.xml
2016-11-22,3478,0.02,0.21,0.41,0.76,0.93,2016,daily_treasury_real_yield_curve_2016.xml
2016-11-23,3479,0.09,0.26,0.44,0.77,0.93,2016,daily_treasury_real_yield_curve_2016.xml
2016-11-25,3480,0.09,0.26,0.47,0.8,0.93,2016,daily_treasury_real_yield_curve_2016.xml
2016-11-28,3481,0.11,0.28,0.47,0.8,0.95,2016,daily_treasury_real_yield_curve_2016.xml
2016-11-29,3482,0.09,0.27,0.44,0.76,0.92,2016,daily_treasury_real_yield_curve_2016.xml
2016-11-30,3483,0.06,0.25,0.43,0.75,0.91,2016,daily_treasury_real_yield_curve_2016.xml
2016-12-01,3484,0.09,0.28,0.48,0.81,0.95,2016,daily_treasury_real_yield_curve_2016.xml
2016-12-02,3485,0.08,0.28,0.49,0.82,0.98,2016,daily_treasury_real_yield_curve_2016.xml
2016-12-05,3486,0.05,0.25,0.45,0.78,0.94,2016,daily_treasury_real_yield_curve_2016.xml
2016-12-06,3487,0.04,0.23,0.44,0.79,0.94,2016,daily_treasury_real_yield_curve_2016.xml
2016-12-07,3488,0.02,0.22,0.42,0.76,0.91,2016,daily_treasury_real_yield_curve_2016.xml
2016-12-08,3489,0,0.22,0.45,0.82,0.98,2016,daily_treasury_real_yield_curve_2016.xml
2016-12-09,3490,0.06,0.28,0.51,0.88,1.04,2016,daily_treasury_real_yield_curve_2016.xml
2016-12-12,3491,0.04,0.27,0.51,0.89,1.04,2016,daily_treasury_real_yield_curve_2016.xml
2016-12-13,3492,0.06,0.25,0.53,0.98,1.04,2016,daily_treasury_real_yield_curve_2016.xml
2016-12-14,3493,0.2,0.4,0.6,0.92,1.07,2016,daily_treasury_real_yield_curve_2016.xml
2016-12-15,3494,0.32,0.52,0.7,1,1.15,2016,daily_treasury_real_yield_curve_2016.xml
2016-12-16,3495,0.32,0.54,0.74,1.05,1.2,2016,daily_treasury_real_yield_curve_2016.xml
2016-12-19,3496,0.29,0.51,0.68,0.98,1.13,2016,daily_treasury_real_yield_curve_2016.xml
2016-12-20,3497,0.26,0.49,0.67,0.98,1.14,2016,daily_treasury_real_yield_curve_2016.xml
2016-12-21,3498,0.3,0.52,0.64,0.93,1.1,2016,daily_treasury_real_yield_curve_2016.xml
2016-12-22,3499,0.18,0.41,0.6,0.91,1.06,2016,daily_treasury_real_yield_curve_2016.xml
2016-12-23,3500,0.2,0.42,0.58,0.87,1.03,2016,daily_treasury_real_yield_curve_2016.xml
2016-12-27,3501,0.19,0.41,0.58,0.89,1.04,2016,daily_treasury_real_yield_curve_2016.xml
2016-12-28,3502,0.17,0.4,0.56,0.86,1.02,2016,daily_treasury_real_yield_curve_2016.xml
2016-12-29,3503,0.15,0.38,0.55,0.86,1.02,2016,daily_treasury_real_yield_curve_2016.xml
2016-12-30,3504,0.09,0.33,0.5,0.82,0.99,2016,daily_treasury_real_yield_curve_2016.xml
2017-01-03,3505,0.08,0.3,0.47,0.78,0.94,2017,daily_treasury_real_yield_curve_2017.xml
2017-01-04,3506,0.08,0.3,0.47,0.78,0.95,2017,daily_treasury_real_yield_curve_2017.xml
2017-01-05,3507,0.03,0.26,0.42,0.73,0.89,2017,daily_treasury_real_yield_curve_2017.xml
2017-01-06,3508,0.08,0.3,0.46,0.76,0.93,2017,daily_treasury_real_yield_curve_2017.xml
2017-01-09,3509,0.04,0.26,0.43,0.74,0.91,2017,daily_treasury_real_yield_curve_2017.xml
2017-01-10,3510,0.05,0.28,0.43,0.74,0.91,2017,daily_treasury_real_yield_curve_2017.xml
2017-01-11,3511,0.04,0.27,0.39,0.71,0.88,2017,daily_treasury_real_yield_curve_2017.xml
2017-01-12,3512,0,0.23,0.38,0.7,0.87,2017,daily_treasury_real_yield_curve_2017.xml
2017-01-13,3513,0.05,0.28,0.41,0.72,0.89,2017,daily_treasury_real_yield_curve_2017.xml
2017-01-17,3514,0,0.24,0.36,0.68,0.87,2017,daily_treasury_real_yield_curve_2017.xml
2017-01-18,3515,0.07,0.3,0.42,0.74,0.92,2017,daily_treasury_real_yield_curve_2017.xml
2017-01-19,3516,0.07,0.3,0.43,0.75,0.93,2017,daily_treasury_real_yield_curve_2017.xml
2017-01-20,3517,0.03,0.28,0.44,0.76,0.94,2017,daily_treasury_real_yield_curve_2017.xml
2017-01-23,3518,0.02,0.28,0.39,0.71,0.89,2017,daily_treasury_real_yield_curve_2017.xml
2017-01-24,3519,0.01,0.26,0.41,0.75,0.93,2017,daily_treasury_real_yield_curve_2017.xml
2017-01-25,3520,0.03,0.29,0.45,0.78,0.96,2017,daily_treasury_real_yield_curve_2017.xml
2017-01-26,3521,0.01,0.27,0.43,0.76,0.94,2017,daily_treasury_real_yield_curve_2017.xml
2017-01-27,3522,-0.02,0.25,0.41,0.74,0.91,2017,daily_treasury_real_yield_curve_2017.xml
2017-01-30,3523,-0.01,0.26,0.42,0.76,0.94,2017,daily_treasury_real_yield_curve_2017.xml
2017-01-31,3524,-0.04,0.24,0.4,0.74,0.93,2017,daily_treasury_real_yield_curve_2017.xml
2017-02-01,3525,0.01,0.31,0.43,0.77,0.96,2017,daily_treasury_real_yield_curve_2017.xml
2017-02-02,3526,-0.01,0.3,0.43,0.79,0.98,2017,daily_treasury_real_yield_curve_2017.xml
2017-02-03,3527,0.02,0.33,0.44,0.81,1.01,2017,daily_treasury_real_yield_curve_2017.xml
2017-02-06,3528,-0.05,0.24,0.4,0.78,0.98,2017,daily_treasury_real_yield_curve_2017.xml
2017-02-07,3529,-0.02,0.26,0.4,0.76,0.96,2017,daily_treasury_real_yield_curve_2017.xml
2017-02-08,3530,-0.01,0.26,0.38,0.72,0.91,2017,daily_treasury_real_yield_curve_2017.xml
2017-02-09,3531,0.02,0.29,0.41,0.75,0.93,2017,daily_treasury_real_yield_curve_2017.xml
2017-02-10,3532,0.02,0.29,0.4,0.72,0.9,2017,daily_treasury_real_yield_curve_2017.xml
2017-02-13,3533,0.05,0.32,0.43,0.74,0.91,2017,daily_treasury_real_yield_curve_2017.xml
2017-02-14,3534,0.11,0.37,0.46,0.77,0.94,2017,daily_treasury_real_yield_curve_2017.xml
2017-02-15,3535,0.08,0.34,0.45,0.76,0.93,2017,daily_treasury_real_yield_curve_2017.xml
2017-02-16,3536,0.05,0.33,0.43,0.75,0.95,2017,daily_treasury_real_yield_curve_2017.xml
2017-02-17,3537,0.07,0.34,0.41,0.72,0.91,2017,daily_treasury_real_yield_curve_2017.xml
2017-02-21,3538,0.06,0.34,0.4,0.72,0.92,2017,daily_treasury_real_yield_curve_2017.xml
2017-02-22,3539,0,0.27,0.38,0.71,0.91,2017,daily_treasury_real_yield_curve_2017.xml
2017-02-23,3540,-0.03,0.24,0.35,0.69,0.89,2017,daily_treasury_real_yield_curve_2017.xml
2017-02-24,3541,-0.1,0.17,0.31,0.64,0.85,2017,daily_treasury_real_yield_curve_2017.xml
2017-02-27,3542,0.01,0.27,0.35,0.67,0.88,2017,daily_treasury_real_yield_curve_2017.xml
2017-02-28,3543,0,0.25,0.34,0.66,0.87,2017,daily_treasury_real_yield_curve_2017.xml
2017-03-01,3544,0.15,0.41,0.43,0.75,0.94,2017,daily_treasury_real_yield_curve_2017.xml
2017-03-02,3545,0.19,0.44,0.48,0.79,0.98,2017,daily_treasury_real_yield_curve_2017.xml
2017-03-03,3546,0.1,0.36,0.45,0.77,0.96,2017,daily_treasury_real_yield_curve_2017.xml
2017-03-06,3547,0.12,0.38,0.48,0.8,0.99,2017,daily_treasury_real_yield_curve_2017.xml
2017-03-07,3548,0.13,0.39,0.49,0.81,1.01,2017,daily_treasury_real_yield_curve_2017.xml
2017-03-08,3549,0.18,0.44,0.56,0.87,1.06,2017,daily_treasury_real_yield_curve_2017.xml
2017-03-09,3550,0.24,0.5,0.6,0.9,1.09,2017,daily_treasury_real_yield_curve_2017.xml
2017-03-10,3551,0.21,0.47,0.57,0.88,1.06,2017,daily_treasury_real_yield_curve_2017.xml
2017-03-13,3552,0.28,0.54,0.61,0.9,1.09,2017,daily_treasury_real_yield_curve_2017.xml
2017-03-14,3553,0.25,0.5,0.61,0.91,1.08,2017,daily_treasury_real_yield_curve_2017.xml
2017-03-15,3554,0.18,0.45,0.5,0.81,1,2017,daily_treasury_real_yield_curve_2017.xml
2017-03-16,3555,0.18,0.44,0.51,0.82,1.02,2017,daily_treasury_real_yield_curve_2017.xml
2017-03-17,3556,0.14,0.4,0.49,0.82,1.01,2017,daily_treasury_real_yield_curve_2017.xml
2017-03-20,3557,0.14,0.4,0.47,0.79,1,2017,daily_treasury_real_yield_curve_2017.xml
2017-03-21,3558,0.16,0.42,0.45,0.78,0.99,2017,daily_treasury_real_yield_curve_2017.xml
2017-03-22,3559,0.16,0.42,0.43,0.76,0.96,2017,daily_treasury_real_yield_curve_2017.xml
2017-03-23,3560,0.2,0.41,0.46,0.73,0.96,2017,daily_treasury_real_yield_curve_2017.xml
2017-03-24,3561,0.2,0.37,0.42,0.68,0.91,2017,daily_treasury_real_yield_curve_2017.xml
2017-03-27,3562,0.18,0.37,0.41,0.67,0.9,2017,daily_treasury_real_yield_curve_2017.xml
2017-03-28,3563,0.24,0.41,0.45,0.71,0.94,2017,daily_treasury_real_yield_curve_2017.xml
2017-03-29,3564,0.13,0.37,0.41,0.72,0.91,2017,daily_treasury_real_yield_curve_2017.xml
2017-03-30,3565,0.15,0.39,0.46,0.77,0.96,2017,daily_treasury_real_yield_curve_2017.xml
2017-03-31,3566,0.16,0.4,0.43,0.74,0.94,2017,daily_treasury_real_yield_curve_2017.xml
2017-04-03,3567,0.15,0.34,0.39,0.67,0.91,2017,daily_treasury_real_yield_curve_2017.xml
2017-04-04,3568,0.11,0.35,0.4,0.72,0.92,2017,daily_treasury_real_yield_curve_2017.xml
2017-04-05,3569,0.08,0.32,0.37,0.69,0.89,2017,daily_treasury_real_yield_curve_2017.xml
2017-04-06,3570,0.16,0.35,0.39,0.67,0.9,2017,daily_treasury_real_yield_curve_2017.xml
2017-04-07,3571,0.22,0.4,0.44,0.71,0.94,2017,daily_treasury_real_yield_curve_2017.xml
2017-04-10,3572,0.22,0.4,0.44,0.71,0.94,2017,daily_treasury_real_yield_curve_2017.xml
2017-04-11,3573,0.14,0.37,0.41,0.72,0.91,2017,daily_treasury_real_yield_curve_2017.xml
2017-04-12,3574,0.12,0.35,0.38,0.69,0.89,2017,daily_treasury_real_yield_curve_2017.xml
2017-04-13,3575,0.03,0.25,0.32,0.65,0.86,2017,daily_treasury_real_yield_curve_2017.xml
2017-04-17,3576,0.1,0.31,0.38,0.7,0.9,2017,daily_treasury_real_yield_curve_2017.xml
2017-04-18,3577,0.06,0.26,0.33,0.65,0.85,2017,daily_treasury_real_yield_curve_2017.xml
2017-04-19,3578,0.08,0.28,0.36,0.69,0.9,2017,daily_treasury_real_yield_curve_2017.xml
2017-04-20,3579,-0.04,0.15,0.39,0.79,0.92,2017,daily_treasury_real_yield_curve_2017.xml
2017-04-21,3580,-0.02,0.17,0.4,0.78,0.93,2017,daily_treasury_real_yield_curve_2017.xml
2017-04-24,3581,0,0.18,0.41,0.8,0.94,2017,daily_treasury_real_yield_curve_2017.xml
2017-04-25,3582,0.02,0.22,0.44,0.8,0.96,2017,daily_treasury_real_yield_curve_2017.xml
2017-04-26,3583,0.01,0.21,0.42,0.76,0.94,2017,daily_treasury_real_yield_curve_2017.xml
2017-04-27,3584,0,0.19,0.39,0.73,0.92,2017,daily_treasury_real_yield_curve_2017.xml
2017-04-28,3585,0,0.18,0.37,0.71,0.9,2017,daily_treasury_real_yield_curve_2017.xml
2017-05-01,3586,0.04,0.23,0.41,0.76,0.96,2017,daily_treasury_real_yield_curve_2017.xml
2017-05-02,3587,0.04,0.23,0.41,0.75,0.95,2017,daily_treasury_real_yield_curve_2017.xml
2017-05-03,3588,0.1,0.28,0.46,0.79,0.98,2017,daily_treasury_real_yield_curve_2017.xml
2017-05-04,3589,0.16,0.34,0.5,0.82,1.02,2017,daily_treasury_real_yield_curve_2017.xml
2017-05-05,3590,0.14,0.31,0.5,0.84,1.01,2017,daily_treasury_real_yield_curve_2017.xml
2017-05-08,3591,0.16,0.36,0.53,0.86,1.05,2017,daily_treasury_real_yield_curve_2017.xml
2017-05-09,3592,0.2,0.4,0.56,0.87,1.06,2017,daily_treasury_real_yield_curve_2017.xml
2017-05-10,3593,0.16,0.36,0.56,0.88,1.05,2017,daily_treasury_real_yield_curve_2017.xml
2017-05-11,3594,0.11,0.33,0.51,0.83,1.02,2017,daily_treasury_real_yield_curve_2017.xml
2017-05-12,3595,0.1,0.32,0.49,0.82,1.01,2017,daily_treasury_real_yield_curve_2017.xml
2017-05-15,3596,0.12,0.32,0.52,0.86,1.05,2017,daily_treasury_real_yield_curve_2017.xml
2017-05-16,3597,0.12,0.33,0.51,0.84,1.04,2017,daily_treasury_real_yield_curve_2017.xml
2017-05-17,3598,0.06,0.26,0.44,0.78,0.97,2017,daily_treasury_real_yield_curve_2017.xml
2017-05-18,3599,0.06,0.26,0.43,0.76,0.96,2017,daily_treasury_real_yield_curve_2017.xml
2017-05-19,3600,0.04,0.25,0.41,0.73,0.92,2017,daily_treasury_real_yield_curve_2017.xml
2017-05-22,3601,0.05,0.25,0.43,0.76,0.95,2017,daily_treasury_real_yield_curve_2017.xml
2017-05-23,3602,0.07,0.29,0.46,0.78,0.96,2017,daily_treasury_real_yield_curve_2017.xml
2017-05-24,3603,0.06,0.28,0.45,0.78,0.97,2017,daily_treasury_real_yield_curve_2017.xml
2017-05-25,3604,0.08,0.31,0.45,0.77,0.97,2017,daily_treasury_real_yield_curve_2017.xml
2017-05-26,3605,0.06,0.28,0.44,0.77,0.96,2017,daily_treasury_real_yield_curve_2017.xml
2017-05-30,3606,0.03,0.25,0.4,0.73,0.93,2017,daily_treasury_real_yield_curve_2017.xml
2017-05-31,3607,0.03,0.23,0.4,0.73,0.92,2017,daily_treasury_real_yield_curve_2017.xml
2017-06-01,3608,0.03,0.23,0.4,0.73,0.92,2017,daily_treasury_real_yield_curve_2017.xml
2017-06-02,3609,-0.01,0.2,0.36,0.68,0.87,2017,daily_treasury_real_yield_curve_2017.xml
2017-06-05,3610,0.02,0.22,0.39,0.72,0.92,2017,daily_treasury_real_yield_curve_2017.xml
2017-06-06,3611,0,0.2,0.37,0.7,0.91,2017,daily_treasury_real_yield_curve_2017.xml
2017-06-07,3612,0.05,0.24,0.4,0.73,0.93,2017,daily_treasury_real_yield_curve_2017.xml
2017-06-08,3613,0.06,0.26,0.41,0.74,0.95,2017,daily_treasury_real_yield_curve_2017.xml
2017-06-09,3614,0.09,0.28,0.43,0.76,0.96,2017,daily_treasury_real_yield_curve_2017.xml
2017-06-12,3615,0.11,0.29,0.46,0.78,0.98,2017,daily_treasury_real_yield_curve_2017.xml
2017-06-13,3616,0.12,0.31,0.46,0.77,0.96,2017,daily_treasury_real_yield_curve_2017.xml
2017-06-14,3617,0.15,0.31,0.44,0.74,0.93,2017,daily_treasury_real_yield_curve_2017.xml
2017-06-15,3618,0.2,0.35,0.49,0.79,0.97,2017,daily_treasury_real_yield_curve_2017.xml
2017-06-16,3619,0.19,0.36,0.49,0.79,0.97,2017,daily_treasury_real_yield_curve_2017.xml
2017-06-19,3620,0.24,0.43,0.52,0.8,0.97,2017,daily_treasury_real_yield_curve_2017.xml
2017-06-20,3621,0.23,0.39,0.5,0.77,0.93,2017,daily_treasury_real_yield_curve_2017.xml
2017-06-21,3622,0.24,0.39,0.5,0.76,0.91,2017,daily_treasury_real_yield_curve_2017.xml
2017-06-22,3623,0.19,0.36,0.46,0.72,0.88,2017,daily_treasury_real_yield_curve_2017.xml
2017-06-23,3624,0.18,0.34,0.45,0.71,0.87,2017,daily_treasury_real_yield_curve_2017.xml
2017-06-26,3625,0.16,0.3,0.43,0.7,0.86,2017,daily_treasury_real_yield_curve_2017.xml
2017-06-27,3626,0.21,0.38,0.5,0.76,0.92,2017,daily_treasury_real_yield_curve_2017.xml
2017-06-28,3627,0.16,0.35,0.49,0.76,0.92,2017,daily_treasury_real_yield_curve_2017.xml
2017-06-29,3628,0.23,0.43,0.55,0.81,0.96,2017,daily_treasury_real_yield_curve_2017.xml
2017-06-30,3629,0.26,0.45,0.58,0.84,0.99,2017,daily_treasury_real_yield_curve_2017.xml
2017-07-03,3630,0.27,0.47,0.6,0.86,1,2017,daily_treasury_real_yield_curve_2017.xml
2017-07-05,3631,0.27,0.48,0.58,0.83,0.98,2017,daily_treasury_real_yield_curve_2017.xml
2017-07-06,3632,0.28,0.48,0.61,0.87,1.02,2017,daily_treasury_real_yield_curve_2017.xml
2017-07-07,3633,0.32,0.52,0.66,0.92,1.06,2017,daily_treasury_real_yield_curve_2017.xml
2017-07-10,3634,0.33,0.52,0.66,0.92,1.07,2017,daily_treasury_real_yield_curve_2017.xml
2017-07-11,3635,0.31,0.51,0.62,0.89,1.05,2017,daily_treasury_real_yield_curve_2017.xml
2017-07-12,3636,0.25,0.44,0.57,0.85,1.01,2017,daily_treasury_real_yield_curve_2017.xml
2017-07-13,3637,0.25,0.43,0.58,0.87,1.03,2017,daily_treasury_real_yield_curve_2017.xml
2017-07-14,3638,0.25,0.45,0.57,0.86,1.03,2017,daily_treasury_real_yield_curve_2017.xml
2017-07-17,3639,0.22,0.41,0.54,0.83,1,2017,daily_treasury_real_yield_curve_2017.xml
2017-07-18,3640,0.2,0.38,0.51,0.8,0.97,2017,daily_treasury_real_yield_curve_2017.xml
2017-07-19,3641,0.18,0.38,0.51,0.8,0.96,2017,daily_treasury_real_yield_curve_2017.xml
2017-07-20,3642,0.2,0.37,0.5,0.8,0.98,2017,daily_treasury_real_yield_curve_2017.xml
2017-07-21,3643,0.19,0.34,0.48,0.78,0.96,2017,daily_treasury_real_yield_curve_2017.xml
2017-07-24,3644,0.21,0.39,0.48,0.78,0.97,2017,daily_treasury_real_yield_curve_2017.xml
2017-07-25,3645,0.23,0.39,0.52,0.83,1.03,2017,daily_treasury_real_yield_curve_2017.xml
2017-07-26,3646,0.17,0.35,0.49,0.8,1,2017,daily_treasury_real_yield_curve_2017.xml
2017-07-27,3647,0.16,0.35,0.49,0.82,1.02,2017,daily_treasury_real_yield_curve_2017.xml
2017-07-28,3648,0.15,0.34,0.47,0.79,0.99,2017,daily_treasury_real_yield_curve_2017.xml
2017-07-31,3649,0.17,0.35,0.48,0.8,1,2017,daily_treasury_real_yield_curve_2017.xml
2017-08-01,3650,0.18,0.38,0.47,0.78,0.98,2017,daily_treasury_real_yield_curve_2017.xml
2017-08-02,3651,0.19,0.39,0.48,0.78,0.98,2017,daily_treasury_real_yield_curve_2017.xml
2017-08-03,3652,0.17,0.38,0.46,0.76,0.96,2017,daily_treasury_real_yield_curve_2017.xml
2017-08-04,3653,0.17,0.38,0.47,0.78,0.97,2017,daily_treasury_real_yield_curve_2017.xml
2017-08-07,3654,0.16,0.37,0.46,0.76,0.96,2017,daily_treasury_real_yield_curve_2017.xml
2017-08-08,3655,0.15,0.37,0.46,0.77,0.96,2017,daily_treasury_real_yield_curve_2017.xml
2017-08-09,3656,0.11,0.31,0.42,0.73,0.92,2017,daily_treasury_real_yield_curve_2017.xml
2017-08-10,3657,0.1,0.29,0.4,0.7,0.89,2017,daily_treasury_real_yield_curve_2017.xml
2017-08-11,3658,0.1,0.3,0.4,0.71,0.91,2017,daily_treasury_real_yield_curve_2017.xml
2017-08-14,3659,0.18,0.39,0.45,0.75,0.94,2017,daily_treasury_real_yield_curve_2017.xml
2017-08-15,3660,0.2,0.37,0.49,0.79,0.97,2017,daily_treasury_real_yield_curve_2017.xml
2017-08-16,3661,0.17,0.34,0.45,0.75,0.94,2017,daily_treasury_real_yield_curve_2017.xml
2017-08-17,3662,0.15,0.32,0.42,0.73,0.92,2017,daily_treasury_real_yield_curve_2017.xml
2017-08-18,3663,0.16,0.33,0.43,0.73,0.93,2017,daily_treasury_real_yield_curve_2017.xml
2017-08-21,3664,0.17,0.34,0.43,0.73,0.92,2017,daily_treasury_real_yield_curve_2017.xml
2017-08-22,3665,0.19,0.37,0.45,0.74,0.93,2017,daily_treasury_real_yield_curve_2017.xml
2017-08-23,3666,0.18,0.39,0.42,0.71,0.91,2017,daily_treasury_real_yield_curve_2017.xml
2017-08-24,3667,0.18,0.36,0.44,0.73,0.92,2017,daily_treasury_real_yield_curve_2017.xml
2017-08-25,3668,0.2,0.39,0.42,0.72,0.91,2017,daily_treasury_real_yield_curve_2017.xml
2017-08-28,3669,0.18,0.37,0.41,0.71,0.92,2017,daily_treasury_real_yield_curve_2017.xml
2017-08-29,3670,0.16,0.36,0.39,0.7,0.9,2017,daily_treasury_real_yield_curve_2017.xml
2017-08-30,3671,0.15,0.31,0.39,0.7,0.91,2017,daily_treasury_real_yield_curve_2017.xml
2017-08-31,3672,0.12,0.31,0.36,0.67,0.87,2017,daily_treasury_real_yield_curve_2017.xml
2017-09-01,3673,0.1,0.24,0.37,0.69,0.9,2017,daily_treasury_real_yield_curve_2017.xml
2017-09-05,3674,0.07,0.27,0.3,0.62,0.83,2017,daily_treasury_real_yield_curve_2017.xml
2017-09-06,3675,0.09,0.29,0.32,0.63,0.85,2017,daily_treasury_real_yield_curve_2017.xml
2017-09-07,3676,0.02,0.2,0.26,0.58,0.8,2017,daily_treasury_real_yield_curve_2017.xml
2017-09-08,3677,0.01,0.2,0.25,0.57,0.79,2017,daily_treasury_real_yield_curve_2017.xml
2017-09-11,3678,0.08,0.29,0.31,0.63,0.84,2017,daily_treasury_real_yield_curve_2017.xml
2017-09-12,3679,0.08,0.27,0.33,0.65,0.85,2017,daily_treasury_real_yield_curve_2017.xml
2017-09-13,3680,0.1,0.29,0.35,0.67,0.87,2017,daily_treasury_real_yield_curve_2017.xml
2017-09-14,3681,0.09,0.28,0.35,0.65,0.85,2017,daily_treasury_real_yield_curve_2017.xml
2017-09-15,3682,0.09,0.28,0.35,0.65,0.84,2017,daily_treasury_real_yield_curve_2017.xml
2017-09-18,3683,0.09,0.27,0.36,0.67,0.86,2017,daily_treasury_real_yield_curve_2017.xml
2017-09-19,3684,0.1,0.28,0.37,0.68,0.87,2017,daily_treasury_real_yield_curve_2017.xml
2017-09-20,3685,0.18,0.36,0.43,0.72,0.9,2017,daily_treasury_real_yield_curve_2017.xml
2017-09-21,3686,0.19,0.37,0.44,0.72,0.9,2017,daily_treasury_real_yield_curve_2017.xml
2017-09-22,3687,0.17,0.37,0.42,0.7,0.88,2017,daily_treasury_real_yield_curve_2017.xml
2017-09-25,3688,0.13,0.33,0.38,0.67,0.85,2017,daily_treasury_real_yield_curve_2017.xml
2017-09-26,3689,0.15,0.35,0.4,0.69,0.87,2017,daily_treasury_real_yield_curve_2017.xml
2017-09-27,3690,0.17,0.38,0.44,0.74,0.92,2017,daily_treasury_real_yield_curve_2017.xml
2017-09-28,3691,0.16,0.37,0.44,0.74,0.92,2017,daily_treasury_real_yield_curve_2017.xml
2017-09-29,3692,0.24,0.46,0.49,0.77,0.94,2017,daily_treasury_real_yield_curve_2017.xml
2017-10-02,3693,0.21,0.39,0.51,0.79,0.95,2017,daily_treasury_real_yield_curve_2017.xml
2017-10-03,3694,0.24,0.46,0.49,0.77,0.94,2017,daily_treasury_real_yield_curve_2017.xml
2017-10-04,3695,0.19,0.39,0.48,0.77,0.94,2017,daily_treasury_real_yield_curve_2017.xml
2017-10-05,3696,0.2,0.39,0.49,0.78,0.95,2017,daily_treasury_real_yield_curve_2017.xml
2017-10-06,3697,0.19,0.35,0.5,0.8,0.97,2017,daily_treasury_real_yield_curve_2017.xml
2017-10-10,3698,0.2,0.39,0.47,0.77,0.94,2017,daily_treasury_real_yield_curve_2017.xml
2017-10-11,3699,0.2,0.39,0.46,0.75,0.93,2017,daily_treasury_real_yield_curve_2017.xml
2017-10-12,3700,0.16,0.33,0.44,0.73,0.9,2017,daily_treasury_real_yield_curve_2017.xml
2017-10-13,3701,0.2,0.35,0.43,0.7,0.89,2017,daily_treasury_real_yield_curve_2017.xml
2017-10-16,3702,0.29,0.43,0.46,0.7,0.89,2017,daily_treasury_real_yield_curve_2017.xml
2017-10-17,3703,0.28,0.41,0.48,0.73,0.89,2017,daily_treasury_real_yield_curve_2017.xml
2017-10-18,3704,0.3,0.47,0.5,0.76,0.93,2017,daily_treasury_real_yield_curve_2017.xml
2017-10-19,3705,0.32,0.46,0.49,0.72,0.91,2017,daily_treasury_real_yield_curve_2017.xml
2017-10-20,3706,0.27,0.43,0.52,0.79,0.95,2017,daily_treasury_real_yield_curve_2017.xml
2017-10-23,3707,0.32,0.48,0.52,0.75,0.95,2017,daily_treasury_real_yield_curve_2017.xml
2017-10-24,3708,0.32,0.5,0.55,0.81,0.97,2017,daily_treasury_real_yield_curve_2017.xml
2017-10-25,3709,0.32,0.51,0.56,0.83,0.99,2017,daily_treasury_real_yield_curve_2017.xml
2017-10-26,3710,0.31,0.47,0.57,0.84,1,2017,daily_treasury_real_yield_curve_2017.xml
2017-10-27,3711,0.27,0.44,0.54,0.81,0.97,2017,daily_treasury_real_yield_curve_2017.xml
2017-10-30,3712,0.23,0.41,0.5,0.77,0.93,2017,daily_treasury_real_yield_curve_2017.xml
2017-10-31,3713,0.22,0.38,0.5,0.77,0.92,2017,daily_treasury_real_yield_curve_2017.xml
2017-11-01,3714,0.3,0.46,0.49,0.72,0.91,2017,daily_treasury_real_yield_curve_2017.xml
2017-11-02,3715,0.21,0.37,0.48,0.74,0.89,2017,daily_treasury_real_yield_curve_2017.xml
2017-11-03,3716,0.25,0.41,0.48,0.73,0.88,2017,daily_treasury_real_yield_curve_2017.xml
2017-11-06,3717,0.22,0.38,0.46,0.71,0.87,2017,daily_treasury_real_yield_curve_2017.xml
2017-11-07,3718,0.19,0.34,0.44,0.69,0.84,2017,daily_treasury_real_yield_curve_2017.xml
2017-11-08,3719,0.24,0.39,0.45,0.69,0.84,2017,daily_treasury_real_yield_curve_2017.xml
2017-11-09,3720,0.21,0.36,0.46,0.71,0.86,2017,daily_treasury_real_yield_curve_2017.xml
2017-11-10,3721,0.28,0.45,0.52,0.77,0.92,2017,daily_treasury_real_yield_curve_2017.xml
2017-11-13,3722,0.29,0.44,0.52,0.76,0.91,2017,daily_treasury_real_yield_curve_2017.xml
2017-11-14,3723,0.27,0.41,0.51,0.75,0.89,2017,daily_treasury_real_yield_curve_2017.xml
2017-11-15,3724,0.26,0.4,0.48,0.71,0.85,2017,daily_treasury_real_yield_curve_2017.xml
2017-11-16,3725,0.28,0.43,0.53,0.74,0.87,2017,daily_treasury_real_yield_curve_2017.xml
2017-11-17,3726,0.31,0.45,0.49,0.71,0.85,2017,daily_treasury_real_yield_curve_2017.xml
2017-11-20,3727,0.35,0.48,0.52,0.72,0.85,2017,daily_treasury_real_yield_curve_2017.xml
2017-11-21,3728,0.36,0.47,0.52,0.72,0.84,2017,daily_treasury_real_yield_curve_2017.xml
2017-11-22,3729,0.3,0.42,0.48,0.69,0.82,2017,daily_treasury_real_yield_curve_2017.xml
2017-11-24,3730,0.36,0.49,0.5,0.71,0.85,2017,daily_treasury_real_yield_curve_2017.xml
2017-11-27,3731,0.37,0.46,0.49,0.69,0.84,2017,daily_treasury_real_yield_curve_2017.xml
2017-11-28,3732,0.38,0.48,0.5,0.7,0.85,2017,daily_treasury_real_yield_curve_2017.xml
2017-11-29,3733,0.4,0.52,0.53,0.75,0.88,2017,daily_treasury_real_yield_curve_2017.xml
2017-11-30,3734,0.41,0.52,0.56,0.76,0.88,2017,daily_treasury_real_yield_curve_2017.xml
2017-12-01,3735,0.41,0.5,0.51,0.69,0.81,2017,daily_treasury_real_yield_curve_2017.xml
2017-12-04,3736,0.39,0.47,0.5,0.68,0.8,2017,daily_treasury_real_yield_curve_2017.xml
2017-12-05,3737,0.46,0.48,0.5,0.65,0.78,2017,daily_treasury_real_yield_curve_2017.xml
2017-12-06,3738,0.37,0.44,0.47,0.65,0.77,2017,daily_treasury_real_yield_curve_2017.xml
2017-12-07,3739,0.4,0.49,0.5,0.69,0.81,2017,daily_treasury_real_yield_curve_2017.xml
2017-12-08,3740,0.43,0.48,0.5,0.68,0.81,2017,daily_treasury_real_yield_curve_2017.xml
2017-12-11,3741,0.4,0.49,0.51,0.7,0.82,2017,daily_treasury_real_yield_curve_2017.xml
2017-12-12,3742,0.4,0.49,0.51,0.69,0.81,2017,daily_treasury_real_yield_curve_2017.xml
2017-12-13,3743,0.38,0.46,0.48,0.67,0.79,2017,daily_treasury_real_yield_curve_2017.xml
2017-12-14,3744,0.38,0.45,0.48,0.65,0.77,2017,daily_treasury_real_yield_curve_2017.xml
2017-12-15,3745,0.39,0.44,0.47,0.63,0.75,2017,daily_treasury_real_yield_curve_2017.xml
2017-12-18,3746,0.46,0.48,0.5,0.66,0.79,2017,daily_treasury_real_yield_curve_2017.xml
2017-12-19,3747,0.49,0.53,0.55,0.71,0.84,2017,daily_treasury_real_yield_curve_2017.xml
2017-12-20,3748,0.5,0.56,0.57,0.75,0.89,2017,daily_treasury_real_yield_curve_2017.xml
2017-12-21,3749,0.42,0.5,0.55,0.73,0.85,2017,daily_treasury_real_yield_curve_2017.xml
2017-12-22,3750,0.44,0.51,0.54,0.72,0.84,2017,daily_treasury_real_yield_curve_2017.xml
2017-12-26,3751,0.49,0.51,0.53,0.7,0.83,2017,daily_treasury_real_yield_curve_2017.xml
2017-12-27,3752,0.4,0.47,0.48,0.64,0.76,2017,daily_treasury_real_yield_curve_2017.xml
2017-12-28,3753,0.37,0.43,0.47,0.64,0.75,2017,daily_treasury_real_yield_curve_2017.xml
2017-12-29,3754,0.34,0.4,0.44,0.61,0.73,2017,daily_treasury_real_yield_curve_2017.xml
2018-01-02,3755,0.35,0.42,0.46,0.64,0.77,2018,daily_treasury_real_yield_curve_2018.xml
2018-01-03,3756,0.38,0.44,0.46,0.63,0.76,2018,daily_treasury_real_yield_curve_2018.xml
2018-01-04,3757,0.35,0.41,0.45,0.62,0.75,2018,daily_treasury_real_yield_curve_2018.xml
2018-01-05,3758,0.34,0.41,0.46,0.63,0.76,2018,daily_treasury_real_yield_curve_2018.xml
2018-01-08,3759,0.38,0.45,0.47,0.65,0.77,2018,daily_treasury_real_yield_curve_2018.xml
2018-01-09,3760,0.38,0.46,0.52,0.7,0.82,2018,daily_treasury_real_yield_curve_2018.xml
2018-01-10,3761,0.38,0.47,0.52,0.7,0.82,2018,daily_treasury_real_yield_curve_2018.xml
2018-01-11,3762,0.43,0.51,0.54,0.71,0.83,2018,daily_treasury_real_yield_curve_2018.xml
2018-01-12,3763,0.43,0.51,0.54,0.7,0.81,2018,daily_treasury_real_yield_curve_2018.xml
2018-01-16,3764,0.42,0.48,0.51,0.67,0.78,2018,daily_treasury_real_yield_curve_2018.xml
2018-01-17,3765,0.49,0.51,0.53,0.67,0.79,2018,daily_treasury_real_yield_curve_2018.xml
2018-01-18,3766,0.44,0.53,0.57,0.72,0.81,2018,daily_treasury_real_yield_curve_2018.xml
2018-01-19,3767,0.45,0.53,0.58,0.72,0.81,2018,daily_treasury_real_yield_curve_2018.xml
2018-01-22,3768,0.46,0.55,0.6,0.74,0.83,2018,daily_treasury_real_yield_curve_2018.xml
2018-01-23,3769,0.51,0.56,0.57,0.71,0.81,2018,daily_treasury_real_yield_curve_2018.xml
2018-01-24,3770,0.47,0.57,0.58,0.73,0.82,2018,daily_treasury_real_yield_curve_2018.xml
2018-01-25,3771,0.5,0.55,0.56,0.69,0.79,2018,daily_treasury_real_yield_curve_2018.xml
2018-01-26,3772,0.54,0.57,0.57,0.7,0.8,2018,daily_treasury_real_yield_curve_2018.xml
2018-01-29,3773,0.57,0.61,0.61,0.73,0.81,2018,daily_treasury_real_yield_curve_2018.xml
2018-01-30,3774,0.54,0.63,0.63,0.76,0.84,2018,daily_treasury_real_yield_curve_2018.xml
2018-01-31,3775,0.54,0.6,0.61,0.72,0.8,2018,daily_treasury_real_yield_curve_2018.xml
2018-02-01,3776,0.63,0.67,0.67,0.78,0.86,2018,daily_treasury_real_yield_curve_2018.xml
2018-02-02,3777,0.65,0.7,0.7,0.82,0.9,2018,daily_treasury_real_yield_curve_2018.xml
2018-02-05,3778,0.55,0.65,0.67,0.81,0.89,2018,daily_treasury_real_yield_curve_2018.xml
2018-02-06,3779,0.64,0.69,0.69,0.82,0.91,2018,daily_treasury_real_yield_curve_2018.xml
2018-02-07,3780,0.67,0.73,0.74,0.86,0.96,2018,daily_treasury_real_yield_curve_2018.xml
2018-02-08,3781,0.68,0.76,0.76,0.89,0.99,2018,daily_treasury_real_yield_curve_2018.xml
2018-02-09,3782,0.69,0.77,0.78,0.91,1.01,2018,daily_treasury_real_yield_curve_2018.xml
2018-02-12,3783,0.72,0.79,0.79,0.92,1.01,2018,daily_treasury_real_yield_curve_2018.xml
2018-02-13,3784,0.66,0.77,0.78,0.91,0.99,2018,daily_treasury_real_yield_curve_2018.xml
2018-02-14,3785,0.74,0.82,0.82,0.94,1.02,2018,daily_treasury_real_yield_curve_2018.xml
2018-02-15,3786,0.65,0.76,0.79,0.93,1.02,2018,daily_treasury_real_yield_curve_2018.xml
2018-02-16,3787,0.63,0.75,0.78,0.92,1.01,2018,daily_treasury_real_yield_curve_2018.xml
2018-02-20,3788,0.61,0.72,0.78,0.92,1.01,2018,daily_treasury_real_yield_curve_2018.xml
2018-02-21,3789,0.63,0.75,0.82,0.97,1.06,2018,daily_treasury_real_yield_curve_2018.xml
2018-02-22,3790,0.6,0.72,0.81,0.96,1.06,2018,daily_treasury_real_yield_curve_2018.xml
2018-02-23,3791,0.58,0.7,0.76,0.92,1.03,2018,daily_treasury_real_yield_curve_2018.xml
2018-02-26,3792,0.53,0.65,0.73,0.9,1.01,2018,daily_treasury_real_yield_curve_2018.xml
2018-02-27,3793,0.58,0.69,0.77,0.92,1.02,2018,daily_treasury_real_yield_curve_2018.xml
2018-02-28,3794,0.61,0.71,0.75,0.9,0.99,2018,daily_treasury_real_yield_curve_2018.xml
2018-03-01,3795,0.55,0.66,0.71,0.86,0.96,2018,daily_treasury_real_yield_curve_2018.xml
2018-03-02,3796,0.6,0.73,0.74,0.89,0.98,2018,daily_treasury_real_yield_curve_2018.xml
2018-03-05,3797,0.6,0.73,0.75,0.91,1.01,2018,daily_treasury_real_yield_curve_2018.xml
2018-03-06,3798,0.55,0.68,0.76,0.91,1.01,2018,daily_treasury_real_yield_curve_2018.xml
2018-03-07,3799,0.55,0.68,0.76,0.93,1.03,2018,daily_treasury_real_yield_curve_2018.xml
2018-03-08,3800,0.55,0.68,0.75,0.9,1,2018,daily_treasury_real_yield_curve_2018.xml
2018-03-09,3801,0.69,0.77,0.78,0.92,1.03,2018,daily_treasury_real_yield_curve_2018.xml
2018-03-12,3802,0.62,0.74,0.77,0.92,1.01,2018,daily_treasury_real_yield_curve_2018.xml
2018-03-13,3803,0.57,0.69,0.75,0.9,1,2018,daily_treasury_real_yield_curve_2018.xml
2018-03-14,3804,0.57,0.69,0.74,0.88,0.97,2018,daily_treasury_real_yield_curve_2018.xml
2018-03-15,3805,0.55,0.66,0.74,0.88,0.97,2018,daily_treasury_real_yield_curve_2018.xml
2018-03-16,3806,0.6,0.71,0.77,0.91,1,2018,daily_treasury_real_yield_curve_2018.xml
2018-03-19,3807,0.61,0.72,0.77,0.91,1,2018,daily_treasury_real_yield_curve_2018.xml
2018-03-20,3808,0.64,0.74,0.81,0.94,1.03,2018,daily_treasury_real_yield_curve_2018.xml
2018-03-21,3809,0.73,0.8,0.8,0.92,1.03,2018,daily_treasury_real_yield_curve_2018.xml
2018-03-22,3810,0.6,0.71,0.75,0.89,0.97,2018,daily_treasury_real_yield_curve_2018.xml
2018-03-23,3811,0.6,0.72,0.75,0.89,0.98,2018,daily_treasury_real_yield_curve_2018.xml
2018-03-26,3812,0.63,0.74,0.77,0.91,0.99,2018,daily_treasury_real_yield_curve_2018.xml
2018-03-27,3813,0.64,0.71,0.71,0.84,0.95,2018,daily_treasury_real_yield_curve_2018.xml
2018-03-28,3814,0.68,0.72,0.72,0.84,0.94,2018,daily_treasury_real_yield_curve_2018.xml
2018-03-29,3815,0.64,0.69,0.69,0.81,0.9,2018,daily_treasury_real_yield_curve_2018.xml
2018-04-02,3816,0.56,0.64,0.68,0.81,0.9,2018,daily_treasury_real_yield_curve_2018.xml
2018-04-03,3817,0.61,0.7,0.71,0.84,0.92,2018,daily_treasury_real_yield_curve_2018.xml
2018-04-04,3818,0.57,0.66,0.71,0.85,0.93,2018,daily_treasury_real_yield_curve_2018.xml
2018-04-05,3819,0.71,0.75,0.75,0.87,0.97,2018,daily_treasury_real_yield_curve_2018.xml
2018-04-06,3820,0.57,0.66,0.7,0.83,0.92,2018,daily_treasury_real_yield_curve_2018.xml
2018-04-09,3821,0.58,0.67,0.71,0.83,0.92,2018,daily_treasury_real_yield_curve_2018.xml
2018-04-10,3822,0.62,0.7,0.72,0.84,0.92,2018,daily_treasury_real_yield_curve_2018.xml
2018-04-11,3823,0.56,0.63,0.68,0.8,0.88,2018,daily_treasury_real_yield_curve_2018.xml
2018-04-12,3824,0.62,0.69,0.7,0.82,0.9,2018,daily_treasury_real_yield_curve_2018.xml
2018-04-13,3825,0.66,0.69,0.69,0.79,0.88,2018,daily_treasury_real_yield_curve_2018.xml
2018-04-16,3826,0.61,0.67,0.71,0.81,0.89,2018,daily_treasury_real_yield_curve_2018.xml
2018-04-17,3827,0.67,0.68,0.68,0.78,0.85,2018,daily_treasury_real_yield_curve_2018.xml
2018-04-18,3828,0.69,0.71,0.71,0.81,0.89,2018,daily_treasury_real_yield_curve_2018.xml
2018-04-19,3829,0.65,0.74,0.75,0.84,0.92,2018,daily_treasury_real_yield_curve_2018.xml
2018-04-20,3830,0.7,0.78,0.79,0.88,0.96,2018,daily_treasury_real_yield_curve_2018.xml
2018-04-23,3831,0.72,0.79,0.8,0.89,0.97,2018,daily_treasury_real_yield_curve_2018.xml
2018-04-24,3832,0.73,0.83,0.83,0.93,1.01,2018,daily_treasury_real_yield_curve_2018.xml
2018-04-25,3833,0.75,0.86,0.86,0.95,1.03,2018,daily_treasury_real_yield_curve_2018.xml
2018-04-26,3834,0.72,0.82,0.82,0.92,0.99,2018,daily_treasury_real_yield_curve_2018.xml
2018-04-27,3835,0.71,0.79,0.79,0.87,0.93,2018,daily_treasury_real_yield_curve_2018.xml
2018-04-30,3836,0.69,0.76,0.78,0.86,0.91,2018,daily_treasury_real_yield_curve_2018.xml
2018-05-01,3837,0.73,0.8,0.81,0.89,0.94,2018,daily_treasury_real_yield_curve_2018.xml
2018-05-02,3838,0.71,0.8,0.8,0.89,0.95,2018,daily_treasury_real_yield_curve_2018.xml
2018-05-03,3839,0.69,0.77,0.78,0.88,0.94,2018,daily_treasury_real_yield_curve_2018.xml
2018-05-04,3840,0.69,0.79,0.79,0.87,0.94,2018,daily_treasury_real_yield_curve_2018.xml
2018-05-07,3841,0.67,0.76,0.78,0.88,0.94,2018,daily_treasury_real_yield_curve_2018.xml
2018-05-08,3842,0.71,0.81,0.81,0.89,0.96,2018,daily_treasury_real_yield_curve_2018.xml
2018-05-09,3843,0.71,0.82,0.82,0.91,0.97,2018,daily_treasury_real_yield_curve_2018.xml
2018-05-10,3844,0.71,0.8,0.8,0.88,0.94,2018,daily_treasury_real_yield_curve_2018.xml
2018-05-11,3845,0.71,0.82,0.82,0.88,0.94,2018,daily_treasury_real_yield_curve_2018.xml
2018-05-14,3846,0.73,0.85,0.85,0.92,0.97,2018,daily_treasury_real_yield_curve_2018.xml
2018-05-15,3847,0.77,0.9,0.9,0.97,1.02,2018,daily_treasury_real_yield_curve_2018.xml
2018-05-16,3848,0.78,0.92,0.92,0.98,1.02,2018,daily_treasury_real_yield_curve_2018.xml
2018-05-17,3849,0.78,0.9,0.95,1.02,1.07,2018,daily_treasury_real_yield_curve_2018.xml
2018-05-18,3850,0.76,0.87,0.91,0.99,1.04,2018,daily_treasury_real_yield_curve_2018.xml
2018-05-21,3851,0.75,0.86,0.9,0.99,1.03,2018,daily_treasury_real_yield_curve_2018.xml
2018-05-22,3852,0.77,0.91,0.91,0.98,1.04,2018,daily_treasury_real_yield_curve_2018.xml
2018-05-23,3853,0.71,0.83,0.87,0.96,1.02,2018,daily_treasury_real_yield_curve_2018.xml
2018-05-24,3854,0.71,0.82,0.86,0.95,1,2018,daily_treasury_real_yield_curve_2018.xml
2018-05-25,3855,0.72,0.84,0.84,0.92,0.99,2018,daily_treasury_real_yield_curve_2018.xml
2018-05-29,3856,0.6,0.71,0.73,0.83,0.89,2018,daily_treasury_real_yield_curve_2018.xml
2018-05-30,3857,0.67,0.78,0.78,0.87,0.93,2018,daily_treasury_real_yield_curve_2018.xml
2018-05-31,3858,0.65,0.75,0.76,0.84,0.91,2018,daily_treasury_real_yield_curve_2018.xml
2018-06-01,3859,0.68,0.76,0.8,0.89,0.94,2018,daily_treasury_real_yield_curve_2018.xml
2018-06-04,3860,0.72,0.81,0.82,0.9,0.96,2018,daily_treasury_real_yield_curve_2018.xml
2018-06-05,3861,0.71,0.79,0.79,0.87,0.94,2018,daily_treasury_real_yield_curve_2018.xml
2018-06-06,3862,0.75,0.83,0.83,0.91,0.97,2018,daily_treasury_real_yield_curve_2018.xml
2018-06-07,3863,0.69,0.76,0.8,0.89,0.94,2018,daily_treasury_real_yield_curve_2018.xml
2018-06-08,3864,0.71,0.78,0.82,0.9,0.96,2018,daily_treasury_real_yield_curve_2018.xml
2018-06-11,3865,0.72,0.78,0.83,0.91,0.97,2018,daily_treasury_real_yield_curve_2018.xml
2018-06-12,3866,0.74,0.8,0.83,0.91,0.96,2018,daily_treasury_real_yield_curve_2018.xml
2018-06-13,3867,0.76,0.82,0.86,0.94,0.98,2018,daily_treasury_real_yield_curve_2018.xml
2018-06-14,3868,0.74,0.78,0.82,0.89,0.94,2018,daily_treasury_real_yield_curve_2018.xml
2018-06-15,3869,0.73,0.77,0.81,0.88,0.93,2018,daily_treasury_real_yield_curve_2018.xml
2018-06-18,3870,0.72,0.77,0.8,0.87,0.93,2018,daily_treasury_real_yield_curve_2018.xml
2018-06-19,3871,0.7,0.74,0.77,0.85,0.91,2018,daily_treasury_real_yield_curve_2018.xml
2018-06-20,3872,0.74,0.78,0.81,0.89,0.95,2018,daily_treasury_real_yield_curve_2018.xml
2018-06-21,3873,0.72,0.76,0.79,0.88,0.94,2018,daily_treasury_real_yield_curve_2018.xml
2018-06-22,3874,0.7,0.75,0.78,0.86,0.92,2018,daily_treasury_real_yield_curve_2018.xml
2018-06-25,3875,0.69,0.74,0.77,0.85,0.91,2018,daily_treasury_real_yield_curve_2018.xml
2018-06-26,3876,0.68,0.72,0.76,0.84,0.9,2018,daily_treasury_real_yield_curve_2018.xml
2018-06-27,3877,0.64,0.69,0.72,0.8,0.86,2018,daily_treasury_real_yield_curve_2018.xml
2018-06-28,3878,0.66,0.7,0.74,0.82,0.87,2018,daily_treasury_real_yield_curve_2018.xml
2018-06-29,3879,0.67,0.71,0.74,0.81,0.87,2018,daily_treasury_real_yield_curve_2018.xml
2018-07-02,3880,0.68,0.72,0.73,0.8,0.85,2018,daily_treasury_real_yield_curve_2018.xml
2018-07-03,3881,0.64,0.68,0.71,0.78,0.83,2018,daily_treasury_real_yield_curve_2018.xml
2018-07-05,3882,0.64,0.68,0.71,0.77,0.82,2018,daily_treasury_real_yield_curve_2018.xml
2018-07-06,3883,0.63,0.68,0.7,0.77,0.81,2018,daily_treasury_real_yield_curve_2018.xml
2018-07-09,3884,0.65,0.7,0.73,0.8,0.84,2018,daily_treasury_real_yield_curve_2018.xml
2018-07-10,3885,0.68,0.72,0.74,0.81,0.85,2018,daily_treasury_real_yield_curve_2018.xml
2018-07-11,3886,0.67,0.71,0.74,0.8,0.83,2018,daily_treasury_real_yield_curve_2018.xml
2018-07-12,3887,0.69,0.72,0.75,0.8,0.84,2018,daily_treasury_real_yield_curve_2018.xml
2018-07-13,3888,0.66,0.7,0.72,0.78,0.82,2018,daily_treasury_real_yield_curve_2018.xml
2018-07-16,3889,0.7,0.73,0.75,0.81,0.84,2018,daily_treasury_real_yield_curve_2018.xml
2018-07-17,3890,0.73,0.75,0.77,0.82,0.86,2018,daily_treasury_real_yield_curve_2018.xml
2018-07-18,3891,0.74,0.77,0.79,0.85,0.89,2018,daily_treasury_real_yield_curve_2018.xml
2018-07-19,3892,0.73,0.74,0.75,0.81,0.87,2018,daily_treasury_real_yield_curve_2018.xml
2018-07-20,3893,0.75,0.76,0.78,0.85,0.92,2018,daily_treasury_real_yield_curve_2018.xml
2018-07-23,3894,0.82,0.83,0.85,0.92,0.98,2018,daily_treasury_real_yield_curve_2018.xml
2018-07-24,3895,0.83,0.83,0.84,0.9,0.96,2018,daily_treasury_real_yield_curve_2018.xml
2018-07-25,3896,0.81,0.81,0.81,0.88,0.94,2018,daily_treasury_real_yield_curve_2018.xml
2018-07-26,3897,0.86,0.86,0.87,0.92,0.97,2018,daily_treasury_real_yield_curve_2018.xml
2018-07-27,3898,0.84,0.84,0.84,0.89,0.95,2018,daily_treasury_real_yield_curve_2018.xml
2018-07-30,3899,0.84,0.85,0.85,0.91,0.96,2018,daily_treasury_real_yield_curve_2018.xml
2018-07-31,3900,0.85,0.85,0.84,0.88,0.94,2018,daily_treasury_real_yield_curve_2018.xml
2018-08-01,3901,0.87,0.87,0.87,0.93,0.97,2018,daily_treasury_real_yield_curve_2018.xml
2018-08-02,3902,0.86,0.86,0.86,0.92,0.97,2018,daily_treasury_real_yield_curve_2018.xml
2018-08-03,3903,0.82,0.82,0.83,0.9,0.95,2018,daily_treasury_real_yield_curve_2018.xml
2018-08-06,3904,0.82,0.82,0.83,0.9,0.96,2018,daily_treasury_real_yield_curve_2018.xml
2018-08-07,3905,0.84,0.84,0.85,0.92,0.99,2018,daily_treasury_real_yield_curve_2018.xml
2018-08-08,3906,0.85,0.85,0.85,0.91,0.98,2018,daily_treasury_real_yield_curve_2018.xml
2018-08-09,3907,0.83,0.83,0.82,0.88,0.95,2018,daily_treasury_real_yield_curve_2018.xml
2018-08-10,3908,0.77,0.77,0.78,0.86,0.92,2018,daily_treasury_real_yield_curve_2018.xml
2018-08-13,3909,0.76,0.77,0.78,0.86,0.93,2018,daily_treasury_real_yield_curve_2018.xml
2018-08-14,3910,0.78,0.79,0.8,0.88,0.95,2018,daily_treasury_real_yield_curve_2018.xml
2018-08-15,3911,0.76,0.77,0.78,0.86,0.93,2018,daily_treasury_real_yield_curve_2018.xml
2018-08-16,3912,0.78,0.78,0.79,0.86,0.92,2018,daily_treasury_real_yield_curve_2018.xml
2018-08-17,3913,0.79,0.79,0.79,0.85,0.92,2018,daily_treasury_real_yield_curve_2018.xml
2018-08-20,3914,0.75,0.75,0.75,0.82,0.89,2018,daily_treasury_real_yield_curve_2018.xml
2018-08-21,3915,0.76,0.76,0.77,0.84,0.9,2018,daily_treasury_real_yield_curve_2018.xml
2018-08-22,3916,0.74,0.74,0.74,0.82,0.89,2018,daily_treasury_real_yield_curve_2018.xml
2018-08-23,3917,0.73,0.73,0.73,0.81,0.87,2018,daily_treasury_real_yield_curve_2018.xml
2018-08-24,3918,0.73,0.73,0.73,0.79,0.86,2018,daily_treasury_real_yield_curve_2018.xml
2018-08-27,3919,0.74,0.74,0.74,0.81,0.88,2018,daily_treasury_real_yield_curve_2018.xml
2018-08-28,3920,0.78,0.77,0.77,0.84,0.91,2018,daily_treasury_real_yield_curve_2018.xml
2018-08-29,3921,0.78,0.78,0.77,0.83,0.9,2018,daily_treasury_real_yield_curve_2018.xml
2018-08-30,3922,0.76,0.76,0.76,0.82,0.88,2018,daily_treasury_real_yield_curve_2018.xml
2018-08-31,3923,0.76,0.76,0.78,0.85,0.91,2018,daily_treasury_real_yield_curve_2018.xml
2018-09-04,3924,0.79,0.79,0.8,0.88,0.94,2018,daily_treasury_real_yield_curve_2018.xml
2018-09-05,3925,0.79,0.8,0.81,0.89,0.95,2018,daily_treasury_real_yield_curve_2018.xml
2018-09-06,3926,0.79,0.8,0.8,0.88,0.94,2018,daily_treasury_real_yield_curve_2018.xml
2018-09-07,3927,0.84,0.84,0.84,0.92,0.97,2018,daily_treasury_real_yield_curve_2018.xml
2018-09-10,3928,0.85,0.85,0.84,0.9,0.96,2018,daily_treasury_real_yield_curve_2018.xml
2018-09-11,3929,0.86,0.86,0.86,0.92,0.99,2018,daily_treasury_real_yield_curve_2018.xml
2018-09-12,3930,0.85,0.85,0.85,0.92,0.97,2018,daily_treasury_real_yield_curve_2018.xml
2018-09-13,3931,0.89,0.88,0.87,0.93,0.98,2018,daily_treasury_real_yield_curve_2018.xml
2018-09-14,3932,0.9,0.9,0.89,0.95,1,2018,daily_treasury_real_yield_curve_2018.xml
2018-09-17,3933,0.9,0.89,0.89,0.95,1.01,2018,daily_treasury_real_yield_curve_2018.xml
2018-09-18,3934,0.93,0.92,0.92,0.98,1.05,2018,daily_treasury_real_yield_curve_2018.xml
2018-09-19,3935,0.94,0.94,0.93,1,1.06,2018,daily_treasury_real_yield_curve_2018.xml
2018-09-20,3936,0.94,0.93,0.92,0.98,1.04,2018,daily_treasury_real_yield_curve_2018.xml
2018-09-21,3937,0.93,0.93,0.92,0.98,1.03,2018,daily_treasury_real_yield_curve_2018.xml
2018-09-24,3938,0.93,0.93,0.92,0.98,1.04,2018,daily_treasury_real_yield_curve_2018.xml
2018-09-25,3939,0.94,0.94,0.94,0.99,1.05,2018,daily_treasury_real_yield_curve_2018.xml
2018-09-26,3940,0.92,0.92,0.92,0.97,1.03,2018,daily_treasury_real_yield_curve_2018.xml
2018-09-27,3941,0.92,0.92,0.91,0.97,1.03,2018,daily_treasury_real_yield_curve_2018.xml
2018-09-28,3942,0.91,0.91,0.91,0.97,1.04,2018,daily_treasury_real_yield_curve_2018.xml
2018-10-01,3943,0.92,0.93,0.95,1.03,1.09,2018,daily_treasury_real_yield_curve_2018.xml
2018-10-02,3944,0.91,0.92,0.93,1,1.07,2018,daily_treasury_real_yield_curve_2018.xml
2018-10-03,3945,0.95,0.96,0.99,1.06,1.13,2018,daily_treasury_real_yield_curve_2018.xml
2018-10-04,3946,0.99,1.01,1.03,1.11,1.18,2018,daily_treasury_real_yield_curve_2018.xml
2018-10-05,3947,1.02,1.04,1.07,1.15,1.23,2018,daily_treasury_real_yield_curve_2018.xml
2018-10-09,3948,1,1.02,1.04,1.12,1.19,2018,daily_treasury_real_yield_curve_2018.xml
2018-10-10,3949,1.01,1.03,1.06,1.15,1.23,2018,daily_treasury_real_yield_curve_2018.xml
2018-10-11,3950,1.01,1.01,1.02,1.11,1.18,2018,daily_treasury_real_yield_curve_2018.xml
2018-10-12,3951,1.01,1.02,1.03,1.12,1.18,2018,daily_treasury_real_yield_curve_2018.xml
2018-10-15,3952,1.01,1.02,1.03,1.12,1.19,2018,daily_treasury_real_yield_curve_2018.xml
2018-10-16,3953,1.01,1.02,1.03,1.12,1.19,2018,daily_treasury_real_yield_curve_2018.xml
2018-10-17,3954,1.04,1.05,1.06,1.15,1.21,2018,daily_treasury_real_yield_curve_2018.xml
2018-10-18,3955,1.04,1.05,1.07,1.17,1.24,2018,daily_treasury_real_yield_curve_2018.xml
2018-10-19,3956,1.07,1.08,1.09,1.18,1.26,2018,daily_treasury_real_yield_curve_2018.xml
2018-10-22,3957,1.07,1.08,1.09,1.19,1.26,2018,daily_treasury_real_yield_curve_2018.xml
2018-10-23,3958,1.07,1.07,1.08,1.18,1.26,2018,daily_treasury_real_yield_curve_2018.xml
2018-10-24,3959,1.01,1.02,1.03,1.15,1.24,2018,daily_treasury_real_yield_curve_2018.xml
2018-10-25,3960,1.07,1.08,1.09,1.2,1.28,2018,daily_treasury_real_yield_curve_2018.xml
2018-10-26,3961,0.98,1,1.02,1.14,1.23,2018,daily_treasury_real_yield_curve_2018.xml
2018-10-29,3962,0.99,1.01,1.02,1.15,1.25,2018,daily_treasury_real_yield_curve_2018.xml
2018-10-30,3963,1.03,1.05,1.07,1.19,1.28,2018,daily_treasury_real_yield_curve_2018.xml
2018-10-31,3964,1.08,1.08,1.1,1.21,1.31,2018,daily_treasury_real_yield_curve_2018.xml
2018-11-01,3965,1.08,1.1,1.12,1.23,1.32,2018,daily_treasury_real_yield_curve_2018.xml
2018-11-02,3966,1.13,1.14,1.16,1.27,1.37,2018,daily_treasury_real_yield_curve_2018.xml
2018-11-05,3967,1.12,1.12,1.14,1.25,1.33,2018,daily_treasury_real_yield_curve_2018.xml
2018-11-06,3968,1.13,1.14,1.15,1.25,1.32,2018,daily_treasury_real_yield_curve_2018.xml
2018-11-07,3969,1.14,1.14,1.15,1.25,1.32,2018,daily_treasury_real_yield_curve_2018.xml
2018-11-08,3970,1.17,1.17,1.17,1.24,1.32,2018,daily_treasury_real_yield_curve_2018.xml
2018-11-09,3971,1.15,1.15,1.15,1.24,1.31,2018,daily_treasury_real_yield_curve_2018.xml
2018-11-13,3972,1.11,1.11,1.12,1.22,1.29,2018,daily_treasury_real_yield_curve_2018.xml
2018-11-14,3973,1.1,1.11,1.12,1.22,1.3,2018,daily_treasury_real_yield_curve_2018.xml
2018-11-15,3974,1.09,1.1,1.11,1.21,1.3,2018,daily_treasury_real_yield_curve_2018.xml
2018-11-16,3975,1.02,1.04,1.06,1.17,1.25,2018,daily_treasury_real_yield_curve_2018.xml
2018-11-19,3976,1.02,1.04,1.07,1.17,1.26,2018,daily_treasury_real_yield_curve_2018.xml
2018-11-20,3977,1.06,1.07,1.09,1.19,1.28,2018,daily_treasury_real_yield_curve_2018.xml
2018-11-21,3978,1.08,1.08,1.09,1.2,1.28,2018,daily_treasury_real_yield_curve_2018.xml
2018-11-23,3979,1.11,1.1,1.09,1.18,1.29,2018,daily_treasury_real_yield_curve_2018.xml
2018-11-26,3980,1.12,1.12,1.11,1.2,1.3,2018,daily_treasury_real_yield_curve_2018.xml
2018-11-27,3981,1.16,1.15,1.15,1.24,1.34,2018,daily_treasury_real_yield_curve_2018.xml
2018-11-28,3982,1.13,1.13,1.12,1.23,1.34,2018,daily_treasury_real_yield_curve_2018.xml
2018-11-29,3983,1.06,1.05,1.05,1.16,1.28,2018,daily_treasury_real_yield_curve_2018.xml
2018-11-30,3984,1.07,1.06,1.04,1.15,1.26,2018,daily_treasury_real_yield_curve_2018.xml
2018-12-03,3985,1.07,1.04,1.02,1.13,1.23,2018,daily_treasury_real_yield_curve_2018.xml
2018-12-04,3986,1.05,1.01,0.97,1.06,1.16,2018,daily_treasury_real_yield_curve_2018.xml
2018-12-06,3987,1.06,1.02,0.97,1.08,1.15,2018,daily_treasury_real_yield_curve_2018.xml
2018-12-07,3988,1.02,0.99,0.96,1.06,1.17,2018,daily_treasury_real_yield_curve_2018.xml
2018-12-10,3989,1.06,1.02,0.99,1.1,1.19,2018,daily_treasury_real_yield_curve_2018.xml
2018-12-11,3990,1.13,1.09,1.06,1.16,1.22,2018,daily_treasury_real_yield_curve_2018.xml
2018-12-12,3991,1.15,1.11,1.08,1.16,1.24,2018,daily_treasury_real_yield_curve_2018.xml
2018-12-13,3992,1.13,1.1,1.08,1.18,1.25,2018,daily_treasury_real_yield_curve_2018.xml
2018-12-14,3993,1.13,1.1,1.07,1.15,1.23,2018,daily_treasury_real_yield_curve_2018.xml
2018-12-17,3994,1.11,1.08,1.05,1.15,1.22,2018,daily_treasury_real_yield_curve_2018.xml
2018-12-18,3995,1.07,1.04,1.01,1.09,1.17,2018,daily_treasury_real_yield_curve_2018.xml
2018-12-19,3996,1.06,1.01,0.97,1.06,1.11,2018,daily_treasury_real_yield_curve_2018.xml
2018-12-20,3997,1.12,1.06,1.03,1.1,1.16,2018,daily_treasury_real_yield_curve_2018.xml
2018-12-21,3998,1.09,1.04,1.02,1.11,1.17,2018,daily_treasury_real_yield_curve_2018.xml
2018-12-24,3999,1.06,1.01,0.99,1.09,1.15,2018,daily_treasury_real_yield_curve_2018.xml
2018-12-26,4000,1.1,1.08,1.04,1.13,1.21,2018,daily_treasury_real_yield_curve_2018.xml
2018-12-27,4001,1.07,1.05,1.03,1.14,1.22,2018,daily_treasury_real_yield_curve_2018.xml
2018-12-28,4002,1.04,1.01,0.99,1.11,1.21,2018,daily_treasury_real_yield_curve_2018.xml
2018-12-31,4003,1,0.99,0.98,1.09,1.21,2018,daily_treasury_real_yield_curve_2018.xml
2019-01-02,4004,1,0.98,0.96,1.07,1.19,2019,daily_treasury_real_yield_curve_2019.xml
2019-01-03,4005,0.88,0.88,0.88,1.01,1.14,2019,daily_treasury_real_yield_curve_2019.xml
2019-01-04,4006,0.91,0.91,0.91,1.05,1.17,2019,daily_treasury_real_yield_curve_2019.xml
2019-01-07,4007,0.92,0.92,0.92,1.06,1.18,2019,daily_treasury_real_yield_curve_2019.xml
2019-01-08,4008,0.92,0.91,0.91,1.03,1.15,2019,daily_treasury_real_yield_curve_2019.xml
2019-01-09,4009,0.89,0.9,0.91,1.05,1.16,2019,daily_treasury_real_yield_curve_2019.xml
2019-01-10,4010,0.91,0.91,0.93,1.08,1.2,2019,daily_treasury_real_yield_curve_2019.xml
2019-01-11,4011,0.86,0.86,0.88,1.05,1.18,2019,daily_treasury_real_yield_curve_2019.xml
2019-01-14,4012,0.89,0.88,0.9,1.07,1.2,2019,daily_treasury_real_yield_curve_2019.xml
2019-01-15,4013,0.9,0.9,0.91,1.08,1.21,2019,daily_treasury_real_yield_curve_2019.xml
2019-01-16,4014,0.9,0.9,0.91,1.06,1.2,2019,daily_treasury_real_yield_curve_2019.xml
2019-01-17,4015,0.94,0.95,0.96,1.1,1.21,2019,daily_treasury_real_yield_curve_2019.xml
2019-01-18,4016,0.95,0.95,0.96,1.1,1.21,2019,daily_treasury_real_yield_curve_2019.xml
2019-01-22,4017,0.94,0.94,0.95,1.09,1.2,2019,daily_treasury_real_yield_curve_2019.xml
2019-01-23,4018,0.95,0.95,0.96,1.1,1.21,2019,daily_treasury_real_yield_curve_2019.xml
2019-01-24,4019,0.93,0.94,0.95,1.09,1.2,2019,daily_treasury_real_yield_curve_2019.xml
2019-01-25,4020,0.95,0.95,0.97,1.11,1.22,2019,daily_treasury_real_yield_curve_2019.xml
2019-01-28,4021,0.96,0.96,0.97,1.12,1.23,2019,daily_treasury_real_yield_curve_2019.xml
2019-01-29,4022,0.93,0.93,0.94,1.09,1.2,2019,daily_treasury_real_yield_curve_2019.xml
2019-01-30,4023,0.81,0.83,0.86,1.03,1.17,2019,daily_treasury_real_yield_curve_2019.xml
2019-01-31,4024,0.73,0.75,0.78,0.94,1.08,2019,daily_treasury_real_yield_curve_2019.xml
2019-02-01,4025,0.79,0.8,0.82,0.98,1.11,2019,daily_treasury_real_yield_curve_2019.xml
2019-02-04,4026,0.81,0.83,0.86,1.01,1.14,2019,daily_treasury_real_yield_curve_2019.xml
2019-02-05,4027,0.79,0.81,0.84,0.99,1.11,2019,daily_treasury_real_yield_curve_2019.xml
2019-02-06,4028,0.79,0.81,0.84,1,1.13,2019,daily_treasury_real_yield_curve_2019.xml
2019-02-07,4029,0.77,0.79,0.81,0.98,1.11,2019,daily_treasury_real_yield_curve_2019.xml
2019-02-08,4030,0.75,0.77,0.81,0.97,1.1,2019,daily_treasury_real_yield_curve_2019.xml
2019-02-11,4031,0.78,0.8,0.83,0.99,1.13,2019,daily_treasury_real_yield_curve_2019.xml
2019-02-12,4032,0.78,0.81,0.85,1,1.14,2019,daily_treasury_real_yield_curve_2019.xml
2019-02-13,4033,0.77,0.8,0.85,1,1.14,2019,daily_treasury_real_yield_curve_2019.xml
2019-02-14,4034,0.74,0.77,0.81,0.97,1.12,2019,daily_treasury_real_yield_curve_2019.xml
2019-02-15,4035,0.74,0.76,0.8,0.96,1.1,2019,daily_treasury_real_yield_curve_2019.xml
2019-02-19,4036,0.71,0.73,0.78,0.94,1.08,2019,daily_treasury_real_yield_curve_2019.xml
2019-02-20,4037,0.68,0.71,0.76,0.92,1.07,2019,daily_treasury_real_yield_curve_2019.xml
2019-02-21,4038,0.71,0.73,0.78,0.94,1.1,2019,daily_treasury_real_yield_curve_2019.xml
2019-02-22,4039,0.65,0.68,0.74,0.9,1.06,2019,daily_treasury_real_yield_curve_2019.xml
2019-02-25,4040,0.66,0.7,0.75,0.91,1.06,2019,daily_treasury_real_yield_curve_2019.xml
2019-02-26,4041,0.63,0.67,0.72,0.89,1.05,2019,daily_treasury_real_yield_curve_2019.xml
2019-02-27,4042,0.65,0.7,0.76,0.94,1.1,2019,daily_treasury_real_yield_curve_2019.xml
2019-02-28,4043,0.68,0.73,0.78,0.96,1.11,2019,daily_treasury_real_yield_curve_2019.xml
2019-03-01,4044,0.71,0.75,0.8,0.98,1.13,2019,daily_treasury_real_yield_curve_2019.xml
2019-03-04,4045,0.69,0.73,0.78,0.95,1.11,2019,daily_treasury_real_yield_curve_2019.xml
2019-03-05,4046,0.7,0.74,0.79,0.96,1.11,2019,daily_treasury_real_yield_curve_2019.xml
2019-03-06,4047,0.68,0.72,0.78,0.95,1.11,2019,daily_treasury_real_yield_curve_2019.xml
2019-03-07,4048,0.64,0.68,0.74,0.92,1.08,2019,daily_treasury_real_yield_curve_2019.xml
2019-03-08,4049,0.62,0.67,0.72,0.9,1.06,2019,daily_treasury_real_yield_curve_2019.xml
2019-03-11,4050,0.62,0.67,0.73,0.92,1.09,2019,daily_treasury_real_yield_curve_2019.xml
2019-03-12,4051,0.6,0.65,0.71,0.9,1.06,2019,daily_treasury_real_yield_curve_2019.xml
2019-03-13,4052,0.58,0.63,0.69,0.89,1.05,2019,daily_treasury_real_yield_curve_2019.xml
2019-03-14,4053,0.58,0.63,0.69,0.89,1.06,2019,daily_treasury_real_yield_curve_2019.xml
2019-03-15,4054,0.54,0.59,0.65,0.85,1.03,2019,daily_treasury_real_yield_curve_2019.xml
2019-03-18,4055,0.54,0.59,0.64,0.84,1.02,2019,daily_treasury_real_yield_curve_2019.xml
2019-03-19,4056,0.57,0.6,0.66,0.85,1.03,2019,daily_treasury_real_yield_curve_2019.xml
2019-03-20,4057,0.46,0.51,0.58,0.78,0.97,2019,daily_treasury_real_yield_curve_2019.xml
2019-03-21,4058,0.48,0.52,0.58,0.78,0.96,2019,daily_treasury_real_yield_curve_2019.xml
2019-03-22,4059,0.44,0.48,0.54,0.73,0.91,2019,daily_treasury_real_yield_curve_2019.xml
2019-03-25,4060,0.44,0.48,0.55,0.75,0.93,2019,daily_treasury_real_yield_curve_2019.xml
2019-03-26,4061,0.43,0.48,0.55,0.76,0.94,2019,daily_treasury_real_yield_curve_2019.xml
2019-03-27,4062,0.44,0.49,0.55,0.75,0.94,2019,daily_treasury_real_yield_curve_2019.xml
2019-03-28,4063,0.48,0.51,0.56,0.75,0.93,2019,daily_treasury_real_yield_curve_2019.xml
2019-03-29,4064,0.45,0.48,0.53,0.72,0.89,2019,daily_treasury_real_yield_curve_2019.xml
2019-04-01,4065,0.49,0.53,0.59,0.78,0.95,2019,daily_treasury_real_yield_curve_2019.xml
2019-04-02,4066,0.47,0.52,0.58,0.77,0.94,2019,daily_treasury_real_yield_curve_2019.xml
2019-04-03,4067,0.51,0.55,0.61,0.81,0.99,2019,daily_treasury_real_yield_curve_2019.xml
2019-04-04,4068,0.51,0.55,0.61,0.8,0.99,2019,daily_treasury_real_yield_curve_2019.xml
2019-04-05,4069,0.52,0.55,0.6,0.79,0.97,2019,daily_treasury_real_yield_curve_2019.xml
2019-04-08,4070,0.52,0.56,0.61,0.8,0.98,2019,daily_treasury_real_yield_curve_2019.xml
2019-04-09,4071,0.51,0.54,0.6,0.79,0.98,2019,daily_treasury_real_yield_curve_2019.xml
2019-04-10,4072,0.45,0.48,0.54,0.74,0.94,2019,daily_treasury_real_yield_curve_2019.xml
2019-04-11,4073,0.49,0.52,0.57,0.78,0.98,2019,daily_treasury_real_yield_curve_2019.xml
2019-04-12,4074,0.52,0.55,0.61,0.81,0.99,2019,daily_treasury_real_yield_curve_2019.xml
2019-04-15,4075,0.52,0.55,0.61,0.8,0.99,2019,daily_treasury_real_yield_curve_2019.xml
2019-04-16,4076,0.55,0.59,0.64,0.83,1.01,2019,daily_treasury_real_yield_curve_2019.xml
2019-04-17,4077,0.56,0.59,0.65,0.84,1.02,2019,daily_treasury_real_yield_curve_2019.xml
2019-04-18,4078,0.52,0.56,0.62,0.81,0.98,2019,daily_treasury_real_yield_curve_2019.xml
2019-04-22,4079,0.52,0.58,0.64,0.84,1.01,2019,daily_treasury_real_yield_curve_2019.xml
2019-04-23,4080,0.49,0.55,0.62,0.82,0.99,2019,daily_treasury_real_yield_curve_2019.xml
2019-04-24,4081,0.45,0.5,0.57,0.77,0.95,2019,daily_treasury_real_yield_curve_2019.xml
2019-04-25,4082,0.47,0.51,0.56,0.75,0.93,2019,daily_treasury_real_yield_curve_2019.xml
2019-04-26,4083,0.43,0.48,0.54,0.74,0.92,2019,daily_treasury_real_yield_curve_2019.xml
2019-04-29,4084,0.46,0.51,0.58,0.79,0.96,2019,daily_treasury_real_yield_curve_2019.xml
2019-04-30,4085,0.43,0.49,0.56,0.77,0.94,2019,daily_treasury_real_yield_curve_2019.xml
2019-05-01,4086,0.48,0.53,0.59,0.79,0.95,2019,daily_treasury_real_yield_curve_2019.xml
2019-05-02,4087,0.56,0.6,0.66,0.84,1,2019,daily_treasury_real_yield_curve_2019.xml
2019-05-03,4088,0.53,0.57,0.63,0.81,0.97,2019,daily_treasury_real_yield_curve_2019.xml
2019-05-06,4089,0.49,0.54,0.6,0.79,0.96,2019,daily_treasury_real_yield_curve_2019.xml
2019-05-07,4090,0.49,0.53,0.58,0.77,0.94,2019,daily_treasury_real_yield_curve_2019.xml
2019-05-08,4091,0.53,0.57,0.62,0.81,0.99,2019,daily_treasury_real_yield_curve_2019.xml
2019-05-09,4092,0.52,0.55,0.6,0.79,0.96,2019,daily_treasury_real_yield_curve_2019.xml
2019-05-10,4093,0.51,0.54,0.59,0.77,0.95,2019,daily_treasury_real_yield_curve_2019.xml
2019-05-13,4094,0.45,0.49,0.55,0.74,0.92,2019,daily_treasury_real_yield_curve_2019.xml
2019-05-14,4095,0.45,0.5,0.56,0.76,0.93,2019,daily_treasury_real_yield_curve_2019.xml
2019-05-15,4096,0.41,0.47,0.54,0.75,0.92,2019,daily_treasury_real_yield_curve_2019.xml
2019-05-16,4097,0.43,0.48,0.56,0.77,0.94,2019,daily_treasury_real_yield_curve_2019.xml
2019-05-17,4098,0.46,0.51,0.58,0.78,0.94,2019,daily_treasury_real_yield_curve_2019.xml
2019-05-20,4099,0.5,0.54,0.6,0.78,0.95,2019,daily_treasury_real_yield_curve_2019.xml
2019-05-21,4100,0.51,0.54,0.6,0.77,0.94,2019,daily_treasury_real_yield_curve_2019.xml
2019-05-22,4101,0.51,0.54,0.6,0.77,0.94,2019,daily_treasury_real_yield_curve_2019.xml
2019-05-23,4102,0.49,0.52,0.58,0.74,0.91,2019,daily_treasury_real_yield_curve_2019.xml
2019-05-24,4103,0.5,0.52,0.56,0.73,0.89,2019,daily_treasury_real_yield_curve_2019.xml
2019-05-28,4104,0.48,0.5,0.53,0.71,0.87,2019,daily_treasury_real_yield_curve_2019.xml
2019-05-29,4105,0.46,0.47,0.5,0.68,0.84,2019,daily_treasury_real_yield_curve_2019.xml
2019-05-30,4106,0.44,0.45,0.48,0.66,0.81,2019,daily_treasury_real_yield_curve_2019.xml
2019-05-31,4107,0.35,0.37,0.4,0.58,0.74,2019,daily_treasury_real_yield_curve_2019.xml
2019-06-03,4108,0.27,0.29,0.34,0.54,0.72,2019,daily_treasury_real_yield_curve_2019.xml
2019-06-04,4109,0.3,0.33,0.38,0.58,0.77,2019,daily_treasury_real_yield_curve_2019.xml
2019-06-05,4110,0.27,0.31,0.37,0.58,0.78,2019,daily_treasury_real_yield_curve_2019.xml
2019-06-06,4111,0.3,0.33,0.39,0.6,0.8,2019,daily_treasury_real_yield_curve_2019.xml
2019-06-07,4112,0.24,0.29,0.35,0.56,0.76,2019,daily_treasury_real_yield_curve_2019.xml
2019-06-10,4113,0.31,0.36,0.42,0.62,0.82,2019,daily_treasury_real_yield_curve_2019.xml
2019-06-11,4114,0.35,0.38,0.43,0.63,0.82,2019,daily_treasury_real_yield_curve_2019.xml
2019-06-12,4115,0.35,0.38,0.42,0.64,0.83,2019,daily_treasury_real_yield_curve_2019.xml
2019-06-13,4116,0.33,0.36,0.42,0.63,0.84,2019,daily_treasury_real_yield_curve_2019.xml
2019-06-14,4117,0.37,0.41,0.46,0.67,0.87,2019,daily_treasury_real_yield_curve_2019.xml
2019-06-17,4118,0.4,0.43,0.48,0.68,0.87,2019,daily_treasury_real_yield_curve_2019.xml
2019-06-18,4119,0.34,0.37,0.42,0.63,0.82,2019,daily_treasury_real_yield_curve_2019.xml
2019-06-19,4120,0.24,0.28,0.36,0.58,0.77,2019,daily_treasury_real_yield_curve_2019.xml
2019-06-20,4121,0.16,0.22,0.27,0.5,0.72,2019,daily_treasury_real_yield_curve_2019.xml
2019-06-21,4122,0.2,0.26,0.34,0.59,0.79,2019,daily_treasury_real_yield_curve_2019.xml
2019-06-24,4123,0.18,0.23,0.31,0.55,0.76,2019,daily_treasury_real_yield_curve_2019.xml
2019-06-25,4124,0.21,0.26,0.33,0.57,0.78,2019,daily_treasury_real_yield_curve_2019.xml
2019-06-26,4125,0.24,0.28,0.35,0.58,0.79,2019,daily_treasury_real_yield_curve_2019.xml
2019-06-27,4126,0.23,0.27,0.33,0.55,0.77,2019,daily_treasury_real_yield_curve_2019.xml
2019-06-28,4127,0.23,0.26,0.31,0.55,0.78,2019,daily_treasury_real_yield_curve_2019.xml
2019-07-01,4128,0.26,0.29,0.34,0.59,0.81,2019,daily_treasury_real_yield_curve_2019.xml
2019-07-02,4129,0.25,0.28,0.33,0.57,0.79,2019,daily_treasury_real_yield_curve_2019.xml
2019-07-03,4130,0.23,0.26,0.31,0.54,0.76,2019,daily_treasury_real_yield_curve_2019.xml
2019-07-05,4131,0.29,0.31,0.35,0.58,0.78,2019,daily_treasury_real_yield_curve_2019.xml
2019-07-08,4132,0.31,0.32,0.35,0.56,0.76,2019,daily_treasury_real_yield_curve_2019.xml
2019-07-09,4133,0.32,0.33,0.36,0.57,0.75,2019,daily_treasury_real_yield_curve_2019.xml
2019-07-10,4134,0.23,0.27,0.33,0.55,0.76,2019,daily_treasury_real_yield_curve_2019.xml
2019-07-11,4135,0.25,0.3,0.36,0.59,0.81,2019,daily_treasury_real_yield_curve_2019.xml
2019-07-12,4136,0.24,0.28,0.35,0.58,0.8,2019,daily_treasury_real_yield_curve_2019.xml
2019-07-15,4137,0.23,0.26,0.32,0.55,0.77,2019,daily_treasury_real_yield_curve_2019.xml
2019-07-16,4138,0.25,0.28,0.33,0.56,0.78,2019,daily_treasury_real_yield_curve_2019.xml
2019-07-17,4139,0.23,0.26,0.31,0.54,0.75,2019,daily_treasury_real_yield_curve_2019.xml
2019-07-18,4140,0.18,0.2,0.25,0.5,0.74,2019,daily_treasury_real_yield_curve_2019.xml
2019-07-19,4141,0.2,0.22,0.25,0.5,0.75,2019,daily_treasury_real_yield_curve_2019.xml
2019-07-22,4142,0.21,0.23,0.26,0.5,0.75,2019,daily_treasury_real_yield_curve_2019.xml
2019-07-23,4143,0.22,0.24,0.27,0.51,0.76,2019,daily_treasury_real_yield_curve_2019.xml
2019-07-24,4144,0.23,0.24,0.26,0.5,0.75,2019,daily_treasury_real_yield_curve_2019.xml
2019-07-25,4145,0.25,0.26,0.28,0.51,0.76,2019,daily_treasury_real_yield_curve_2019.xml
2019-07-26,4146,0.28,0.29,0.3,0.53,0.78,2019,daily_treasury_real_yield_curve_2019.xml
2019-07-29,4147,0.27,0.28,0.29,0.53,0.78,2019,daily_treasury_real_yield_curve_2019.xml
2019-07-30,4148,0.26,0.27,0.28,0.51,0.77,2019,daily_treasury_real_yield_curve_2019.xml
2019-07-31,4149,0.28,0.27,0.26,0.47,0.72,2019,daily_treasury_real_yield_curve_2019.xml
2019-08-01,4150,0.21,0.2,0.2,0.44,0.71,2019,daily_treasury_real_yield_curve_2019.xml
2019-08-02,4151,0.21,0.2,0.2,0.43,0.69,2019,daily_treasury_real_yield_curve_2019.xml
2019-08-05,4152,0.16,0.16,0.15,0.38,0.65,2019,daily_treasury_real_yield_curve_2019.xml
2019-08-06,4153,0.13,0.12,0.11,0.34,0.6,2019,daily_treasury_real_yield_curve_2019.xml
2019-08-07,4154,0.14,0.11,0.09,0.32,0.56,2019,daily_treasury_real_yield_curve_2019.xml
2019-08-08,4155,0.11,0.09,0.07,0.3,0.54,2019,daily_treasury_real_yield_curve_2019.xml
2019-08-09,4156,0.13,0.1,0.08,0.3,0.55,2019,daily_treasury_real_yield_curve_2019.xml
2019-08-12,4157,0.1,0.07,0.04,0.26,0.47,2019,daily_treasury_real_yield_curve_2019.xml
2019-08-13,4158,0.13,0.09,0.05,0.27,0.49,2019,daily_treasury_real_yield_curve_2019.xml
2019-08-14,4159,0.15,0.09,0.02,0.23,0.44,2019,daily_treasury_real_yield_curve_2019.xml
2019-08-15,4160,0.08,0.03,-0.02,0.17,0.41,2019,daily_treasury_real_yield_curve_2019.xml
2019-08-16,4161,0.08,0.05,0.01,0.2,0.44,2019,daily_treasury_real_yield_curve_2019.xml
2019-08-19,4162,0.11,0.07,0.04,0.27,0.49,2019,daily_treasury_real_yield_curve_2019.xml
2019-08-20,4163,0.08,0.05,0.02,0.22,0.48,2019,daily_treasury_real_yield_curve_2019.xml
2019-08-21,4164,0.13,0.09,0.05,0.28,0.5,2019,daily_treasury_real_yield_curve_2019.xml
2019-08-22,4165,0.15,0.11,0.07,0.29,0.51,2019,daily_treasury_real_yield_curve_2019.xml
2019-08-23,4166,0.05,0.02,-0.02,0.19,0.42,2019,daily_treasury_real_yield_curve_2019.xml
2019-08-26,4167,0.09,0.05,0,0.2,0.44,2019,daily_treasury_real_yield_curve_2019.xml
2019-08-27,4168,0.04,-0.01,-0.06,0.11,0.36,2019,daily_treasury_real_yield_curve_2019.xml
2019-08-28,4169,0.01,-0.04,-0.08,0.08,0.32,2019,daily_treasury_real_yield_curve_2019.xml
2019-08-29,4170,0.01,-0.04,-0.09,0.07,0.31,2019,daily_treasury_real_yield_curve_2019.xml
2019-08-30,4171,0.04,-0.01,-0.05,0.16,0.35,2019,daily_treasury_real_yield_curve_2019.xml
2019-09-03,4172,0.06,0.01,-0.03,0.14,0.37,2019,daily_treasury_real_yield_curve_2019.xml
2019-09-04,4173,0.01,-0.02,-0.04,0.18,0.39,2019,daily_treasury_real_yield_curve_2019.xml
2019-09-05,4174,0.08,0.04,0.01,0.23,0.43,2019,daily_treasury_real_yield_curve_2019.xml
2019-09-06,4175,0.07,0.03,0.01,0.21,0.41,2019,daily_treasury_real_yield_curve_2019.xml
2019-09-09,4176,0.11,0.08,0.06,0.27,0.47,2019,daily_treasury_real_yield_curve_2019.xml
2019-09-10,4177,0.18,0.14,0.12,0.34,0.54,2019,daily_treasury_real_yield_curve_2019.xml
2019-09-11,4178,0.2,0.17,0.15,0.36,0.56,2019,daily_treasury_real_yield_curve_2019.xml
2019-09-12,4179,0.22,0.19,0.16,0.38,0.58,2019,daily_treasury_real_yield_curve_2019.xml
2019-09-13,4180,0.29,0.25,0.23,0.45,0.65,2019,daily_treasury_real_yield_curve_2019.xml
2019-09-16,4181,0.21,0.19,0.17,0.39,0.59,2019,daily_treasury_real_yield_curve_2019.xml
2019-09-17,4182,0.2,0.17,0.15,0.36,0.56,2019,daily_treasury_real_yield_curve_2019.xml
2019-09-18,4183,0.28,0.23,0.21,0.41,0.59,2019,daily_treasury_real_yield_curve_2019.xml
2019-09-19,4184,0.25,0.21,0.18,0.38,0.57,2019,daily_treasury_real_yield_curve_2019.xml
2019-09-20,4185,0.19,0.14,0.13,0.32,0.5,2019,daily_treasury_real_yield_curve_2019.xml
2019-09-23,4186,0.17,0.13,0.11,0.31,0.49,2019,daily_treasury_real_yield_curve_2019.xml
2019-09-24,4187,0.13,0.08,0.06,0.27,0.45,2019,daily_treasury_real_yield_curve_2019.xml
2019-09-25,4188,0.19,0.15,0.13,0.33,0.52,2019,daily_treasury_real_yield_curve_2019.xml
2019-09-26,4189,0.19,0.15,0.13,0.33,0.51,2019,daily_treasury_real_yield_curve_2019.xml
2019-09-27,4190,0.2,0.17,0.16,0.35,0.53,2019,daily_treasury_real_yield_curve_2019.xml
2019-09-30,4191,0.2,0.16,0.15,0.34,0.53,2019,daily_treasury_real_yield_curve_2019.xml
2019-10-01,4192,0.18,0.14,0.13,0.33,0.52,2019,daily_treasury_real_yield_curve_2019.xml
2019-10-02,4193,0.14,0.11,0.1,0.31,0.51,2019,daily_treasury_real_yield_curve_2019.xml
2019-10-03,4194,0.09,0.06,0.06,0.27,0.48,2019,daily_treasury_real_yield_curve_2019.xml
2019-10-04,4195,0.07,0.03,0.02,0.23,0.43,2019,daily_treasury_real_yield_curve_2019.xml
2019-10-07,4196,0.11,0.06,0.05,0.26,0.46,2019,daily_treasury_real_yield_curve_2019.xml
2019-10-08,4197,0.11,0.07,0.06,0.28,0.48,2019,daily_treasury_real_yield_curve_2019.xml
2019-10-09,4198,0.16,0.12,0.1,0.32,0.52,2019,daily_treasury_real_yield_curve_2019.xml
2019-10-10,4199,0.19,0.16,0.15,0.36,0.57,2019,daily_treasury_real_yield_curve_2019.xml
2019-10-11,4200,0.25,0.21,0.2,0.4,0.59,2019,daily_treasury_real_yield_curve_2019.xml
2019-10-15,4201,0.26,0.22,0.21,0.41,0.59,2019,daily_treasury_real_yield_curve_2019.xml
2019-10-16,4202,0.22,0.19,0.18,0.39,0.6,2019,daily_treasury_real_yield_curve_2019.xml
2019-10-17,4203,0.05,0.09,0.17,0.4,0.59,2019,daily_treasury_real_yield_curve_2019.xml
2019-10-18,4204,0.04,0.08,0.16,0.39,0.58,2019,daily_treasury_real_yield_curve_2019.xml
2019-10-21,4205,0.08,0.11,0.19,0.42,0.6,2019,daily_treasury_real_yield_curve_2019.xml
2019-10-22,4206,0.07,0.11,0.17,0.38,0.58,2019,daily_treasury_real_yield_curve_2019.xml
2019-10-23,4207,0.06,0.09,0.16,0.37,0.56,2019,daily_treasury_real_yield_curve_2019.xml
2019-10-24,4208,0.06,0.09,0.15,0.37,0.56,2019,daily_treasury_real_yield_curve_2019.xml
2019-10-25,4209,0.07,0.1,0.15,0.38,0.56,2019,daily_treasury_real_yield_curve_2019.xml
2019-10-28,4210,0.13,0.15,0.21,0.43,0.61,2019,daily_treasury_real_yield_curve_2019.xml
2019-10-29,4211,0.15,0.18,0.23,0.45,0.64,2019,daily_treasury_real_yield_curve_2019.xml
2019-10-30,4212,0.14,0.16,0.21,0.42,0.6,2019,daily_treasury_real_yield_curve_2019.xml
2019-10-31,4213,0.07,0.09,0.15,0.37,0.55,2019,daily_treasury_real_yield_curve_2019.xml
2019-11-01,4214,0.05,0.08,0.14,0.35,0.54,2019,daily_treasury_real_yield_curve_2019.xml
2019-11-04,4215,0.04,0.08,0.15,0.36,0.56,2019,daily_treasury_real_yield_curve_2019.xml
2019-11-05,4216,0.08,0.12,0.18,0.39,0.58,2019,daily_treasury_real_yield_curve_2019.xml
2019-11-06,4217,0.06,0.09,0.15,0.36,0.54,2019,daily_treasury_real_yield_curve_2019.xml
2019-11-07,4218,0.13,0.17,0.23,0.43,0.61,2019,daily_treasury_real_yield_curve_2019.xml
2019-11-08,4219,0.11,0.16,0.23,0.44,0.63,2019,daily_treasury_real_yield_curve_2019.xml
2019-11-12,4220,0.13,0.17,0.22,0.42,0.61,2019,daily_treasury_real_yield_curve_2019.xml
2019-11-13,4221,0.11,0.16,0.22,0.42,0.6,2019,daily_treasury_real_yield_curve_2019.xml
2019-11-14,4222,0.09,0.14,0.2,0.4,0.58,2019,daily_treasury_real_yield_curve_2019.xml
2019-11-15,4223,0.13,0.16,0.21,0.41,0.59,2019,daily_treasury_real_yield_curve_2019.xml
2019-11-18,4224,0.09,0.13,0.18,0.39,0.57,2019,daily_treasury_real_yield_curve_2019.xml
2019-11-19,4225,0.1,0.12,0.16,0.37,0.53,2019,daily_treasury_real_yield_curve_2019.xml
2019-11-20,4226,0.07,0.09,0.13,0.33,0.49,2019,daily_treasury_real_yield_curve_2019.xml
2019-11-21,4227,0.09,0.1,0.14,0.34,0.51,2019,daily_treasury_real_yield_curve_2019.xml
2019-11-22,4228,0.09,0.11,0.15,0.34,0.49,2019,daily_treasury_real_yield_curve_2019.xml
2019-11-25,4229,0.09,0.1,0.14,0.32,0.47,2019,daily_treasury_real_yield_curve_2019.xml
2019-11-26,4230,0.06,0.08,0.12,0.3,0.44,2019,daily_treasury_real_yield_curve_2019.xml
2019-11-27,4231,0.09,0.11,0.14,0.32,0.47,2019,daily_treasury_real_yield_curve_2019.xml
2019-11-29,4232,0.12,0.13,0.17,0.35,0.5,2019,daily_treasury_real_yield_curve_2019.xml
2019-12-02,4233,0.11,0.14,0.18,0.38,0.54,2019,daily_treasury_real_yield_curve_2019.xml
2019-12-03,4234,0.03,0.05,0.09,0.28,0.44,2019,daily_treasury_real_yield_curve_2019.xml
2019-12-04,4235,0.06,0.07,0.11,0.31,0.47,2019,daily_treasury_real_yield_curve_2019.xml
2019-12-05,4236,0.07,0.09,0.13,0.33,0.49,2019,daily_treasury_real_yield_curve_2019.xml
2019-12-06,4237,0.08,0.1,0.15,0.35,0.51,2019,daily_treasury_real_yield_curve_2019.xml
2019-12-09,4238,0.08,0.11,0.14,0.33,0.51,2019,daily_treasury_real_yield_curve_2019.xml
2019-12-10,4239,0.09,0.11,0.14,0.33,0.5,2019,daily_treasury_real_yield_curve_2019.xml
2019-12-11,4240,0.04,0.07,0.1,0.3,0.47,2019,daily_treasury_real_yield_curve_2019.xml
2019-12-12,4241,0.11,0.13,0.18,0.37,0.53,2019,daily_treasury_real_yield_curve_2019.xml
2019-12-13,4242,0.04,0.07,0.12,0.32,0.5,2019,daily_treasury_real_yield_curve_2019.xml
2019-12-16,4243,0.08,0.11,0.16,0.35,0.52,2019,daily_treasury_real_yield_curve_2019.xml
2019-12-17,4244,0.06,0.09,0.14,0.34,0.52,2019,daily_treasury_real_yield_curve_2019.xml
2019-12-18,4245,0.06,0.1,0.16,0.36,0.54,2019,daily_treasury_real_yield_curve_2019.xml
2019-12-19,4246,0.05,0.09,0.15,0.34,0.52,2019,daily_treasury_real_yield_curve_2019.xml
2019-12-20,4247,0.06,0.1,0.15,0.35,0.52,2019,daily_treasury_real_yield_curve_2019.xml
2019-12-23,4248,0.08,0.12,0.18,0.37,0.55,2019,daily_treasury_real_yield_curve_2019.xml
2019-12-24,4249,0.05,0.09,0.15,0.35,0.53,2019,daily_treasury_real_yield_curve_2019.xml
2019-12-26,4250,0.06,0.1,0.16,0.36,0.54,2019,daily_treasury_real_yield_curve_2019.xml
2019-12-27,4251,0.04,0.08,0.15,0.36,0.54,2019,daily_treasury_real_yield_curve_2019.xml
2019-12-30,4252,0.02,0.08,0.15,0.38,0.55,2019,daily_treasury_real_yield_curve_2019.xml
2019-12-31,4253,0.01,0.07,0.15,0.39,0.58,2019,daily_treasury_real_yield_curve_2019.xml
2020-01-02,4254,-0.05,0.01,0.08,0.32,0.5,2020,daily_treasury_real_yield_curve_2020.xml
2020-01-03,4255,-0.1,-0.05,0.03,0.26,0.45,2020,daily_treasury_real_yield_curve_2020.xml
2020-01-06,4256,-0.08,-0.02,0.06,0.29,0.48,2020,daily_treasury_real_yield_curve_2020.xml
2020-01-07,4257,-0.05,0.01,0.09,0.33,0.52,2020,daily_treasury_real_yield_curve_2020.xml
2020-01-08,4258,-0.01,0.04,0.12,0.35,0.54,2020,daily_treasury_real_yield_curve_2020.xml
2020-01-09,4259,-0.02,0.03,0.11,0.33,0.52,2020,daily_treasury_real_yield_curve_2020.xml
2020-01-10,4260,-0.04,0.01,0.07,0.29,0.47,2020,daily_treasury_real_yield_curve_2020.xml
2020-01-13,4261,-0.05,0.01,0.08,0.3,0.48,2020,daily_treasury_real_yield_curve_2020.xml
2020-01-14,4262,-0.07,-0.02,0.05,0.27,0.46,2020,daily_treasury_real_yield_curve_2020.xml
2020-01-15,4263,-0.07,-0.02,0.04,0.26,0.44,2020,daily_treasury_real_yield_curve_2020.xml
2020-01-16,4264,-0.05,0,0.07,0.29,0.46,2020,daily_treasury_real_yield_curve_2020.xml
2020-01-17,4265,-0.05,0.01,0.09,0.31,0.49,2020,daily_treasury_real_yield_curve_2020.xml
2020-01-21,4266,-0.09,-0.04,0.04,0.27,0.44,2020,daily_treasury_real_yield_curve_2020.xml
2020-01-22,4267,-0.07,-0.02,0.05,0.27,0.44,2020,daily_treasury_real_yield_curve_2020.xml
2020-01-23,4268,-0.09,-0.04,0.04,0.25,0.41,2020,daily_treasury_real_yield_curve_2020.xml
2020-01-24,4269,-0.11,-0.06,0.02,0.22,0.38,2020,daily_treasury_real_yield_curve_2020.xml
2020-01-27,4270,-0.12,-0.08,-0.02,0.17,0.33,2020,daily_treasury_real_yield_curve_2020.xml
2020-01-28,4271,-0.12,-0.07,0,0.2,0.36,2020,daily_treasury_real_yield_curve_2020.xml
2020-01-29,4272,-0.17,-0.12,-0.04,0.17,0.32,2020,daily_treasury_real_yield_curve_2020.xml
2020-01-30,4273,-0.2,-0.15,-0.07,0.14,0.3,2020,daily_treasury_real_yield_curve_2020.xml
2020-01-31,4274,-0.28,-0.22,-0.14,0.09,0.26,2020,daily_treasury_real_yield_curve_2020.xml
2020-02-03,4275,-0.21,-0.16,-0.09,0.13,0.3,2020,daily_treasury_real_yield_curve_2020.xml
2020-02-04,4276,-0.16,-0.11,-0.03,0.19,0.36,2020,daily_treasury_real_yield_curve_2020.xml
2020-02-05,4277,-0.15,-0.09,0,0.23,0.4,2020,daily_treasury_real_yield_curve_2020.xml
2020-02-06,4278,-0.16,-0.11,-0.02,0.21,0.36,2020,daily_treasury_real_yield_curve_2020.xml
2020-02-07,4279,-0.2,-0.15,-0.07,0.15,0.31,2020,daily_treasury_real_yield_curve_2020.xml
2020-02-10,4280,-0.24,-0.18,-0.1,0.14,0.3,2020,daily_treasury_real_yield_curve_2020.xml
2020-02-11,4281,-0.2,-0.14,-0.06,0.17,0.34,2020,daily_treasury_real_yield_curve_2020.xml
2020-02-12,4282,-0.19,-0.12,-0.04,0.2,0.36,2020,daily_treasury_real_yield_curve_2020.xml
2020-02-13,4283,-0.22,-0.15,-0.06,0.18,0.33,2020,daily_treasury_real_yield_curve_2020.xml
2020-02-14,4284,-0.22,-0.16,-0.07,0.16,0.32,2020,daily_treasury_real_yield_curve_2020.xml
2020-02-18,4285,-0.25,-0.19,-0.1,0.13,0.28,2020,daily_treasury_real_yield_curve_2020.xml
2020-02-19,4286,-0.24,-0.17,-0.09,0.14,0.29,2020,daily_treasury_real_yield_curve_2020.xml
2020-02-20,4287,-0.26,-0.19,-0.11,0.1,0.26,2020,daily_treasury_real_yield_curve_2020.xml
2020-02-21,4288,-0.3,-0.24,-0.15,0.07,0.22,2020,daily_treasury_real_yield_curve_2020.xml
2020-02-24,4289,-0.36,-0.3,-0.21,0.04,0.19,2020,daily_treasury_real_yield_curve_2020.xml
2020-02-25,4290,-0.36,-0.29,-0.2,0.04,0.19,2020,daily_treasury_real_yield_curve_2020.xml
2020-02-26,4291,-0.36,-0.3,-0.21,0.04,0.2,2020,daily_treasury_real_yield_curve_2020.xml
2020-02-27,4292,-0.37,-0.31,-0.23,0.01,0.19,2020,daily_treasury_real_yield_curve_2020.xml
2020-02-28,4293,-0.44,-0.37,-0.28,0,0.24,2020,daily_treasury_real_yield_curve_2020.xml
2020-03-02,4294,-0.44,-0.39,-0.31,-0.09,0.11,2020,daily_treasury_real_yield_curve_2020.xml
2020-03-03,4295,-0.57,-0.51,-0.43,-0.17,0.05,2020,daily_treasury_real_yield_curve_2020.xml
2020-03-04,4296,-0.59,-0.53,-0.44,-0.18,0.04,2020,daily_treasury_real_yield_curve_2020.xml
2020-03-05,4297,-0.61,-0.56,-0.48,-0.24,-0.01,2020,daily_treasury_real_yield_curve_2020.xml
2020-03-06,4298,-0.56,-0.57,-0.57,-0.41,-0.22,2020,daily_treasury_real_yield_curve_2020.xml
2020-03-09,4299,-0.34,-0.44,-0.45,-0.32,-0.2,2020,daily_treasury_real_yield_curve_2020.xml
2020-03-10,4300,-0.14,-0.23,-0.24,-0.08,0.06,2020,daily_treasury_real_yield_curve_2020.xml
2020-03-11,4301,-0.03,-0.13,-0.14,0,0.13,2020,daily_treasury_real_yield_curve_2020.xml
2020-03-12,4302,0.03,-0.04,-0.04,0.14,0.3,2020,daily_treasury_real_yield_curve_2020.xml
2020-03-13,4303,0.17,0.07,0.04,0.22,0.39,2020,daily_treasury_real_yield_curve_2020.xml
2020-03-16,4304,0.19,0.04,0,0.17,0.31,2020,daily_treasury_real_yield_curve_2020.xml
2020-03-17,4305,0.5,0.41,0.39,0.54,0.67,2020,daily_treasury_real_yield_curve_2020.xml
2020-03-18,4306,0.63,0.56,0.55,0.66,0.75,2020,daily_treasury_real_yield_curve_2020.xml
2020-03-19,4307,0.52,0.56,0.62,0.71,0.78,2020,daily_treasury_real_yield_curve_2020.xml
2020-03-20,4308,0.21,0.17,0.17,0.26,0.34,2020,daily_treasury_real_yield_curve_2020.xml
2020-03-23,4309,0.01,-0.03,-0.04,-0.02,-0.01,2020,daily_treasury_real_yield_curve_2020.xml
2020-03-24,4310,-0.03,-0.11,-0.13,-0.09,-0.07,2020,daily_treasury_real_yield_curve_2020.xml
2020-03-25,4311,-0.13,-0.18,-0.19,-0.09,0,2020,daily_treasury_real_yield_curve_2020.xml
2020-03-26,4312,-0.21,-0.24,-0.24,-0.14,-0.05,2020,daily_treasury_real_yield_curve_2020.xml
2020-03-27,4313,-0.13,-0.2,-0.22,-0.12,-0.03,2020,daily_treasury_real_yield_curve_2020.xml
2020-03-30,4314,-0.18,-0.24,-0.25,-0.1,0.04,2020,daily_treasury_real_yield_curve_2020.xml
2020-03-31,4315,-0.12,-0.16,-0.17,0,0.16,2020,daily_treasury_real_yield_curve_2020.xml
2020-04-01,4316,-0.19,-0.27,-0.29,-0.1,0.07,2020,daily_treasury_real_yield_curve_2020.xml
2020-04-02,4317,-0.34,-0.39,-0.4,-0.21,-0.03,2020,daily_treasury_real_yield_curve_2020.xml
2020-04-03,4318,-0.39,-0.45,-0.46,-0.26,-0.08,2020,daily_treasury_real_yield_curve_2020.xml
2020-04-06,4319,-0.41,-0.47,-0.47,-0.28,-0.09,2020,daily_treasury_real_yield_curve_2020.xml
2020-04-07,4320,-0.38,-0.42,-0.42,-0.24,-0.06,2020,daily_treasury_real_yield_curve_2020.xml
2020-04-08,4321,-0.4,-0.42,-0.42,-0.24,-0.04,2020,daily_treasury_real_yield_curve_2020.xml
2020-04-09,4322,-0.49,-0.5,-0.5,-0.32,-0.12,2020,daily_treasury_real_yield_curve_2020.xml
2020-04-13,4323,-0.5,-0.51,-0.5,-0.33,-0.13,2020,daily_treasury_real_yield_curve_2020.xml
2020-04-14,4324,-0.52,-0.53,-0.53,-0.35,-0.14,2020,daily_treasury_real_yield_curve_2020.xml
2020-04-15,4325,-0.53,-0.56,-0.56,-0.38,-0.19,2020,daily_treasury_real_yield_curve_2020.xml
2020-04-16,4326,-0.35,-0.41,-0.42,-0.25,-0.09,2020,daily_treasury_real_yield_curve_2020.xml
2020-04-17,4327,-0.31,-0.36,-0.36,-0.19,-0.02,2020,daily_treasury_real_yield_curve_2020.xml
2020-04-20,4328,-0.21,-0.3,-0.31,-0.16,-0.04,2020,daily_treasury_real_yield_curve_2020.xml
2020-04-21,4329,-0.24,-0.37,-0.38,-0.25,-0.14,2020,daily_treasury_real_yield_curve_2020.xml
2020-04-22,4330,-0.32,-0.42,-0.43,-0.29,-0.17,2020,daily_treasury_real_yield_curve_2020.xml
2020-04-23,4331,-0.3,-0.41,-0.44,-0.31,-0.2,2020,daily_treasury_real_yield_curve_2020.xml
2020-04-24,4332,-0.36,-0.48,-0.51,-0.38,-0.26,2020,daily_treasury_real_yield_curve_2020.xml
2020-04-27,4333,-0.37,-0.47,-0.5,-0.36,-0.24,2020,daily_treasury_real_yield_curve_2020.xml
2020-04-28,4334,-0.39,-0.5,-0.52,-0.38,-0.26,2020,daily_treasury_real_yield_curve_2020.xml
2020-04-29,4335,-0.42,-0.49,-0.51,-0.35,-0.22,2020,daily_treasury_real_yield_curve_2020.xml
2020-04-30,4336,-0.36,-0.42,-0.43,-0.27,-0.12,2020,daily_treasury_real_yield_curve_2020.xml
2020-05-01,4337,-0.32,-0.4,-0.42,-0.26,-0.12,2020,daily_treasury_real_yield_curve_2020.xml
2020-05-04,4338,-0.33,-0.41,-0.43,-0.27,-0.12,2020,daily_treasury_real_yield_curve_2020.xml
2020-05-05,4339,-0.35,-0.42,-0.44,-0.27,-0.12,2020,daily_treasury_real_yield_curve_2020.xml
2020-05-06,4340,-0.34,-0.38,-0.38,-0.21,-0.04,2020,daily_treasury_real_yield_curve_2020.xml
2020-05-07,4341,-0.41,-0.44,-0.45,-0.28,-0.11,2020,daily_treasury_real_yield_curve_2020.xml
2020-05-08,4342,-0.41,-0.43,-0.43,-0.25,-0.07,2020,daily_treasury_real_yield_curve_2020.xml
2020-05-11,4343,-0.39,-0.41,-0.4,-0.23,-0.05,2020,daily_treasury_real_yield_curve_2020.xml
2020-05-12,4344,-0.38,-0.4,-0.4,-0.23,-0.05,2020,daily_treasury_real_yield_curve_2020.xml
2020-05-13,4345,-0.4,-0.43,-0.43,-0.25,-0.08,2020,daily_treasury_real_yield_curve_2020.xml
2020-05-14,4346,-0.4,-0.43,-0.43,-0.26,-0.09,2020,daily_treasury_real_yield_curve_2020.xml
2020-05-15,4347,-0.44,-0.45,-0.45,-0.28,-0.11,2020,daily_treasury_real_yield_curve_2020.xml
2020-05-18,4348,-0.46,-0.46,-0.44,-0.25,-0.07,2020,daily_treasury_real_yield_curve_2020.xml
2020-05-19,4349,-0.47,-0.47,-0.45,-0.25,-0.06,2020,daily_treasury_real_yield_curve_2020.xml
2020-05-20,4350,-0.49,-0.49,-0.48,-0.29,-0.1,2020,daily_treasury_real_yield_curve_2020.xml
2020-05-21,4351,-0.46,-0.46,-0.46,-0.27,-0.08,2020,daily_treasury_real_yield_curve_2020.xml
2020-05-22,4352,-0.46,-0.46,-0.46,-0.28,-0.08,2020,daily_treasury_real_yield_curve_2020.xml
2020-05-26,4353,-0.47,-0.46,-0.44,-0.24,-0.03,2020,daily_treasury_real_yield_curve_2020.xml
2020-05-27,4354,-0.48,-0.48,-0.46,-0.25,-0.03,2020,daily_treasury_real_yield_curve_2020.xml
2020-05-28,4355,-0.52,-0.52,-0.48,-0.24,-0.05,2020,daily_treasury_real_yield_curve_2020.xml
2020-05-29,4356,-0.53,-0.53,-0.5,-0.27,-0.07,2020,daily_treasury_real_yield_curve_2020.xml
2020-06-01,4357,-0.53,-0.53,-0.52,-0.3,-0.06,2020,daily_treasury_real_yield_curve_2020.xml
2020-06-02,4358,-0.52,-0.52,-0.5,-0.26,-0.03,2020,daily_treasury_real_yield_curve_2020.xml
2020-06-03,4359,-0.5,-0.49,-0.44,-0.19,0.02,2020,daily_treasury_real_yield_curve_2020.xml
2020-06-04,4360,-0.48,-0.45,-0.4,-0.15,0.06,2020,daily_treasury_real_yield_curve_2020.xml
2020-06-05,4361,-0.48,-0.43,-0.36,-0.12,0.1,2020,daily_treasury_real_yield_curve_2020.xml
2020-06-08,4362,-0.53,-0.48,-0.4,-0.15,0.08,2020,daily_treasury_real_yield_curve_2020.xml
2020-06-09,4363,-0.58,-0.51,-0.42,-0.16,0.05,2020,daily_treasury_real_yield_curve_2020.xml
2020-06-10,4364,-0.67,-0.61,-0.52,-0.25,-0.03,2020,daily_treasury_real_yield_curve_2020.xml
2020-06-11,4365,-0.63,-0.61,-0.55,-0.31,-0.1,2020,daily_treasury_real_yield_curve_2020.xml
2020-06-12,4366,-0.62,-0.57,-0.5,-0.26,-0.04,2020,daily_treasury_real_yield_curve_2020.xml
2020-06-15,4367,-0.65,-0.59,-0.52,-0.27,-0.05,2020,daily_treasury_real_yield_curve_2020.xml
2020-06-16,4368,-0.68,-0.62,-0.52,-0.23,-0.01,2020,daily_treasury_real_yield_curve_2020.xml
2020-06-17,4369,-0.67,-0.61,-0.52,-0.24,-0.01,2020,daily_treasury_real_yield_curve_2020.xml
2020-06-18,4370,-0.78,-0.69,-0.57,-0.29,-0.07,2020,daily_treasury_real_yield_curve_2020.xml
2020-06-19,4371,-0.73,-0.68,-0.6,-0.33,-0.09,2020,daily_treasury_real_yield_curve_2020.xml
2020-06-22,4372,-0.77,-0.71,-0.63,-0.36,-0.12,2020,daily_treasury_real_yield_curve_2020.xml
2020-06-23,4373,-0.81,-0.75,-0.66,-0.38,-0.14,2020,daily_treasury_real_yield_curve_2020.xml
2020-06-24,4374,-0.77,-0.72,-0.64,-0.38,-0.14,2020,daily_treasury_real_yield_curve_2020.xml
2020-06-25,4375,-0.79,-0.73,-0.65,-0.4,-0.16,2020,daily_treasury_real_yield_curve_2020.xml
2020-06-26,4376,-0.81,-0.76,-0.68,-0.43,-0.2,2020,daily_treasury_real_yield_curve_2020.xml
2020-06-29,4377,-0.86,-0.8,-0.7,-0.41,-0.18,2020,daily_treasury_real_yield_curve_2020.xml
2020-06-30,4378,-0.87,-0.79,-0.68,-0.38,-0.15,2020,daily_treasury_real_yield_curve_2020.xml
2020-07-01,4379,-0.86,-0.79,-0.68,-0.38,-0.15,2020,daily_treasury_real_yield_curve_2020.xml
2020-07-02,4380,-0.92,-0.84,-0.73,-0.42,-0.18,2020,daily_treasury_real_yield_curve_2020.xml
2020-07-06,4381,-0.97,-0.88,-0.76,-0.44,-0.2,2020,daily_treasury_real_yield_curve_2020.xml
2020-07-07,4382,-0.97,-0.89,-0.78,-0.47,-0.23,2020,daily_treasury_real_yield_curve_2020.xml
2020-07-08,4383,-0.95,-0.87,-0.75,-0.43,-0.19,2020,daily_treasury_real_yield_curve_2020.xml
2020-07-09,4384,-0.94,-0.87,-0.77,-0.48,-0.24,2020,daily_treasury_real_yield_curve_2020.xml
2020-07-10,4385,-0.95,-0.87,-0.76,-0.46,-0.22,2020,daily_treasury_real_yield_curve_2020.xml
2020-07-13,4386,-0.97,-0.9,-0.78,-0.48,-0.24,2020,daily_treasury_real_yield_curve_2020.xml
2020-07-14,4387,-0.99,-0.9,-0.78,-0.48,-0.25,2020,daily_treasury_real_yield_curve_2020.xml
2020-07-15,4388,-1,-0.9,-0.77,-0.46,-0.24,2020,daily_treasury_real_yield_curve_2020.xml
2020-07-16,4389,-1.02,-0.92,-0.79,-0.48,-0.27,2020,daily_treasury_real_yield_curve_2020.xml
2020-07-17,4390,-1.06,-0.96,-0.82,-0.5,-0.28,2020,daily_treasury_real_yield_curve_2020.xml
2020-07-20,4391,-1.08,-0.97,-0.84,-0.52,-0.3,2020,daily_treasury_real_yield_curve_2020.xml
2020-07-21,4392,-1.13,-1.01,-0.87,-0.54,-0.32,2020,daily_treasury_real_yield_curve_2020.xml
2020-07-22,4393,-1.13,-1.02,-0.88,-0.55,-0.32,2020,daily_treasury_real_yield_curve_2020.xml
2020-07-23,4394,-1.1,-1.02,-0.9,-0.59,-0.34,2020,daily_treasury_real_yield_curve_2020.xml
2020-07-24,4395,-1.08,-1.01,-0.92,-0.62,-0.37,2020,daily_treasury_real_yield_curve_2020.xml
2020-07-27,4396,-1.08,-1,-0.9,-0.6,-0.36,2020,daily_treasury_real_yield_curve_2020.xml
2020-07-28,4397,-1.1,-1.03,-0.92,-0.63,-0.39,2020,daily_treasury_real_yield_curve_2020.xml
2020-07-29,4398,-1.13,-1.06,-0.95,-0.65,-0.4,2020,daily_treasury_real_yield_curve_2020.xml
2020-07-30,4399,-1.14,-1.07,-0.97,-0.68,-0.42,2020,daily_treasury_real_yield_curve_2020.xml
2020-07-31,4400,-1.19,-1.11,-1,-0.69,-0.45,2020,daily_treasury_real_yield_curve_2020.xml
2020-08-03,4401,-1.24,-1.15,-1.02,-0.69,-0.44,2020,daily_treasury_real_yield_curve_2020.xml
2020-08-04,4402,-1.26,-1.17,-1.05,-0.71,-0.46,2020,daily_treasury_real_yield_curve_2020.xml
2020-08-05,4403,-1.3,-1.2,-1.06,-0.71,-0.45,2020,daily_treasury_real_yield_curve_2020.xml
2020-08-06,4404,-1.32,-1.22,-1.08,-0.72,-0.45,2020,daily_treasury_real_yield_curve_2020.xml
2020-08-07,4405,-1.27,-1.18,-1.04,-0.69,-0.41,2020,daily_treasury_real_yield_curve_2020.xml
2020-08-10,4406,-1.25,-1.15,-1.02,-0.67,-0.41,2020,daily_treasury_real_yield_curve_2020.xml
2020-08-11,4407,-1.23,-1.13,-0.99,-0.63,-0.37,2020,daily_treasury_real_yield_curve_2020.xml
2020-08-12,4408,-1.26,-1.14,-0.98,-0.61,-0.35,2020,daily_treasury_real_yield_curve_2020.xml
2020-08-13,4409,-1.24,-1.12,-0.96,-0.57,-0.3,2020,daily_treasury_real_yield_curve_2020.xml
2020-08-14,4410,-1.24,-1.11,-0.94,-0.54,-0.26,2020,daily_treasury_real_yield_curve_2020.xml
2020-08-17,4411,-1.25,-1.13,-0.97,-0.56,-0.28,2020,daily_treasury_real_yield_curve_2020.xml
2020-08-18,4412,-1.28,-1.17,-1.01,-0.62,-0.35,2020,daily_treasury_real_yield_curve_2020.xml
2020-08-19,4413,-1.26,-1.15,-0.99,-0.6,-0.33,2020,daily_treasury_real_yield_curve_2020.xml
2020-08-20,4414,-1.22,-1.12,-0.97,-0.56,-0.26,2020,daily_treasury_real_yield_curve_2020.xml
2020-08-21,4415,-1.25,-1.15,-1,-0.61,-0.34,2020,daily_treasury_real_yield_curve_2020.xml
2020-08-24,4416,-1.29,-1.18,-1.02,-0.63,-0.36,2020,daily_treasury_real_yield_curve_2020.xml
2020-08-25,4417,-1.3,-1.18,-1.01,-0.61,-0.34,2020,daily_treasury_real_yield_curve_2020.xml
2020-08-26,4418,-1.35,-1.22,-1.03,-0.63,-0.35,2020,daily_treasury_real_yield_curve_2020.xml
2020-08-27,4419,-1.34,-1.19,-0.99,-0.55,-0.26,2020,daily_treasury_real_yield_curve_2020.xml
2020-08-28,4420,-1.4,-1.26,-1.03,-0.57,-0.28,2020,daily_treasury_real_yield_curve_2020.xml
2020-08-31,4421,-1.41,-1.27,-1.08,-0.64,-0.35,2020,daily_treasury_real_yield_curve_2020.xml
2020-09-01,4422,-1.39,-1.26,-1.08,-0.67,-0.39,2020,daily_treasury_real_yield_curve_2020.xml
2020-09-02,4423,-1.35,-1.23,-1.07,-0.67,-0.4,2020,daily_treasury_real_yield_curve_2020.xml
2020-09-03,4424,-1.29,-1.18,-1.02,-0.65,-0.39,2020,daily_treasury_real_yield_curve_2020.xml
2020-09-04,4425,-1.27,-1.15,-0.98,-0.59,-0.33,2020,daily_treasury_real_yield_curve_2020.xml
2020-09-08,4426,-1.27,-1.16,-0.99,-0.61,-0.35,2020,daily_treasury_real_yield_curve_2020.xml
2020-09-09,4427,-1.29,-1.17,-1,-0.61,-0.34,2020,daily_treasury_real_yield_curve_2020.xml
2020-09-10,4428,-1.28,-1.17,-1.01,-0.62,-0.36,2020,daily_treasury_real_yield_curve_2020.xml
2020-09-11,4429,-1.27,-1.15,-0.98,-0.6,-0.33,2020,daily_treasury_real_yield_curve_2020.xml
2020-09-14,4430,-1.27,-1.14,-0.97,-0.59,-0.32,2020,daily_treasury_real_yield_curve_2020.xml
2020-09-15,4431,-1.27,-1.15,-0.99,-0.6,-0.34,2020,daily_treasury_real_yield_curve_2020.xml
2020-09-16,4432,-1.29,-1.16,-0.99,-0.58,-0.32,2020,daily_treasury_real_yield_curve_2020.xml
2020-09-17,4433,-1.29,-1.15,-0.97,-0.57,-0.32,2020,daily_treasury_real_yield_curve_2020.xml
2020-09-18,4434,-1.29,-1.15,-0.97,-0.57,-0.31,2020,daily_treasury_real_yield_curve_2020.xml
2020-09-21,4435,-1.23,-1.11,-0.94,-0.56,-0.3,2020,daily_treasury_real_yield_curve_2020.xml
2020-09-22,4436,-1.23,-1.1,-0.94,-0.56,-0.3,2020,daily_treasury_real_yield_curve_2020.xml
2020-09-23,4437,-1.2,-1.08,-0.92,-0.55,-0.31,2020,daily_treasury_real_yield_curve_2020.xml
2020-09-24,4438,-1.18,-1.07,-0.91,-0.56,-0.33,2020,daily_treasury_real_yield_curve_2020.xml
2020-09-25,4439,-1.17,-1.07,-0.92,-0.55,-0.34,2020,daily_treasury_real_yield_curve_2020.xml
2020-09-28,4440,-1.22,-1.11,-0.94,-0.55,-0.34,2020,daily_treasury_real_yield_curve_2020.xml
2020-09-29,4441,-1.25,-1.14,-0.98,-0.59,-0.36,2020,daily_treasury_real_yield_curve_2020.xml
2020-09-30,4442,-1.22,-1.11,-0.94,-0.54,-0.32,2020,daily_treasury_real_yield_curve_2020.xml
2020-10-01,4443,-1.21,-1.11,-0.95,-0.55,-0.34,2020,daily_treasury_real_yield_curve_2020.xml
2020-10-02,4444,-1.2,-1.1,-0.94,-0.55,-0.33,2020,daily_treasury_real_yield_curve_2020.xml
2020-10-05,4445,-1.19,-1.07,-0.9,-0.5,-0.27,2020,daily_treasury_real_yield_curve_2020.xml
2020-10-06,4446,-1.19,-1.07,-0.9,-0.5,-0.26,2020,daily_treasury_real_yield_curve_2020.xml
2020-10-07,4447,-1.19,-1.07,-0.9,-0.48,-0.24,2020,daily_treasury_real_yield_curve_2020.xml
2020-10-08,4448,-1.23,-1.12,-0.94,-0.52,-0.29,2020,daily_treasury_real_yield_curve_2020.xml
2020-10-09,4449,-1.22,-1.1,-0.94,-0.52,-0.29,2020,daily_treasury_real_yield_curve_2020.xml
2020-10-13,4450,-1.21,-1.11,-0.96,-0.58,-0.33,2020,daily_treasury_real_yield_curve_2020.xml
2020-10-14,4451,-1.22,-1.11,-0.96,-0.58,-0.33,2020,daily_treasury_real_yield_curve_2020.xml
2020-10-15,4452,-1.2,-1.1,-0.95,-0.57,-0.33,2020,daily_treasury_real_yield_curve_2020.xml
2020-10-16,4453,-1.21,-1.1,-0.95,-0.56,-0.33,2020,daily_treasury_real_yield_curve_2020.xml
2020-10-19,4454,-1.19,-1.08,-0.93,-0.53,-0.3,2020,daily_treasury_real_yield_curve_2020.xml
2020-10-20,4455,-1.19,-1.08,-0.91,-0.49,-0.26,2020,daily_treasury_real_yield_curve_2020.xml
2020-10-21,4456,-1.2,-1.08,-0.91,-0.48,-0.26,2020,daily_treasury_real_yield_curve_2020.xml
2020-10-22,4457,-1.3,-1.13,-0.89,-0.45,-0.23,2020,daily_treasury_real_yield_curve_2020.xml
2020-10-23,4458,-1.29,-1.12,-0.9,-0.47,-0.25,2020,daily_treasury_real_yield_curve_2020.xml
2020-10-26,4459,-1.28,-1.12,-0.91,-0.49,-0.28,2020,daily_treasury_real_yield_curve_2020.xml
2020-10-27,4460,-1.3,-1.14,-0.92,-0.52,-0.3,2020,daily_treasury_real_yield_curve_2020.xml
2020-10-28,4461,-1.27,-1.11,-0.91,-0.5,-0.29,2020,daily_treasury_real_yield_curve_2020.xml
2020-10-29,4462,-1.23,-1.07,-0.86,-0.47,-0.26,2020,daily_treasury_real_yield_curve_2020.xml
2020-10-30,4463,-1.21,-1.04,-0.82,-0.42,-0.23,2020,daily_treasury_real_yield_curve_2020.xml
2020-11-02,4464,-1.22,-1.06,-0.84,-0.42,-0.26,2020,daily_treasury_real_yield_curve_2020.xml
2020-11-03,4465,-1.23,-1.05,-0.82,-0.42,-0.24,2020,daily_treasury_real_yield_curve_2020.xml
2020-11-04,4466,-1.23,-1.07,-0.86,-0.47,-0.27,2020,daily_treasury_real_yield_curve_2020.xml
2020-11-05,4467,-1.22,-1.07,-0.87,-0.48,-0.29,2020,daily_treasury_real_yield_curve_2020.xml
2020-11-06,4468,-1.18,-1.03,-0.82,-0.43,-0.24,2020,daily_treasury_real_yield_curve_2020.xml
2020-11-09,4469,-1.19,-1.01,-0.77,-0.33,-0.15,2020,daily_treasury_real_yield_curve_2020.xml
2020-11-10,4470,-1.23,-1.04,-0.78,-0.33,-0.17,2020,daily_treasury_real_yield_curve_2020.xml
2020-11-12,4471,-1.23,-1.06,-0.83,-0.38,-0.24,2020,daily_treasury_real_yield_curve_2020.xml
2020-11-13,4472,-1.23,-1.05,-0.83,-0.4,-0.24,2020,daily_treasury_real_yield_curve_2020.xml
2020-11-16,4473,-1.23,-1.05,-0.81,-0.36,-0.22,2020,daily_treasury_real_yield_curve_2020.xml
2020-11-17,4474,-1.24,-1.07,-0.83,-0.38,-0.25,2020,daily_treasury_real_yield_curve_2020.xml
2020-11-18,4475,-1.23,-1.05,-0.82,-0.4,-0.24,2020,daily_treasury_real_yield_curve_2020.xml
2020-11-19,4476,-1.23,-1.05,-0.84,-0.46,-0.27,2020,daily_treasury_real_yield_curve_2020.xml
2020-11-20,4477,-1.23,-1.06,-0.86,-0.49,-0.31,2020,daily_treasury_real_yield_curve_2020.xml
2020-11-23,4478,-1.23,-1.04,-0.85,-0.49,-0.3,2020,daily_treasury_real_yield_curve_2020.xml
2020-11-24,4479,-1.26,-1.07,-0.86,-0.48,-0.29,2020,daily_treasury_real_yield_curve_2020.xml
2020-11-25,4480,-1.28,-1.09,-0.87,-0.49,-0.29,2020,daily_treasury_real_yield_curve_2020.xml
2020-11-27,4481,-1.3,-1.11,-0.91,-0.53,-0.33,2020,daily_treasury_real_yield_curve_2020.xml
2020-11-30,4482,-1.32,-1.13,-0.93,-0.55,-0.35,2020,daily_treasury_real_yield_curve_2020.xml
2020-12-01,4483,-1.3,-1.11,-0.89,-0.49,-0.3,2020,daily_treasury_real_yield_curve_2020.xml
2020-12-02,4484,-1.34,-1.13,-0.9,-0.49,-0.29,2020,daily_treasury_real_yield_curve_2020.xml
2020-12-03,4485,-1.38,-1.18,-0.94,-0.51,-0.32,2020,daily_treasury_real_yield_curve_2020.xml
2020-12-04,4486,-1.41,-1.18,-0.92,-0.48,-0.28,2020,daily_treasury_real_yield_curve_2020.xml
2020-12-07,4487,-1.44,-1.21,-0.94,-0.49,-0.3,2020,daily_treasury_real_yield_curve_2020.xml
2020-12-08,4488,-1.45,-1.22,-0.97,-0.53,-0.32,2020,daily_treasury_real_yield_curve_2020.xml
2020-12-09,4489,-1.43,-1.2,-0.96,-0.53,-0.32,2020,daily_treasury_real_yield_curve_2020.xml
2020-12-10,4490,-1.44,-1.21,-0.96,-0.55,-0.35,2020,daily_treasury_real_yield_curve_2020.xml
2020-12-11,4491,-1.45,-1.21,-0.97,-0.55,-0.34,2020,daily_treasury_real_yield_curve_2020.xml
2020-12-14,4492,-1.47,-1.23,-0.98,-0.55,-0.34,2020,daily_treasury_real_yield_curve_2020.xml
2020-12-15,4493,-1.49,-1.25,-0.99,-0.56,-0.35,2020,daily_treasury_real_yield_curve_2020.xml
2020-12-16,4494,-1.53,-1.27,-1,-0.55,-0.33,2020,daily_treasury_real_yield_curve_2020.xml
2020-12-17,4495,-1.52,-1.27,-1,-0.56,-0.33,2020,daily_treasury_real_yield_curve_2020.xml
2020-12-18,4496,-1.53,-1.26,-1,-0.55,-0.32,2020,daily_treasury_real_yield_curve_2020.xml
2020-12-21,4497,-1.51,-1.25,-1,-0.56,-0.32,2020,daily_treasury_real_yield_curve_2020.xml
2020-12-22,4498,-1.55,-1.29,-1.01,-0.54,-0.33,2020,daily_treasury_real_yield_curve_2020.xml
2020-12-23,4499,-1.55,-1.28,-1.01,-0.55,-0.32,2020,daily_treasury_real_yield_curve_2020.xml
2020-12-24,4500,-1.55,-1.29,-1.03,-0.58,-0.35,2020,daily_treasury_real_yield_curve_2020.xml
2020-12-28,4501,-1.54,-1.28,-1.03,-0.58,-0.35,2020,daily_treasury_real_yield_curve_2020.xml
2020-12-29,4502,-1.53,-1.27,-1.02,-0.58,-0.34,2020,daily_treasury_real_yield_curve_2020.xml
2020-12-30,4503,-1.55,-1.28,-1.03,-0.58,-0.35,2020,daily_treasury_real_yield_curve_2020.xml
2020-12-31,4504,-1.59,-1.31,-1.06,-0.61,-0.37,2020,daily_treasury_real_yield_curve_2020.xml
2021-01-04,4505,-1.62,-1.34,-1.08,-0.63,-0.39,2021,daily_treasury_real_yield_curve_2021.xml
2021-01-05,4506,-1.63,-1.34,-1.07,-0.61,-0.36,2021,daily_treasury_real_yield_curve_2021.xml
2021-01-06,4507,-1.61,-1.3,-1.02,-0.55,-0.3,2021,daily_treasury_real_yield_curve_2021.xml
2021-01-07,4508,-1.63,-1.3,-1.01,-0.53,-0.28,2021,daily_treasury_real_yield_curve_2021.xml
2021-01-08,4509,-1.58,-1.23,-0.93,-0.46,-0.21,2021,daily_treasury_real_yield_curve_2021.xml
2021-01-11,4510,-1.54,-1.2,-0.91,-0.45,-0.2,2021,daily_treasury_real_yield_curve_2021.xml
2021-01-12,4511,-1.56,-1.22,-0.93,-0.47,-0.22,2021,daily_treasury_real_yield_curve_2021.xml
2021-01-13,4512,-1.56,-1.23,-0.96,-0.52,-0.28,2021,daily_treasury_real_yield_curve_2021.xml
2021-01-14,4513,-1.6,-1.24,-0.94,-0.48,-0.24,2021,daily_treasury_real_yield_curve_2021.xml
2021-01-15,4514,-1.63,-1.28,-0.99,-0.51,-0.26,2021,daily_treasury_real_yield_curve_2021.xml
2021-01-19,4515,-1.67,-1.3,-1,-0.53,-0.29,2021,daily_treasury_real_yield_curve_2021.xml
2021-01-20,4516,-1.7,-1.33,-1.02,-0.54,-0.3,2021,daily_treasury_real_yield_curve_2021.xml
2021-01-21,4517,-1.73,-1.34,-0.98,-0.53,-0.3,2021,daily_treasury_real_yield_curve_2021.xml
2021-01-22,4518,-1.72,-1.34,-0.99,-0.53,-0.3,2021,daily_treasury_real_yield_curve_2021.xml
2021-01-25,4519,-1.73,-1.37,-1.03,-0.56,-0.32,2021,daily_treasury_real_yield_curve_2021.xml
2021-01-26,4520,-1.73,-1.37,-1.03,-0.55,-0.29,2021,daily_treasury_real_yield_curve_2021.xml
2021-01-27,4521,-1.74,-1.38,-1.04,-0.55,-0.28,2021,daily_treasury_real_yield_curve_2021.xml
2021-01-28,4522,-1.76,-1.4,-1.06,-0.57,-0.31,2021,daily_treasury_real_yield_curve_2021.xml
2021-01-29,4523,-1.76,-1.38,-1.02,-0.52,-0.27,2021,daily_treasury_real_yield_curve_2021.xml
2021-02-01,4524,-1.76,-1.39,-1.02,-0.51,-0.27,2021,daily_treasury_real_yield_curve_2021.xml
2021-02-02,4525,-1.78,-1.4,-1.03,-0.51,-0.27,2021,daily_treasury_real_yield_curve_2021.xml
2021-02-03,4526,-1.81,-1.43,-1.04,-0.5,-0.25,2021,daily_treasury_real_yield_curve_2021.xml
2021-02-04,4527,-1.79,-1.4,-1.02,-0.49,-0.24,2021,daily_treasury_real_yield_curve_2021.xml
2021-02-05,4528,-1.81,-1.42,-1.02,-0.46,-0.2,2021,daily_treasury_real_yield_curve_2021.xml
2021-02-08,4529,-1.83,-1.43,-1.03,-0.46,-0.22,2021,daily_treasury_real_yield_curve_2021.xml
2021-02-09,4530,-1.83,-1.43,-1.04,-0.48,-0.22,2021,daily_treasury_real_yield_curve_2021.xml
2021-02-10,4531,-1.85,-1.46,-1.06,-0.49,-0.24,2021,daily_treasury_real_yield_curve_2021.xml
2021-02-11,4532,-1.86,-1.45,-1.04,-0.45,-0.2,2021,daily_treasury_real_yield_curve_2021.xml
2021-02-12,4533,-1.85,-1.44,-1.01,-0.41,-0.16,2021,daily_treasury_real_yield_curve_2021.xml
2021-02-16,4534,-1.8,-1.38,-0.94,-0.33,-0.11,2021,daily_treasury_real_yield_curve_2021.xml
2021-02-17,4535,-1.78,-1.36,-0.92,-0.33,-0.11,2021,daily_treasury_real_yield_curve_2021.xml
2021-02-18,4536,-1.73,-1.31,-0.87,-0.29,-0.04,2021,daily_treasury_real_yield_curve_2021.xml
2021-02-19,4537,-1.7,-1.27,-0.8,-0.2,0.03,2021,daily_treasury_real_yield_curve_2021.xml
2021-02-22,4538,-1.74,-1.28,-0.79,-0.18,0.06,2021,daily_treasury_real_yield_curve_2021.xml
2021-02-23,4539,-1.76,-1.29,-0.79,-0.16,0.08,2021,daily_treasury_real_yield_curve_2021.xml
2021-02-24,4540,-1.76,-1.28,-0.79,-0.16,0.11,2021,daily_treasury_real_yield_curve_2021.xml
2021-02-25,4541,-1.53,-1.06,-0.6,-0.03,0.22,2021,daily_treasury_real_yield_curve_2021.xml
2021-02-26,4542,-1.64,-1.16,-0.71,-0.18,0.06,2021,daily_treasury_real_yield_curve_2021.xml
2021-03-01,4543,-1.69,-1.19,-0.71,-0.14,0.12,2021,daily_treasury_real_yield_curve_2021.xml
2021-03-02,4544,-1.76,-1.26,-0.78,-0.18,0.08,2021,daily_treasury_real_yield_curve_2021.xml
2021-03-03,4545,-1.72,-1.21,-0.74,-0.17,0.1,2021,daily_treasury_real_yield_curve_2021.xml
2021-03-04,4546,-1.66,-1.14,-0.66,-0.11,0.15,2021,daily_treasury_real_yield_curve_2021.xml
2021-03-05,4547,-1.64,-1.12,-0.66,-0.13,0.12,2021,daily_treasury_real_yield_curve_2021.xml
2021-03-08,4548,-1.56,-1.06,-0.62,-0.1,0.15,2021,daily_treasury_real_yield_curve_2021.xml
2021-03-09,4549,-1.58,-1.09,-0.66,-0.15,0.1,2021,daily_treasury_real_yield_curve_2021.xml
2021-03-10,4550,-1.67,-1.17,-0.73,-0.21,0.05,2021,daily_treasury_real_yield_curve_2021.xml
2021-03-11,4551,-1.73,-1.2,-0.74,-0.19,0.08,2021,daily_treasury_real_yield_curve_2021.xml
2021-03-12,4552,-1.66,-1.11,-0.62,-0.05,0.21,2021,daily_treasury_real_yield_curve_2021.xml
2021-03-15,4553,-1.7,-1.14,-0.65,-0.1,0.16,2021,daily_treasury_real_yield_curve_2021.xml
2021-03-16,4554,-1.76,-1.18,-0.68,-0.12,0.14,2021,daily_treasury_real_yield_curve_2021.xml
2021-03-17,4555,-1.78,-1.19,-0.67,-0.09,0.17,2021,daily_treasury_real_yield_curve_2021.xml
2021-03-18,4556,-1.64,-1.06,-0.56,-0.03,0.21,2021,daily_treasury_real_yield_curve_2021.xml
2021-03-19,4557,-1.61,-1.05,-0.57,-0.06,0.18,2021,daily_treasury_real_yield_curve_2021.xml
2021-03-22,4558,-1.64,-1.1,-0.64,-0.15,0.08,2021,daily_treasury_real_yield_curve_2021.xml
2021-03-23,4559,-1.65,-1.12,-0.66,-0.17,0.05,2021,daily_treasury_real_yield_curve_2021.xml
2021-03-24,4560,-1.7,-1.15,-0.69,-0.2,0.03,2021,daily_treasury_real_yield_curve_2021.xml
2021-03-25,4561,-1.72,-1.16,-0.69,-0.19,0.05,2021,daily_treasury_real_yield_curve_2021.xml
2021-03-26,4562,-1.72,-1.15,-0.67,-0.17,0.06,2021,daily_treasury_real_yield_curve_2021.xml
2021-03-29,4563,-1.67,-1.11,-0.63,-0.13,0.1,2021,daily_treasury_real_yield_curve_2021.xml
2021-03-30,4564,-1.62,-1.07,-0.62,-0.14,0.09,2021,daily_treasury_real_yield_curve_2021.xml
2021-03-31,4565,-1.62,-1.08,-0.63,-0.13,0.11,2021,daily_treasury_real_yield_curve_2021.xml
2021-04-01,4566,-1.65,-1.11,-0.66,-0.16,0.07,2021,daily_treasury_real_yield_curve_2021.xml
2021-04-02,4567,-1.61,-1.08,-0.64,-0.16,0.07,2021,daily_treasury_real_yield_curve_2021.xml
2021-04-05,4568,-1.61,-1.07,-0.62,-0.14,0.1,2021,daily_treasury_real_yield_curve_2021.xml
2021-04-06,4569,-1.64,-1.1,-0.65,-0.15,0.1,2021,daily_treasury_real_yield_curve_2021.xml
2021-04-07,4570,-1.66,-1.11,-0.66,-0.13,0.12,2021,daily_treasury_real_yield_curve_2021.xml
2021-04-08,4571,-1.7,-1.14,-0.69,-0.16,0.1,2021,daily_treasury_real_yield_curve_2021.xml
2021-04-09,4572,-1.64,-1.09,-0.64,-0.11,0.14,2021,daily_treasury_real_yield_curve_2021.xml
2021-04-12,4573,-1.63,-1.09,-0.64,-0.12,0.13,2021,daily_treasury_real_yield_curve_2021.xml
2021-04-13,4574,-1.69,-1.14,-0.69,-0.17,0.09,2021,daily_treasury_real_yield_curve_2021.xml
2021-04-14,4575,-1.69,-1.14,-0.69,-0.16,0.1,2021,daily_treasury_real_yield_curve_2021.xml
2021-04-15,4576,-1.74,-1.21,-0.77,-0.25,0.01,2021,daily_treasury_real_yield_curve_2021.xml
2021-04-16,4577,-1.73,-1.2,-0.77,-0.25,0.01,2021,daily_treasury_real_yield_curve_2021.xml
2021-04-19,4578,-1.71,-1.18,-0.73,-0.2,0.05,2021,daily_treasury_real_yield_curve_2021.xml
2021-04-20,4579,-1.71,-1.18,-0.74,-0.22,0.04,2021,daily_treasury_real_yield_curve_2021.xml
2021-04-21,4580,-1.72,-1.2,-0.76,-0.23,0.02,2021,daily_treasury_real_yield_curve_2021.xml
2021-04-22,4581,-1.61,-1.02,-0.76,-0.27,0,2021,daily_treasury_real_yield_curve_2021.xml
2021-04-23,4582,-1.61,-1.04,-0.76,-0.26,0,2021,daily_treasury_real_yield_curve_2021.xml
2021-04-26,4583,-1.62,-1.05,-0.78,-0.28,-0.02,2021,daily_treasury_real_yield_curve_2021.xml
2021-04-27,4584,-1.63,-1.03,-0.76,-0.26,-0.01,2021,daily_treasury_real_yield_curve_2021.xml
2021-04-28,4585,-1.68,-1.08,-0.78,-0.27,-0.02,2021,daily_treasury_real_yield_curve_2021.xml
2021-04-29,4586,-1.7,-1.06,-0.77,-0.26,0.01,2021,daily_treasury_real_yield_curve_2021.xml
2021-04-30,4587,-1.71,-1.06,-0.76,-0.24,0.02,2021,daily_treasury_real_yield_curve_2021.xml
2021-05-03,4588,-1.76,-1.14,-0.79,-0.25,0.02,2021,daily_treasury_real_yield_curve_2021.xml
2021-05-04,4589,-1.8,-1.16,-0.81,-0.27,0,2021,daily_treasury_real_yield_curve_2021.xml
2021-05-05,4590,-1.88,-1.21,-0.88,-0.32,-0.05,2021,daily_treasury_real_yield_curve_2021.xml
2021-05-06,4591,-1.85,-1.24,-0.87,-0.3,-0.03,2021,daily_treasury_real_yield_curve_2021.xml
2021-05-07,4592,-1.88,-1.23,-0.89,-0.31,-0.03,2021,daily_treasury_real_yield_curve_2021.xml
2021-05-10,4593,-1.91,-1.27,-0.91,-0.32,-0.03,2021,daily_treasury_real_yield_curve_2021.xml
2021-05-11,4594,-1.88,-1.29,-0.89,-0.29,0,2021,daily_treasury_real_yield_curve_2021.xml
2021-05-12,4595,-1.85,-1.23,-0.85,-0.25,0.04,2021,daily_treasury_real_yield_curve_2021.xml
2021-05-13,4596,-1.81,-1.18,-0.85,-0.26,0.03,2021,daily_treasury_real_yield_curve_2021.xml
2021-05-14,4597,-1.86,-1.27,-0.88,-0.3,-0.02,2021,daily_treasury_real_yield_curve_2021.xml
2021-05-17,4598,-1.88,-1.29,-0.9,-0.3,-0.02,2021,daily_treasury_real_yield_curve_2021.xml
2021-05-18,4599,-1.89,-1.34,-0.88,-0.27,0,2021,daily_treasury_real_yield_curve_2021.xml
2021-05-19,4600,-1.79,-1.25,-0.8,-0.21,0.04,2021,daily_treasury_real_yield_curve_2021.xml
2021-05-20,4601,-1.76,-1.22,-0.78,-0.21,0.04,2021,daily_treasury_real_yield_curve_2021.xml
2021-05-21,4602,-1.78,-1.25,-0.8,-0.21,0.03,2021,daily_treasury_real_yield_curve_2021.xml
2021-05-24,4603,-1.82,-1.28,-0.83,-0.25,0,2021,daily_treasury_real_yield_curve_2021.xml
2021-05-25,4604,-1.84,-1.3,-0.86,-0.29,-0.05,2021,daily_treasury_real_yield_curve_2021.xml
2021-05-26,4605,-1.8,-1.27,-0.82,-0.26,-0.03,2021,daily_treasury_real_yield_curve_2021.xml
2021-05-27,4606,-1.78,-1.25,-0.81,-0.25,-0.02,2021,daily_treasury_real_yield_curve_2021.xml
2021-05-28,4607,-1.78,-1.27,-0.84,-0.3,-0.06,2021,daily_treasury_real_yield_curve_2021.xml
2021-06-01,4608,-1.79,-1.26,-0.84,-0.29,-0.05,2021,daily_treasury_real_yield_curve_2021.xml
2021-06-02,4609,-1.79,-1.28,-0.85,-0.29,-0.05,2021,daily_treasury_real_yield_curve_2021.xml
2021-06-03,4610,-1.72,-1.22,-0.79,-0.25,-0.03,2021,daily_treasury_real_yield_curve_2021.xml
2021-06-04,4611,-1.76,-1.26,-0.84,-0.31,-0.08,2021,daily_treasury_real_yield_curve_2021.xml
2021-06-07,4612,-1.72,-1.22,-0.82,-0.29,-0.06,2021,daily_treasury_real_yield_curve_2021.xml
2021-06-08,4613,-1.7,-1.21,-0.83,-0.32,-0.09,2021,daily_treasury_real_yield_curve_2021.xml
2021-06-09,4614,-1.66,-1.19,-0.82,-0.33,-0.11,2021,daily_treasury_real_yield_curve_2021.xml
2021-06-10,4615,-1.74,-1.27,-0.9,-0.39,-0.16,2021,daily_treasury_real_yield_curve_2021.xml
2021-06-11,4616,-1.67,-1.21,-0.85,-0.37,-0.14,2021,daily_treasury_real_yield_curve_2021.xml
2021-06-14,4617,-1.64,-1.19,-0.85,-0.37,-0.15,2021,daily_treasury_real_yield_curve_2021.xml
2021-06-15,4618,-1.67,-1.21,-0.87,-0.38,-0.15,2021,daily_treasury_real_yield_curve_2021.xml
2021-06-16,4619,-1.52,-1.09,-0.75,-0.31,-0.11,2021,daily_treasury_real_yield_curve_2021.xml
2021-06-17,4620,-1.41,-0.94,-0.75,-0.36,-0.15,2021,daily_treasury_real_yield_curve_2021.xml
2021-06-18,4621,-1.48,-1.1,-0.79,-0.38,-0.21,2021,daily_treasury_real_yield_curve_2021.xml
2021-06-21,4622,-1.51,-1.11,-0.75,-0.31,-0.12,2021,daily_treasury_real_yield_curve_2021.xml
2021-06-22,4623,-1.59,-1.19,-0.83,-0.36,-0.17,2021,daily_treasury_real_yield_curve_2021.xml
2021-06-23,4624,-1.59,-1.19,-0.84,-0.36,-0.16,2021,daily_treasury_real_yield_curve_2021.xml
2021-06-24,4625,-1.55,-1.15,-0.81,-0.36,-0.16,2021,daily_treasury_real_yield_curve_2021.xml
2021-06-25,4626,-1.54,-1.13,-0.8,-0.34,-0.13,2021,daily_treasury_real_yield_curve_2021.xml
2021-06-28,4627,-1.55,-1.16,-0.84,-0.4,-0.19,2021,daily_treasury_real_yield_curve_2021.xml
2021-06-29,4628,-1.57,-1.16,-0.83,-0.38,-0.17,2021,daily_treasury_real_yield_curve_2021.xml
2021-06-30,4629,-1.6,-1.21,-0.87,-0.4,-0.2,2021,daily_treasury_real_yield_curve_2021.xml
2021-07-01,4630,-1.6,-1.21,-0.87,-0.41,-0.21,2021,daily_treasury_real_yield_curve_2021.xml
2021-07-02,4631,-1.63,-1.23,-0.89,-0.43,-0.22,2021,daily_treasury_real_yield_curve_2021.xml
2021-07-06,4632,-1.67,-1.28,-0.94,-0.47,-0.26,2021,daily_treasury_real_yield_curve_2021.xml
2021-07-07,4633,-1.64,-1.25,-0.95,-0.49,-0.28,2021,daily_treasury_real_yield_curve_2021.xml
2021-07-08,4634,-1.64,-1.26,-0.92,-0.45,-0.25,2021,daily_treasury_real_yield_curve_2021.xml
2021-07-09,4635,-1.65,-1.25,-0.91,-0.43,-0.23,2021,daily_treasury_real_yield_curve_2021.xml
2021-07-12,4636,-1.67,-1.26,-0.95,-0.47,-0.25,2021,daily_treasury_real_yield_curve_2021.xml
2021-07-13,4637,-1.71,-1.28,-0.94,-0.45,-0.23,2021,daily_treasury_real_yield_curve_2021.xml
2021-07-14,4638,-1.73,-1.31,-0.97,-0.47,-0.25,2021,daily_treasury_real_yield_curve_2021.xml
2021-07-15,4639,-1.75,-1.34,-1.01,-0.52,-0.29,2021,daily_treasury_real_yield_curve_2021.xml
2021-07-16,4640,-1.73,-1.31,-1.02,-0.53,-0.29,2021,daily_treasury_real_yield_curve_2021.xml
2021-07-19,4641,-1.71,-1.31,-1.05,-0.58,-0.34,2021,daily_treasury_real_yield_curve_2021.xml
2021-07-20,4642,-1.71,-1.32,-1.03,-0.53,-0.29,2021,daily_treasury_real_yield_curve_2021.xml
2021-07-21,4643,-1.71,-1.3,-0.98,-0.49,-0.26,2021,daily_treasury_real_yield_curve_2021.xml
2021-07-22,4644,-1.75,-1.34,-1.01,-0.53,-0.29,2021,daily_treasury_real_yield_curve_2021.xml
2021-07-23,4645,-1.81,-1.4,-1.05,-0.55,-0.31,2021,daily_treasury_real_yield_curve_2021.xml
2021-07-26,4646,-1.86,-1.45,-1.11,-0.61,-0.36,2021,daily_treasury_real_yield_curve_2021.xml
2021-07-27,4647,-1.84,-1.42,-1.13,-0.62,-0.36,2021,daily_treasury_real_yield_curve_2021.xml
2021-07-28,4648,-1.85,-1.39,-1.15,-0.63,-0.36,2021,daily_treasury_real_yield_curve_2021.xml
2021-07-29,4649,-1.85,-1.4,-1.15,-0.63,-0.36,2021,daily_treasury_real_yield_curve_2021.xml
2021-07-30,4650,-1.87,-1.43,-1.16,-0.62,-0.35,2021,daily_treasury_real_yield_curve_2021.xml
2021-08-02,4651,-1.85,-1.41,-1.17,-0.64,-0.36,2021,daily_treasury_real_yield_curve_2021.xml
2021-08-03,4652,-1.86,-1.42,-1.19,-0.66,-0.37,2021,daily_treasury_real_yield_curve_2021.xml
2021-08-04,4653,-1.83,-1.42,-1.16,-0.64,-0.37,2021,daily_treasury_real_yield_curve_2021.xml
2021-08-05,4654,-1.74,-1.32,-1.1,-0.6,-0.34,2021,daily_treasury_real_yield_curve_2021.xml
2021-08-06,4655,-1.73,-1.34,-1.06,-0.55,-0.3,2021,daily_treasury_real_yield_curve_2021.xml
2021-08-09,4656,-1.71,-1.32,-1.04,-0.54,-0.28,2021,daily_treasury_real_yield_curve_2021.xml
2021-08-10,4657,-1.71,-1.32,-1.04,-0.54,-0.28,2021,daily_treasury_real_yield_curve_2021.xml
2021-08-11,4658,-1.74,-1.34,-1.07,-0.55,-0.28,2021,daily_treasury_real_yield_curve_2021.xml
2021-08-12,4659,-1.72,-1.32,-1.05,-0.53,-0.26,2021,daily_treasury_real_yield_curve_2021.xml
2021-08-13,4660,-1.73,-1.33,-1.08,-0.57,-0.3,2021,daily_treasury_real_yield_curve_2021.xml
2021-08-16,4661,-1.75,-1.38,-1.1,-0.58,-0.31,2021,daily_treasury_real_yield_curve_2021.xml
2021-08-17,4662,-1.72,-1.35,-1.07,-0.54,-0.27,2021,daily_treasury_real_yield_curve_2021.xml
2021-08-18,4663,-1.69,-1.32,-1.05,-0.55,-0.29,2021,daily_treasury_real_yield_curve_2021.xml
2021-08-19,4664,-1.67,-1.33,-1.04,-0.55,-0.3,2021,daily_treasury_real_yield_curve_2021.xml
2021-08-20,4665,-1.6,-1.26,-1.01,-0.54,-0.3,2021,daily_treasury_real_yield_curve_2021.xml
2021-08-23,4666,-1.65,-1.3,-1.02,-0.55,-0.31,2021,daily_treasury_real_yield_curve_2021.xml
2021-08-24,4667,-1.65,-1.3,-1.01,-0.53,-0.29,2021,daily_treasury_real_yield_curve_2021.xml
2021-08-25,4668,-1.67,-1.32,-1,-0.49,-0.26,2021,daily_treasury_real_yield_curve_2021.xml
2021-08-26,4669,-1.66,-1.32,-0.99,-0.5,-0.28,2021,daily_treasury_real_yield_curve_2021.xml
2021-08-27,4670,-1.74,-1.39,-1.08,-0.59,-0.35,2021,daily_treasury_real_yield_curve_2021.xml
2021-08-30,4671,-1.74,-1.39,-1.08,-0.58,-0.34,2021,daily_treasury_real_yield_curve_2021.xml
2021-08-31,4672,-1.71,-1.36,-1.03,-0.54,-0.3,2021,daily_treasury_real_yield_curve_2021.xml
2021-09-01,4673,-1.7,-1.35,-1.03,-0.54,-0.31,2021,daily_treasury_real_yield_curve_2021.xml
2021-09-02,4674,-1.69,-1.34,-1.03,-0.55,-0.31,2021,daily_treasury_real_yield_curve_2021.xml
2021-09-03,4675,-1.7,-1.34,-1.01,-0.51,-0.28,2021,daily_treasury_real_yield_curve_2021.xml
2021-09-07,4676,-1.69,-1.32,-0.98,-0.47,-0.25,2021,daily_treasury_real_yield_curve_2021.xml
2021-09-08,4677,-1.72,-1.36,-1.03,-0.53,-0.29,2021,daily_treasury_real_yield_curve_2021.xml
2021-09-09,4678,-1.76,-1.4,-1.08,-0.59,-0.36,2021,daily_treasury_real_yield_curve_2021.xml
2021-09-10,4679,-1.73,-1.36,-1.05,-0.58,-0.34,2021,daily_treasury_real_yield_curve_2021.xml
2021-09-13,4680,-1.72,-1.35,-1.04,-0.57,-0.34,2021,daily_treasury_real_yield_curve_2021.xml
2021-09-14,4681,-1.7,-1.35,-1.05,-0.59,-0.37,2021,daily_treasury_real_yield_curve_2021.xml
2021-09-15,4682,-1.7,-1.33,-1.04,-0.58,-0.36,2021,daily_treasury_real_yield_curve_2021.xml
2021-09-16,4683,-1.69,-1.32,-1.01,-0.55,-0.34,2021,daily_treasury_real_yield_curve_2021.xml
2021-09-17,4684,-1.63,-1.28,-0.96,-0.52,-0.32,2021,daily_treasury_real_yield_curve_2021.xml
2021-09-20,4685,-1.6,-1.25,-0.98,-0.55,-0.34,2021,daily_treasury_real_yield_curve_2021.xml
2021-09-21,4686,-1.6,-1.24,-0.96,-0.54,-0.33,2021,daily_treasury_real_yield_curve_2021.xml
2021-09-22,4687,-1.55,-1.22,-0.96,-0.55,-0.34,2021,daily_treasury_real_yield_curve_2021.xml
2021-09-23,4688,-1.54,-1.2,-0.9,-0.49,-0.3,2021,daily_treasury_real_yield_curve_2021.xml
2021-09-24,4689,-1.5,-1.15,-0.87,-0.44,-0.24,2021,daily_treasury_real_yield_curve_2021.xml
2021-09-27,4690,-1.52,-1.16,-0.87,-0.45,-0.25,2021,daily_treasury_real_yield_curve_2021.xml
2021-09-28,4691,-1.51,-1.15,-0.84,-0.41,-0.2,2021,daily_treasury_real_yield_curve_2021.xml
2021-09-29,4692,-1.51,-1.14,-0.82,-0.38,-0.18,2021,daily_treasury_real_yield_curve_2021.xml
2021-09-30,4693,-1.53,-1.17,-0.85,-0.39,-0.19,2021,daily_treasury_real_yield_curve_2021.xml
2021-10-01,4694,-1.58,-1.23,-0.9,-0.44,-0.23,2021,daily_treasury_real_yield_curve_2021.xml
2021-10-04,4695,-1.58,-1.22,-0.89,-0.44,-0.23,2021,daily_treasury_real_yield_curve_2021.xml
2021-10-05,4696,-1.61,-1.25,-0.91,-0.44,-0.23,2021,daily_treasury_real_yield_curve_2021.xml
2021-10-06,4697,-1.58,-1.23,-0.9,-0.44,-0.24,2021,daily_treasury_real_yield_curve_2021.xml
2021-10-07,4698,-1.59,-1.22,-0.88,-0.41,-0.2,2021,daily_treasury_real_yield_curve_2021.xml
2021-10-08,4699,-1.59,-1.22,-0.89,-0.42,-0.21,2021,daily_treasury_real_yield_curve_2021.xml
2021-10-12,4700,-1.56,-1.21,-0.9,-0.45,-0.24,2021,daily_treasury_real_yield_curve_2021.xml
2021-10-13,4701,-1.59,-1.26,-0.96,-0.53,-0.32,2021,daily_treasury_real_yield_curve_2021.xml
2021-10-14,4702,-1.64,-1.31,-1,-0.55,-0.34,2021,daily_treasury_real_yield_curve_2021.xml
2021-10-15,4703,-1.58,-1.26,-0.97,-0.54,-0.33,2021,daily_treasury_real_yield_curve_2021.xml
2021-10-18,4704,-1.55,-1.24,-0.95,-0.54,-0.34,2021,daily_treasury_real_yield_curve_2021.xml
2021-10-19,4705,-1.54,-1.2,-0.89,-0.47,-0.27,2021,daily_treasury_real_yield_curve_2021.xml
2021-10-20,4706,-1.61,-1.25,-0.92,-0.46,-0.26,2021,daily_treasury_real_yield_curve_2021.xml
2021-10-21,4707,-1.71,-1.31,-0.96,-0.52,-0.31,2021,daily_treasury_real_yield_curve_2021.xml
2021-10-22,4708,-1.69,-1.3,-0.98,-0.54,-0.32,2021,daily_treasury_real_yield_curve_2021.xml
2021-10-25,4709,-1.76,-1.36,-1.02,-0.56,-0.32,2021,daily_treasury_real_yield_curve_2021.xml
2021-10-26,4710,-1.79,-1.39,-1.06,-0.6,-0.37,2021,daily_treasury_real_yield_curve_2021.xml
2021-10-27,4711,-1.8,-1.43,-1.11,-0.68,-0.46,2021,daily_treasury_real_yield_curve_2021.xml
2021-10-28,4712,-1.72,-1.33,-1,-0.57,-0.36,2021,daily_treasury_real_yield_curve_2021.xml
2021-10-29,4713,-1.71,-1.31,-0.96,-0.51,-0.3,2021,daily_treasury_real_yield_curve_2021.xml
2021-11-01,4714,-1.66,-1.26,-0.92,-0.48,-0.27,2021,daily_treasury_real_yield_curve_2021.xml
2021-11-02,4715,-1.69,-1.29,-0.95,-0.52,-0.32,2021,daily_treasury_real_yield_curve_2021.xml
2021-11-03,4716,-1.67,-1.27,-0.93,-0.51,-0.3,2021,daily_treasury_real_yield_curve_2021.xml
2021-11-04,4717,-1.78,-1.38,-1.03,-0.59,-0.38,2021,daily_treasury_real_yield_curve_2021.xml
2021-11-05,4718,-1.83,-1.43,-1.09,-0.66,-0.45,2021,daily_treasury_real_yield_curve_2021.xml
2021-11-08,4719,-1.81,-1.43,-1.11,-0.7,-0.5,2021,daily_treasury_real_yield_curve_2021.xml
2021-11-09,4720,-1.88,-1.5,-1.17,-0.76,-0.57,2021,daily_treasury_real_yield_curve_2021.xml
2021-11-10,4721,-1.85,-1.47,-1.14,-0.72,-0.52,2021,daily_treasury_real_yield_curve_2021.xml
2021-11-12,4722,-1.87,-1.48,-1.15,-0.71,-0.51,2021,daily_treasury_real_yield_curve_2021.xml
2021-11-15,4723,-1.91,-1.49,-1.13,-0.68,-0.48,2021,daily_treasury_real_yield_curve_2021.xml
2021-11-16,4724,-1.9,-1.47,-1.1,-0.63,-0.42,2021,daily_treasury_real_yield_curve_2021.xml
2021-11-17,4725,-1.9,-1.47,-1.1,-0.64,-0.43,2021,daily_treasury_real_yield_curve_2021.xml
2021-11-18,4726,-1.89,-1.49,-1.14,-0.69,-0.47,2021,daily_treasury_real_yield_curve_2021.xml
2021-11-19,4727,-1.8,-1.43,-1.11,-0.71,-0.52,2021,daily_treasury_real_yield_curve_2021.xml
2021-11-22,4728,-1.65,-1.29,-0.98,-0.59,-0.41,2021,daily_treasury_real_yield_curve_2021.xml
2021-11-23,4729,-1.67,-1.27,-0.95,-0.54,-0.36,2021,daily_treasury_real_yield_curve_2021.xml
2021-11-24,4730,-1.69,-1.3,-0.97,-0.57,-0.39,2021,daily_treasury_real_yield_curve_2021.xml
2021-11-26,4731,-1.76,-1.38,-1.07,-0.66,-0.48,2021,daily_treasury_real_yield_curve_2021.xml
2021-11-29,4732,-1.73,-1.34,-1.02,-0.62,-0.44,2021,daily_treasury_real_yield_curve_2021.xml
2021-11-30,4733,-1.66,-1.34,-1.07,-0.69,-0.51,2021,daily_treasury_real_yield_curve_2021.xml
2021-12-01,4734,-1.55,-1.25,-1.01,-0.66,-0.5,2021,daily_treasury_real_yield_curve_2021.xml
2021-12-02,4735,-1.52,-1.25,-1.03,-0.71,-0.56,2021,daily_treasury_real_yield_curve_2021.xml
2021-12-03,4736,-1.59,-1.31,-1.08,-0.75,-0.59,2021,daily_treasury_real_yield_curve_2021.xml
2021-12-06,4737,-1.58,-1.26,-1.01,-0.65,-0.5,2021,daily_treasury_real_yield_curve_2021.xml
2021-12-07,4738,-1.58,-1.25,-0.99,-0.62,-0.47,2021,daily_treasury_real_yield_curve_2021.xml
2021-12-08,4739,-1.61,-1.28,-1,-0.61,-0.43,2021,daily_treasury_real_yield_curve_2021.xml
2021-12-09,4740,-1.54,-1.24,-0.98,-0.59,-0.41,2021,daily_treasury_real_yield_curve_2021.xml
2021-12-10,4741,-1.51,-1.22,-0.96,-0.56,-0.36,2021,daily_treasury_real_yield_curve_2021.xml
2021-12-13,4742,-1.52,-1.23,-0.98,-0.59,-0.4,2021,daily_treasury_real_yield_curve_2021.xml
2021-12-14,4743,-1.43,-1.17,-0.93,-0.55,-0.37,2021,daily_treasury_real_yield_curve_2021.xml
2021-12-15,4744,-1.41,-1.16,-0.92,-0.54,-0.35,2021,daily_treasury_real_yield_curve_2021.xml
2021-12-16,4745,-1.51,-1.23,-0.98,-0.55,-0.34,2021,daily_treasury_real_yield_curve_2021.xml
2021-12-17,4746,-1.47,-1.21,-0.97,-0.57,-0.37,2021,daily_treasury_real_yield_curve_2021.xml
2021-12-20,4747,-1.48,-1.21,-0.96,-0.56,-0.36,2021,daily_treasury_real_yield_curve_2021.xml
2021-12-21,4748,-1.45,-1.2,-0.96,-0.58,-0.38,2021,daily_treasury_real_yield_curve_2021.xml
2021-12-22,4749,-1.47,-1.23,-1.01,-0.62,-0.43,2021,daily_treasury_real_yield_curve_2021.xml
2021-12-23,4750,-1.47,-1.21,-0.97,-0.58,-0.38,2021,daily_treasury_real_yield_curve_2021.xml
2021-12-27,4751,-1.49,-1.25,-1.02,-0.62,-0.42,2021,daily_treasury_real_yield_curve_2021.xml
2021-12-28,4752,-1.51,-1.25,-1.01,-0.61,-0.4,2021,daily_treasury_real_yield_curve_2021.xml
2021-12-29,4753,-1.54,-1.24,-0.98,-0.57,-0.38,2021,daily_treasury_real_yield_curve_2021.xml
2021-12-30,4754,-1.59,-1.31,-1.06,-0.64,-0.43,2021,daily_treasury_real_yield_curve_2021.xml
2021-12-31,4755,-1.61,-1.31,-1.04,-0.63,-0.44,2021,daily_treasury_real_yield_curve_2021.xml
2022-01-03,4756,-1.58,-1.25,-0.97,-0.55,-0.36,2022,daily_treasury_real_yield_curve_2022.xml
2022-01-04,4757,-1.56,-1.2,-0.91,-0.47,-0.27,2022,daily_treasury_real_yield_curve_2022.xml
2022-01-05,4758,-1.44,-1.1,-0.82,-0.39,-0.2,2022,daily_treasury_real_yield_curve_2022.xml
2022-01-06,4759,-1.3,-0.99,-0.73,-0.33,-0.15,2022,daily_treasury_real_yield_curve_2022.xml
2022-01-07,4760,-1.28,-0.97,-0.72,-0.33,-0.16,2022,daily_treasury_real_yield_curve_2022.xml
2022-01-10,4761,-1.24,-0.95,-0.7,-0.33,-0.15,2022,daily_treasury_real_yield_curve_2022.xml
2022-01-11,4762,-1.36,-1.05,-0.79,-0.4,-0.22,2022,daily_treasury_real_yield_curve_2022.xml
2022-01-12,4763,-1.32,-1.01,-0.74,-0.35,-0.17,2022,daily_treasury_real_yield_curve_2022.xml
2022-01-13,4764,-1.3,-0.99,-0.73,-0.34,-0.17,2022,daily_treasury_real_yield_curve_2022.xml
2022-01-14,4765,-1.24,-0.92,-0.66,-0.27,-0.1,2022,daily_treasury_real_yield_curve_2022.xml
2022-01-18,4766,-1.15,-0.84,-0.59,-0.22,-0.06,2022,daily_treasury_real_yield_curve_2022.xml
2022-01-19,4767,-1.11,-0.81,-0.57,-0.21,-0.05,2022,daily_treasury_real_yield_curve_2022.xml
2022-01-20,4768,-1.12,-0.76,-0.5,-0.17,-0.05,2022,daily_treasury_real_yield_curve_2022.xml
2022-01-21,4769,-1.16,-0.84,-0.59,-0.26,-0.12,2022,daily_treasury_real_yield_curve_2022.xml
2022-01-24,4770,-1.21,-0.89,-0.63,-0.27,-0.12,2022,daily_treasury_real_yield_curve_2022.xml
2022-01-25,4771,-1.22,-0.89,-0.63,-0.25,-0.09,2022,daily_treasury_real_yield_curve_2022.xml
2022-01-26,4772,-1.09,-0.78,-0.53,-0.18,-0.03,2022,daily_treasury_real_yield_curve_2022.xml
2022-01-27,4773,-1.1,-0.82,-0.59,-0.26,-0.11,2022,daily_treasury_real_yield_curve_2022.xml
2022-01-28,4774,-1.19,-0.9,-0.66,-0.3,-0.14,2022,daily_treasury_real_yield_curve_2022.xml
2022-01-31,4775,-1.2,-0.9,-0.65,-0.29,-0.12,2022,daily_treasury_real_yield_curve_2022.xml
2022-02-01,4776,-1.17,-0.87,-0.62,-0.25,-0.08,2022,daily_treasury_real_yield_curve_2022.xml
2022-02-02,4777,-1.19,-0.89,-0.63,-0.25,-0.07,2022,daily_treasury_real_yield_curve_2022.xml
2022-02-03,4778,-1.1,-0.81,-0.56,-0.18,-0.01,2022,daily_treasury_real_yield_curve_2022.xml
2022-02-04,4779,-1,-0.72,-0.48,-0.11,0.06,2022,daily_treasury_real_yield_curve_2022.xml
2022-02-07,4780,-0.99,-0.72,-0.48,-0.12,0.05,2022,daily_treasury_real_yield_curve_2022.xml
2022-02-08,4781,-0.96,-0.69,-0.46,-0.11,0.05,2022,daily_treasury_real_yield_curve_2022.xml
2022-02-09,4782,-0.96,-0.71,-0.48,-0.12,0.05,2022,daily_treasury_real_yield_curve_2022.xml
2022-02-10,4783,-0.85,-0.63,-0.42,-0.07,0.11,2022,daily_treasury_real_yield_curve_2022.xml
2022-02-11,4784,-0.98,-0.74,-0.51,-0.11,0.09,2022,daily_treasury_real_yield_curve_2022.xml
2022-02-14,4785,-1.01,-0.75,-0.5,-0.08,0.13,2022,daily_treasury_real_yield_curve_2022.xml
2022-02-15,4786,-0.95,-0.68,-0.43,-0.02,0.18,2022,daily_treasury_real_yield_curve_2022.xml
2022-02-16,4787,-0.97,-0.68,-0.43,-0.03,0.17,2022,daily_treasury_real_yield_curve_2022.xml
2022-02-17,4788,-1.02,-0.73,-0.46,-0.04,0.19,2022,daily_treasury_real_yield_curve_2022.xml
2022-02-18,4789,-1.04,-0.75,-0.49,-0.09,0.12,2022,daily_treasury_real_yield_curve_2022.xml
2022-02-22,4790,-1.04,-0.76,-0.51,-0.11,0.11,2022,daily_treasury_real_yield_curve_2022.xml
2022-02-23,4791,-1.12,-0.81,-0.54,-0.11,0.12,2022,daily_treasury_real_yield_curve_2022.xml
2022-02-24,4792,-1.21,-0.88,-0.59,-0.14,0.1,2022,daily_treasury_real_yield_curve_2022.xml
2022-02-25,4793,-1.16,-0.84,-0.57,-0.14,0.09,2022,daily_treasury_real_yield_curve_2022.xml
2022-02-28,4794,-1.4,-1.07,-0.79,-0.34,-0.11,2022,daily_treasury_real_yield_curve_2022.xml
2022-03-01,4795,-1.58,-1.21,-0.9,-0.41,-0.16,2022,daily_treasury_real_yield_curve_2022.xml
2022-03-02,4796,-1.49,-1.15,-0.85,-0.39,-0.14,2022,daily_treasury_real_yield_curve_2022.xml
2022-03-03,4797,-1.43,-1.11,-0.83,-0.36,-0.11,2022,daily_treasury_real_yield_curve_2022.xml
2022-03-04,4798,-1.54,-1.23,-0.93,-0.44,-0.17,2022,daily_treasury_real_yield_curve_2022.xml
2022-03-07,4799,-1.58,-1.28,-0.99,-0.51,-0.23,2022,daily_treasury_real_yield_curve_2022.xml
2022-03-08,4800,-1.63,-1.33,-1.04,-0.57,-0.3,2022,daily_treasury_real_yield_curve_2022.xml
2022-03-09,4801,-1.46,-1.17,-0.9,-0.45,-0.2,2022,daily_treasury_real_yield_curve_2022.xml
2022-03-10,4802,-1.5,-1.18,-0.88,-0.4,-0.14,2022,daily_treasury_real_yield_curve_2022.xml
2022-03-11,4803,-1.56,-1.24,-0.94,-0.47,-0.22,2022,daily_treasury_real_yield_curve_2022.xml
2022-03-14,4804,-1.4,-1.07,-0.79,-0.36,-0.13,2022,daily_treasury_real_yield_curve_2022.xml
2022-03-15,4805,-1.32,-0.98,-0.69,-0.25,-0.03,2022,daily_treasury_real_yield_curve_2022.xml
2022-03-16,4806,-1.16,-0.86,-0.61,-0.22,-0.02,2022,daily_treasury_real_yield_curve_2022.xml
2022-03-17,4807,-1.34,-1,-0.71,-0.29,-0.08,2022,daily_treasury_real_yield_curve_2022.xml
2022-03-18,4808,-1.34,-1,-0.72,-0.3,-0.09,2022,daily_treasury_real_yield_curve_2022.xml
2022-03-21,4809,-1.19,-0.86,-0.58,-0.19,0.01,2022,daily_treasury_real_yield_curve_2022.xml
2022-03-22,4810,-1.13,-0.8,-0.53,-0.14,0.04,2022,daily_treasury_real_yield_curve_2022.xml
2022-03-23,4811,-1.23,-0.89,-0.62,-0.24,-0.06,2022,daily_treasury_real_yield_curve_2022.xml
2022-03-24,4812,-1.2,-0.85,-0.58,-0.2,-0.02,2022,daily_treasury_real_yield_curve_2022.xml
2022-03-25,4813,-1.04,-0.72,-0.47,-0.11,0.06,2022,daily_treasury_real_yield_curve_2022.xml
2022-03-28,4814,-1.02,-0.73,-0.49,-0.15,0.02,2022,daily_treasury_real_yield_curve_2022.xml
2022-03-29,4815,-0.91,-0.66,-0.45,-0.12,0.05,2022,daily_treasury_real_yield_curve_2022.xml
2022-03-30,4816,-0.97,-0.72,-0.51,-0.18,0,2022,daily_treasury_real_yield_curve_2022.xml
2022-03-31,4817,-0.92,-0.71,-0.52,-0.2,-0.03,2022,daily_treasury_real_yield_curve_2022.xml
2022-04-01,4818,-0.73,-0.57,-0.41,-0.15,0,2022,daily_treasury_real_yield_curve_2022.xml
2022-04-04,4819,-0.72,-0.54,-0.38,-0.12,0.02,2022,daily_treasury_real_yield_curve_2022.xml
2022-04-05,4820,-0.62,-0.45,-0.3,-0.05,0.09,2022,daily_treasury_real_yield_curve_2022.xml
2022-04-06,4821,-0.58,-0.38,-0.22,0.02,0.15,2022,daily_treasury_real_yield_curve_2022.xml
2022-04-07,4822,-0.56,-0.34,-0.16,0.09,0.21,2022,daily_treasury_real_yield_curve_2022.xml
2022-04-08,4823,-0.57,-0.33,-0.15,0.11,0.23,2022,daily_treasury_real_yield_curve_2022.xml
2022-04-11,4824,-0.58,-0.32,-0.12,0.15,0.27,2022,daily_treasury_real_yield_curve_2022.xml
2022-04-12,4825,-0.65,-0.36,-0.14,0.15,0.28,2022,daily_treasury_real_yield_curve_2022.xml
2022-04-13,4826,-0.59,-0.31,-0.1,0.18,0.3,2022,daily_treasury_real_yield_curve_2022.xml
2022-04-14,4827,-0.54,-0.27,-0.06,0.22,0.34,2022,daily_treasury_real_yield_curve_2022.xml
2022-04-18,4828,-0.57,-0.28,-0.07,0.22,0.33,2022,daily_treasury_real_yield_curve_2022.xml
2022-04-19,4829,-0.45,-0.19,0,0.27,0.38,2022,daily_treasury_real_yield_curve_2022.xml
2022-04-20,4830,-0.49,-0.25,-0.07,0.17,0.28,2022,daily_treasury_real_yield_curve_2022.xml
2022-04-21,4831,-0.41,-0.26,-0.12,0.12,0.25,2022,daily_treasury_real_yield_curve_2022.xml
2022-04-22,4832,-0.43,-0.24,-0.08,0.18,0.3,2022,daily_treasury_real_yield_curve_2022.xml
2022-04-25,4833,-0.43,-0.26,-0.1,0.16,0.3,2022,daily_treasury_real_yield_curve_2022.xml
2022-04-26,4834,-0.46,-0.26,-0.08,0.19,0.33,2022,daily_treasury_real_yield_curve_2022.xml
2022-04-27,4835,-0.47,-0.25,-0.06,0.22,0.36,2022,daily_treasury_real_yield_curve_2022.xml
2022-04-28,4836,-0.53,-0.31,-0.12,0.16,0.29,2022,daily_treasury_real_yield_curve_2022.xml
2022-04-29,4837,-0.38,-0.17,0.01,0.27,0.4,2022,daily_treasury_real_yield_curve_2022.xml
2022-05-02,4838,-0.2,0,0.18,0.43,0.56,2022,daily_treasury_real_yield_curve_2022.xml
2022-05-03,4839,-0.2,-0.02,0.14,0.37,0.48,2022,daily_treasury_real_yield_curve_2022.xml
2022-05-04,4840,-0.31,-0.11,0.07,0.32,0.44,2022,daily_treasury_real_yield_curve_2022.xml
2022-05-05,4841,-0.22,0,0.18,0.44,0.55,2022,daily_treasury_real_yield_curve_2022.xml
2022-05-06,4842,-0.16,0.07,0.26,0.52,0.63,2022,daily_treasury_real_yield_curve_2022.xml
2022-05-09,4843,-0.11,0.12,0.3,0.55,0.66,2022,daily_treasury_real_yield_curve_2022.xml
2022-05-10,4844,-0.01,0.18,0.34,0.57,0.67,2022,daily_treasury_real_yield_curve_2022.xml
2022-05-11,4845,-0.11,0.06,0.21,0.42,0.51,2022,daily_treasury_real_yield_curve_2022.xml
2022-05-12,4846,-0.08,0.09,0.25,0.47,0.57,2022,daily_treasury_real_yield_curve_2022.xml
2022-05-13,4847,-0.14,0.07,0.24,0.47,0.57,2022,daily_treasury_real_yield_curve_2022.xml
2022-05-16,4848,-0.21,0.01,0.2,0.47,0.59,2022,daily_treasury_real_yield_curve_2022.xml
2022-05-17,4849,-0.12,0.09,0.27,0.53,0.65,2022,daily_treasury_real_yield_curve_2022.xml
2022-05-18,4850,-0.16,0.01,0.17,0.41,0.54,2022,daily_treasury_real_yield_curve_2022.xml
2022-05-19,4851,-0.13,0.08,0.25,0.51,0.63,2022,daily_treasury_real_yield_curve_2022.xml
2022-05-20,4852,-0.08,0.07,0.23,0.5,0.64,2022,daily_treasury_real_yield_curve_2022.xml
2022-05-23,4853,-0.04,0.11,0.26,0.53,0.68,2022,daily_treasury_real_yield_curve_2022.xml
2022-05-24,4854,-0.11,0.05,0.21,0.48,0.62,2022,daily_treasury_real_yield_curve_2022.xml
2022-05-25,4855,-0.17,0.01,0.19,0.48,0.64,2022,daily_treasury_real_yield_curve_2022.xml
2022-05-26,4856,-0.26,-0.06,0.13,0.45,0.61,2022,daily_treasury_real_yield_curve_2022.xml
2022-05-27,4857,-0.24,-0.07,0.11,0.42,0.59,2022,daily_treasury_real_yield_curve_2022.xml
2022-05-31,4858,-0.15,0.03,0.21,0.51,0.67,2022,daily_treasury_real_yield_curve_2022.xml
2022-06-01,4859,-0.02,0.14,0.29,0.54,0.67,2022,daily_treasury_real_yield_curve_2022.xml
2022-06-02,4860,-0.05,0.11,0.26,0.5,0.62,2022,daily_treasury_real_yield_curve_2022.xml
2022-06-03,4861,-0.09,0.07,0.22,0.44,0.55,2022,daily_treasury_real_yield_curve_2022.xml
2022-06-06,4862,-0.02,0.14,0.28,0.5,0.62,2022,daily_treasury_real_yield_curve_2022.xml
2022-06-07,4863,-0.04,0.11,0.25,0.47,0.58,2022,daily_treasury_real_yield_curve_2022.xml
2022-06-08,4864,-0.03,0.13,0.28,0.51,0.63,2022,daily_treasury_real_yield_curve_2022.xml
2022-06-09,4865,-0.01,0.15,0.29,0.51,0.62,2022,daily_treasury_real_yield_curve_2022.xml
2022-06-10,4866,0.12,0.26,0.39,0.58,0.67,2022,daily_treasury_real_yield_curve_2022.xml
2022-06-13,4867,0.45,0.58,0.69,0.84,0.9,2022,daily_treasury_real_yield_curve_2022.xml
2022-06-14,4868,0.73,0.82,0.89,0.97,1.01,2022,daily_treasury_real_yield_curve_2022.xml
2022-06-15,4869,0.38,0.52,0.63,0.79,0.86,2022,daily_treasury_real_yield_curve_2022.xml
2022-06-16,4870,0.48,0.57,0.66,0.79,0.86,2022,daily_treasury_real_yield_curve_2022.xml
2022-06-17,4871,0.54,0.6,0.67,0.79,0.85,2022,daily_treasury_real_yield_curve_2022.xml
2022-06-21,4872,0.54,0.62,0.7,0.83,0.9,2022,daily_treasury_real_yield_curve_2022.xml
2022-06-22,4873,0.48,0.55,0.62,0.73,0.8,2022,daily_treasury_real_yield_curve_2022.xml
2022-06-23,4874,0.45,0.52,0.59,0.73,0.81,2022,daily_treasury_real_yield_curve_2022.xml
2022-06-24,4875,0.36,0.47,0.57,0.73,0.81,2022,daily_treasury_real_yield_curve_2022.xml
2022-06-27,4876,0.45,0.56,0.65,0.8,0.87,2022,daily_treasury_real_yield_curve_2022.xml
2022-06-28,4877,0.52,0.63,0.72,0.85,0.91,2022,daily_treasury_real_yield_curve_2022.xml
2022-06-29,4878,0.56,0.65,0.74,0.89,0.96,2022,daily_treasury_real_yield_curve_2022.xml
2022-06-30,4879,0.43,0.54,0.65,0.82,0.91,2022,daily_treasury_real_yield_curve_2022.xml
2022-07-01,4880,0.28,0.42,0.54,0.76,0.88,2022,daily_treasury_real_yield_curve_2022.xml
2022-07-05,4881,0.31,0.41,0.52,0.72,0.84,2022,daily_treasury_real_yield_curve_2022.xml
2022-07-06,4882,0.48,0.56,0.64,0.82,0.94,2022,daily_treasury_real_yield_curve_2022.xml
2022-07-07,4883,0.52,0.6,0.68,0.87,0.98,2022,daily_treasury_real_yield_curve_2022.xml
2022-07-08,4884,0.51,0.62,0.72,0.91,1.02,2022,daily_treasury_real_yield_curve_2022.xml
2022-07-11,4885,0.49,0.58,0.67,0.87,0.99,2022,daily_treasury_real_yield_curve_2022.xml
2022-07-12,4886,0.51,0.57,0.64,0.83,0.94,2022,daily_treasury_real_yield_curve_2022.xml
2022-07-13,4887,0.51,0.55,0.6,0.77,0.88,2022,daily_treasury_real_yield_curve_2022.xml
2022-07-14,4888,0.52,0.56,0.62,0.78,0.89,2022,daily_treasury_real_yield_curve_2022.xml
2022-07-15,4889,0.46,0.51,0.57,0.74,0.86,2022,daily_treasury_real_yield_curve_2022.xml
2022-07-18,4890,0.43,0.5,0.59,0.78,0.9,2022,daily_treasury_real_yield_curve_2022.xml
2022-07-19,4891,0.47,0.54,0.62,0.81,0.92,2022,daily_treasury_real_yield_curve_2022.xml
2022-07-20,4892,0.51,0.58,0.66,0.84,0.95,2022,daily_treasury_real_yield_curve_2022.xml
2022-07-21,4893,0.45,0.5,0.58,0.79,0.93,2022,daily_treasury_real_yield_curve_2022.xml
2022-07-22,4894,0.31,0.36,0.43,0.66,0.82,2022,daily_treasury_real_yield_curve_2022.xml
2022-07-25,4895,0.31,0.37,0.45,0.69,0.85,2022,daily_treasury_real_yield_curve_2022.xml
2022-07-26,4896,0.33,0.38,0.45,0.68,0.85,2022,daily_treasury_real_yield_curve_2022.xml
2022-07-27,4897,0.21,0.27,0.36,0.62,0.8,2022,daily_treasury_real_yield_curve_2022.xml
2022-07-28,4898,0.02,0.09,0.2,0.53,0.75,2022,daily_treasury_real_yield_curve_2022.xml
2022-07-29,4899,-0.03,0.04,0.14,0.47,0.71,2022,daily_treasury_real_yield_curve_2022.xml
2022-08-01,4900,-0.06,0,0.09,0.43,0.67,2022,daily_treasury_real_yield_curve_2022.xml
2022-08-02,4901,0.16,0.2,0.27,0.57,0.79,2022,daily_treasury_real_yield_curve_2022.xml
2022-08-03,4902,0.14,0.18,0.23,0.51,0.72,2022,daily_treasury_real_yield_curve_2022.xml
2022-08-04,4903,0.12,0.16,0.22,0.53,0.74,2022,daily_treasury_real_yield_curve_2022.xml
2022-08-05,4904,0.33,0.34,0.37,0.62,0.81,2022,daily_treasury_real_yield_curve_2022.xml
2022-08-08,4905,0.26,0.27,0.29,0.55,0.74,2022,daily_treasury_real_yield_curve_2022.xml
2022-08-09,4906,0.31,0.32,0.33,0.58,0.78,2022,daily_treasury_real_yield_curve_2022.xml
2022-08-10,4907,0.32,0.33,0.35,0.61,0.82,2022,daily_treasury_real_yield_curve_2022.xml
2022-08-11,4908,0.31,0.34,0.4,0.69,0.9,2022,daily_treasury_real_yield_curve_2022.xml
2022-08-12,4909,0.3,0.33,0.37,0.67,0.89,2022,daily_treasury_real_yield_curve_2022.xml
2022-08-15,4910,0.29,0.31,0.35,0.66,0.89,2022,daily_treasury_real_yield_curve_2022.xml
2022-08-16,4911,0.34,0.35,0.38,0.67,0.89,2022,daily_treasury_real_yield_curve_2022.xml
2022-08-17,4912,0.39,0.4,0.43,0.71,0.92,2022,daily_treasury_real_yield_curve_2022.xml
2022-08-18,4913,0.32,0.33,0.36,0.64,0.86,2022,daily_treasury_real_yield_curve_2022.xml
2022-08-19,4914,0.39,0.4,0.43,0.68,0.87,2022,daily_treasury_real_yield_curve_2022.xml
2022-08-22,4915,0.43,0.43,0.46,0.7,0.88,2022,daily_treasury_real_yield_curve_2022.xml
2022-08-23,4916,0.41,0.43,0.47,0.71,0.89,2022,daily_treasury_real_yield_curve_2022.xml
2022-08-24,4917,0.41,0.44,0.49,0.74,0.92,2022,daily_treasury_real_yield_curve_2022.xml
2022-08-25,4918,0.38,0.39,0.43,0.68,0.87,2022,daily_treasury_real_yield_curve_2022.xml
2022-08-26,4919,0.47,0.47,0.47,0.68,0.85,2022,daily_treasury_real_yield_curve_2022.xml
2022-08-29,4920,0.56,0.55,0.54,0.74,0.9,2022,daily_treasury_real_yield_curve_2022.xml
2022-08-30,4921,0.6,0.58,0.56,0.73,0.87,2022,daily_treasury_real_yield_curve_2022.xml
2022-08-31,4922,0.72,0.69,0.67,0.82,0.96,2022,daily_treasury_real_yield_curve_2022.xml
2022-09-01,4923,0.87,0.84,0.81,0.95,1.07,2022,daily_treasury_real_yield_curve_2022.xml
2022-09-02,4924,0.75,0.74,0.73,0.89,1.01,2022,daily_treasury_real_yield_curve_2022.xml
2022-09-06,4925,0.87,0.86,0.85,0.99,1.11,2022,daily_treasury_real_yield_curve_2022.xml
2022-09-07,4926,0.86,0.84,0.82,0.95,1.07,2022,daily_treasury_real_yield_curve_2022.xml
2022-09-08,4927,0.93,0.91,0.88,1.01,1.11,2022,daily_treasury_real_yield_curve_2022.xml
2022-09-09,4928,0.94,0.92,0.91,1.03,1.14,2022,daily_treasury_real_yield_curve_2022.xml
2022-09-12,4929,0.95,0.95,0.95,1.09,1.21,2022,daily_treasury_real_yield_curve_2022.xml
2022-09-13,4930,1.02,1,0.98,1.09,1.19,2022,daily_treasury_real_yield_curve_2022.xml
2022-09-14,4931,0.98,0.96,0.95,1.06,1.15,2022,daily_treasury_real_yield_curve_2022.xml
2022-09-15,4932,1.09,1.05,1.02,1.1,1.18,2022,daily_treasury_real_yield_curve_2022.xml
2022-09-16,4933,1.13,1.09,1.07,1.16,1.25,2022,daily_treasury_real_yield_curve_2022.xml
2022-09-19,4934,1.25,1.19,1.15,1.21,1.28,2022,daily_treasury_real_yield_curve_2022.xml
2022-09-20,4935,1.27,1.21,1.17,1.23,1.3,2022,daily_treasury_real_yield_curve_2022.xml
2022-09-21,4936,1.27,1.19,1.13,1.17,1.24,2022,daily_treasury_real_yield_curve_2022.xml
2022-09-22,4937,1.46,1.36,1.29,1.32,1.38,2022,daily_treasury_real_yield_curve_2022.xml
2022-09-23,4938,1.58,1.42,1.32,1.32,1.38,2022,daily_treasury_real_yield_curve_2022.xml
2022-09-26,4939,1.82,1.67,1.56,1.51,1.52,2022,daily_treasury_real_yield_curve_2022.xml
2022-09-27,4940,1.86,1.73,1.64,1.62,1.66,2022,daily_treasury_real_yield_curve_2022.xml
2022-09-28,4941,1.55,1.45,1.39,1.43,1.5,2022,daily_treasury_real_yield_curve_2022.xml
2022-09-29,4942,1.8,1.66,1.57,1.58,1.64,2022,daily_treasury_real_yield_curve_2022.xml
2022-09-30,4943,1.92,1.77,1.68,1.68,1.74,2022,daily_treasury_real_yield_curve_2022.xml
2022-10-03,4944,1.64,1.51,1.43,1.49,1.58,2022,daily_treasury_real_yield_curve_2022.xml
2022-10-04,4945,1.56,1.45,1.38,1.47,1.58,2022,daily_treasury_real_yield_curve_2022.xml
2022-10-05,4946,1.7,1.6,1.54,1.6,1.68,2022,daily_treasury_real_yield_curve_2022.xml
2022-10-06,4947,1.76,1.67,1.61,1.66,1.73,2022,daily_treasury_real_yield_curve_2022.xml
2022-10-07,4948,1.78,1.68,1.62,1.66,1.73,2022,daily_treasury_real_yield_curve_2022.xml
2022-10-11,4949,1.78,1.68,1.62,1.66,1.73,2022,daily_treasury_real_yield_curve_2022.xml
2022-10-12,4950,1.8,1.69,1.62,1.65,1.71,2022,daily_treasury_real_yield_curve_2022.xml
2022-10-13,4951,1.83,1.71,1.63,1.65,1.72,2022,daily_treasury_real_yield_curve_2022.xml
2022-10-14,4952,1.81,1.68,1.59,1.6,1.66,2022,daily_treasury_real_yield_curve_2022.xml
2022-10-17,4953,1.76,1.64,1.57,1.59,1.65,2022,daily_treasury_real_yield_curve_2022.xml
2022-10-18,4954,1.79,1.68,1.6,1.64,1.71,2022,daily_treasury_real_yield_curve_2022.xml
2022-10-19,,1.89,1.78,1.72,1.74,1.79,2022,daily_treasury_real_yield_curve_2022.xml
2022-10-20,,1.8,1.76,1.73,1.74,1.77,2022,daily_treasury_real_yield_curve_2022.xml
2022-10-21,,1.65,1.66,1.69,1.77,1.82,2022,daily_treasury_real_yield_curve_2022.xml
2022-10-24,,1.64,1.65,1.66,1.73,1.78,2022,daily_treasury_real_yield_curve_2022.xml
2022-10-25,,1.63,1.61,1.59,1.67,1.74,2022,daily_treasury_real_yield_curve_2022.xml
2022-10-26,,1.64,1.62,1.6,1.68,1.75,2022,daily_treasury_real_yield_curve_2022.xml
2022-10-27,,1.52,1.51,1.51,1.6,1.67,2022,daily_treasury_real_yield_curve_2022.xml
2022-10-28,,1.57,1.54,1.51,1.58,1.65,2022,daily_treasury_real_yield_curve_2022.xml
2022-10-31,,1.6,1.59,1.58,1.64,1.69,2022,daily_treasury_real_yield_curve_2022.xml
2022-11-01,,1.62,1.58,1.56,1.59,1.64,2022,daily_treasury_real_yield_curve_2022.xml
2022-11-02,,1.62,1.59,1.57,1.6,1.63,2022,daily_treasury_real_yield_curve_2022.xml
2022-11-03,,1.82,1.77,1.74,1.74,1.76,2022,daily_treasury_real_yield_curve_2022.xml
2022-11-04,,1.72,1.71,1.69,1.73,1.77,2022,daily_treasury_real_yield_curve_2022.xml
2022-11-07,,1.72,1.7,1.69,1.73,1.77,2022,daily_treasury_real_yield_curve_2022.xml
2022-11-08,,1.7,1.67,1.64,1.69,1.74,2022,daily_treasury_real_yield_curve_2022.xml
2022-11-09,,1.74,1.72,1.7,1.75,1.8,2022,daily_treasury_real_yield_curve_2022.xml
2022-11-10,,1.48,1.45,1.43,1.51,1.58,2022,daily_treasury_real_yield_curve_2022.xml
2022-11-14,,1.58,1.54,1.51,1.58,1.65,2022,daily_treasury_real_yield_curve_2022.xml
2022-11-15,,1.53,1.48,1.45,1.5,1.57,2022,daily_treasury_real_yield_curve_2022.xml
2022-11-16,,1.48,1.42,1.38,1.44,1.51,2022,daily_treasury_real_yield_curve_2022.xml
2022-11-17,,1.61,1.54,1.49,1.52,1.57,2022,daily_treasury_real_yield_curve_2022.xml
2022-11-18,,1.71,1.63,1.57,1.59,1.63,2022,daily_treasury_real_yield_curve_2022.xml
2022-11-21,,1.63,1.56,1.52,1.53,1.57,2022,daily_treasury_real_yield_curve_2022.xml
2022-11-22,,1.58,1.5,1.44,1.46,1.51,2022,daily_treasury_real_yield_curve_2022.xml
2022-11-23,,1.55,1.46,1.39,1.4,1.43,2022,daily_treasury_real_yield_curve_2022.xml
2022-11-25,,1.51,1.42,1.36,1.38,1.42,2022,daily_treasury_real_yield_curve_2022.xml
2022-11-28,,1.59,1.49,1.43,1.43,1.47,2022,daily_treasury_real_yield_curve_2022.xml
2022-11-29,,1.62,1.55,1.5,1.51,1.54,2022,daily_treasury_real_yield_curve_2022.xml
2022-11-30,,1.41,1.37,1.34,1.4,1.46,2022,daily_treasury_real_yield_curve_2022.xml
2022-12-01,,1.23,1.2,1.17,1.23,1.29,2022,daily_treasury_real_yield_curve_2022.xml
2022-12-02,,1.16,1.11,1.08,1.11,1.15,2022,daily_treasury_real_yield_curve_2022.xml
2022-12-05,,1.34,1.27,1.21,1.21,1.23,2022,daily_treasury_real_yield_curve_2022.xml
2022-12-06,,1.35,1.26,1.2,1.19,1.21,2022,daily_treasury_real_yield_curve_2022.xml
2022-12-07,,1.29,1.21,1.16,1.14,1.16,2022,daily_treasury_real_yield_curve_2022.xml
2022-12-08,,1.35,1.26,1.2,1.15,1.15,2022,daily_treasury_real_yield_curve_2022.xml
2022-12-09,,1.45,1.36,1.31,1.28,1.28,2022,daily_treasury_real_yield_curve_2022.xml
2022-12-12,,1.45,1.38,1.33,1.29,1.29,2022,daily_treasury_real_yield_curve_2022.xml
2022-12-13,,1.35,1.3,1.27,1.28,1.3,2022,daily_treasury_real_yield_curve_2022.xml
2022-12-14,,1.39,1.34,1.3,1.32,1.35,2022,daily_treasury_real_yield_curve_2022.xml
2022-12-15,,1.41,1.33,1.28,1.29,1.33,2022,daily_treasury_real_yield_curve_2022.xml
2022-12-16,,1.47,1.4,1.35,1.36,1.4,2022,daily_treasury_real_yield_curve_2022.xml
2022-12-19,,1.51,1.46,1.42,1.43,1.47,2022,daily_treasury_real_yield_curve_2022.xml
2022-12-20,,1.53,1.48,1.45,1.47,1.5,2022,daily_treasury_real_yield_curve_2022.xml
2022-12-21,,1.47,1.43,1.41,1.44,1.48,2022,daily_treasury_real_yield_curve_2022.xml
2022-12-22,,1.55,1.51,1.48,1.5,1.53,2022,daily_treasury_real_yield_curve_2022.xml
2022-12-23,,1.57,1.56,1.55,1.57,1.6,2022,daily_treasury_real_yield_curve_2022.xml
2022-12-27,,1.61,1.59,1.58,1.61,1.65,2022,daily_treasury_real_yield_curve_2022.xml
2022-12-28,,1.64,1.62,1.6,1.63,1.67,2022,daily_treasury_real_yield_curve_2022.xml
2022-12-29,,1.62,1.58,1.56,1.59,1.63,2022,daily_treasury_real_yield_curve_2022.xml
2022-12-30,,1.66,1.61,1.58,1.62,1.67,2022,daily_treasury_real_yield_curve_2022.xml
2023-01-03,,1.65,1.58,1.53,1.56,1.61,2023,daily_treasury_real_yield_curve_2023.xml
2023-01-04,,1.64,1.54,1.47,1.51,1.57,2023,daily_treasury_real_yield_curve_2023.xml
2023-01-05,,1.68,1.57,1.49,1.5,1.55,2023,daily_treasury_real_yield_curve_2023.xml
2023-01-06,,1.51,1.41,1.34,1.37,1.43,2023,daily_treasury_real_yield_curve_2023.xml
2023-01-09,,1.48,1.38,1.31,1.35,1.41,2023,daily_treasury_real_yield_curve_2023.xml
2023-01-10,,1.52,1.43,1.37,1.41,1.47,2023,daily_treasury_real_yield_curve_2023.xml
2023-01-11,,1.45,1.37,1.31,1.35,1.41,2023,daily_treasury_real_yield_curve_2023.xml
2023-01-12,,1.32,1.26,1.22,1.27,1.33,2023,daily_treasury_real_yield_curve_2023.xml
2023-01-13,,1.4,1.35,1.31,1.37,1.44,2023,daily_treasury_real_yield_curve_2023.xml
2023-01-17,,1.42,1.38,1.36,1.42,1.47,2023,daily_treasury_real_yield_curve_2023.xml
2023-01-18,,1.34,1.29,1.25,1.32,1.4,2023,daily_treasury_real_yield_curve_2023.xml
2023-01-19,,1.27,1.22,1.19,1.27,1.34,2023,daily_treasury_real_yield_curve_2023.xml
2023-01-20,,1.33,1.28,1.25,1.33,1.42,2023,daily_treasury_real_yield_curve_2023.xml
2023-01-23,,1.33,1.28,1.24,1.32,1.41,2023,daily_treasury_real_yield_curve_2023.xml
2023-01-24,,1.29,1.23,1.19,1.26,1.34,2023,daily_treasury_real_yield_curve_2023.xml
2023-01-25,,1.26,1.21,1.17,1.25,1.33,2023,daily_treasury_real_yield_curve_2023.xml
2023-01-26,,1.26,1.2,1.16,1.23,1.3,2023,daily_treasury_real_yield_curve_2023.xml
2023-01-27,,1.29,1.23,1.19,1.26,1.33,2023,daily_treasury_real_yield_curve_2023.xml
2023-01-30,,1.38,1.31,1.26,1.32,1.39,2023,daily_treasury_real_yield_curve_2023.xml
2023-01-31,,1.36,1.31,1.28,1.36,1.43,2023,daily_treasury_real_yield_curve_2023.xml
2023-02-01,,1.19,1.16,1.14,1.24,1.33,2023,daily_treasury_real_yield_curve_2023.xml
2023-02-02,,1.23,1.2,1.18,1.28,1.38,2023,daily_treasury_real_yield_curve_2023.xml
2023-02-03,,1.4,1.34,1.31,1.38,1.46,2023,daily_treasury_real_yield_curve_2023.xml
2023-02-06,,1.48,1.42,1.38,1.42,1.47,2023,daily_treasury_real_yield_curve_2023.xml
2023-02-07,,1.45,1.4,1.36,1.41,1.47,2023,daily_treasury_real_yield_curve_2023.xml
2023-02-08,,1.36,1.32,1.29,1.35,1.41,2023,daily_treasury_real_yield_curve_2023.xml
2023-02-09,,1.42,1.38,1.34,1.41,1.47,2023,daily_treasury_real_yield_curve_2023.xml
2023-02-10,,1.46,1.43,1.41,1.47,1.53,2023,daily_treasury_real_yield_curve_2023.xml
2023-02-13,,1.49,1.44,1.41,1.46,1.51,2023,daily_treasury_real_yield_curve_2023.xml
2023-02-14,,1.55,1.49,1.46,1.49,1.53,2023,daily_treasury_real_yield_curve_2023.xml
2023-02-15,,1.53,1.49,1.46,1.49,1.54,2023,daily_treasury_real_yield_curve_2023.xml
2023-02-16,,1.54,1.51,1.49,1.52,1.57,2023,daily_treasury_real_yield_curve_2023.xml
2023-02-17,,1.53,1.49,1.46,1.5,1.54,2023,daily_treasury_real_yield_curve_2023.xml
2023-02-21,,1.58,1.55,1.53,1.56,1.6,2023,daily_treasury_real_yield_curve_2023.xml
2023-02-22,,1.61,1.56,1.52,1.54,1.58,2023,daily_treasury_real_yield_curve_2023.xml
2023-02-23,,1.59,1.53,1.49,1.51,1.55,2023,daily_treasury_real_yield_curve_2023.xml
2023-02-24,,1.72,1.63,1.57,1.57,1.61,2023,daily_treasury_real_yield_curve_2023.xml
2023-02-27,,1.68,1.61,1.56,1.57,1.61,2023,daily_treasury_real_yield_curve_2023.xml
2023-02-28,,1.6,1.54,1.49,1.52,1.57,2023,daily_treasury_real_yield_curve_2023.xml
2023-03-01,,1.68,1.62,1.57,1.58,1.6,2023,daily_treasury_real_yield_curve_2023.xml
2023-03-02,,1.67,1.63,1.6,1.61,1.63,2023,daily_treasury_real_yield_curve_2023.xml
2023-03-03,,1.55,1.49,1.45,1.46,1.49,2023,daily_treasury_real_yield_curve_2023.xml
2023-03-06,,1.57,1.52,1.49,1.5,1.54,2023,daily_treasury_real_yield_curve_2023.xml
2023-03-07,,1.77,1.66,1.59,1.55,1.56,2023,daily_treasury_real_yield_curve_2023.xml
2023-03-08,,1.87,1.74,1.66,1.61,1.62,2023,daily_treasury_real_yield_curve_2023.xml
2023-03-09,,1.79,1.7,1.63,1.61,1.63,2023,daily_treasury_real_yield_curve_2023.xml
2023-03-10,,1.62,1.51,1.44,1.42,1.45,2023,daily_treasury_real_yield_curve_2023.xml
2023-03-13,,1.42,1.35,1.31,1.38,1.46,2023,daily_treasury_real_yield_curve_2023.xml
2023-03-14,,1.43,1.37,1.33,1.41,1.49,2023,daily_treasury_real_yield_curve_2023.xml
2023-03-15,,1.26,1.24,1.22,1.33,1.44,2023,daily_treasury_real_yield_curve_2023.xml
2023-03-16,,1.46,1.39,1.34,1.4,1.48,2023,daily_treasury_real_yield_curve_2023.xml
2023-03-17,,1.34,1.31,1.29,1.4,1.5,2023,daily_treasury_real_yield_curve_2023.xml
2023-03-20,,1.42,1.36,1.33,1.42,1.51,2023,daily_treasury_real_yield_curve_2023.xml
2023-03-21,,1.48,1.4,1.36,1.43,1.52,2023,daily_treasury_real_yield_curve_2023.xml
2023-03-22,,1.23,1.21,1.2,1.32,1.43,2023,daily_treasury_real_yield_curve_2023.xml
2023-03-23,,1.13,1.15,1.19,1.33,1.43,2023,daily_treasury_real_yield_curve_2023.xml
2023-03-24,,1.2,1.18,1.16,1.31,1.45,2023,daily_treasury_real_yield_curve_2023.xml
2023-03-27,,1.32,1.3,1.29,1.43,1.55,2023,daily_treasury_real_yield_curve_2023.xml
2023-03-28,,1.29,1.26,1.24,1.38,1.5,2023,daily_treasury_real_yield_curve_2023.xml
2023-03-29,,1.29,1.26,1.24,1.38,1.5,2023,daily_treasury_real_yield_curve_2023.xml
2023-03-30,,1.26,1.23,1.21,1.35,1.48,2023,daily_treasury_real_yield_curve_2023.xml
2023-03-31,,1.2,1.17,1.16,1.31,1.44,2023,daily_treasury_real_yield_curve_2023.xml
2023-04-03,,1.13,1.13,1.14,1.3,1.43,2023,daily_treasury_real_yield_curve_2023.xml
2023-04-04,,1.07,1.07,1.1,1.27,1.41,2023,daily_treasury_real_yield_curve_2023.xml
2023-04-05,,1.07,1.07,1.07,1.25,1.39,2023,daily_treasury_real_yield_curve_2023.xml
2023-04-06,,1.06,1.06,1.06,1.22,1.35,2023,daily_treasury_real_yield_curve_2023.xml
2023-04-07,,1.16,1.15,1.14,1.28,1.4,2023,daily_treasury_real_yield_curve_2023.xml
2023-04-10,,1.18,1.16,1.14,1.28,1.4,2023,daily_treasury_real_yield_curve_2023.xml
2023-04-11,,1.18,1.16,1.14,1.27,1.38,2023,daily_treasury_real_yield_curve_2023.xml
2023-04-12,,1.17,1.15,1.14,1.27,1.38,2023,daily_treasury_real_yield_curve_2023.xml
2023-04-13,,1.22,1.18,1.16,1.29,1.4,2023,daily_treasury_real_yield_curve_2023.xml
2023-04-14,,1.29,1.25,1.22,1.34,1.46,2023,daily_treasury_real_yield_curve_2023.xml
2023-04-17,,1.34,1.3,1.28,1.41,1.52,2023,daily_treasury_real_yield_curve_2023.xml
2023-04-18,,1.36,1.32,1.3,1.42,1.53,2023,daily_treasury_real_yield_curve_2023.xml
2023-04-19,,1.38,1.34,1.32,1.43,1.53,2023,daily_treasury_real_yield_curve_2023.xml
2023-04-20,,1.35,1.31,1.28,1.39,1.5,2023,daily_treasury_real_yield_curve_2023.xml
2023-04-21,,1.36,1.32,1.29,1.41,1.53,2023,daily_treasury_real_yield_curve_2023.xml
2023-04-24,,1.27,1.25,1.24,1.36,1.48,2023,daily_treasury_real_yield_curve_2023.xml
2023-04-25,,1.17,1.16,1.15,1.3,1.43,2023,daily_treasury_real_yield_curve_2023.xml
2023-04-26,,1.2,1.19,1.18,1.33,1.46,2023,daily_treasury_real_yield_curve_2023.xml
2023-04-27,,1.31,1.28,1.26,1.38,1.5,2023,daily_treasury_real_yield_curve_2023.xml
2023-04-28,,1.31,1.28,1.26,1.39,1.51,2023,daily_treasury_real_yield_curve_2023.xml
2023-05-01,,1.4,1.38,1.36,1.49,1.61,2023,daily_treasury_real_yield_curve_2023.xml
2023-05-02,,1.28,1.26,1.24,1.4,1.53,2023,daily_treasury_real_yield_curve_2023.xml
2023-05-03,,1.18,1.18,1.18,1.35,1.5,2023,daily_treasury_real_yield_curve_2023.xml
2023-05-04,,1.16,1.17,1.18,1.37,1.52,2023,daily_treasury_real_yield_curve_2023.xml
2023-05-05,,1.22,1.23,1.23,1.4,1.53,2023,daily_treasury_real_yield_curve_2023.xml
2023-05-08,,1.27,1.27,1.29,1.46,1.59,2023,daily_treasury_real_yield_curve_2023.xml
2023-05-09,,1.29,1.29,1.3,1.47,1.61,2023,daily_treasury_real_yield_curve_2023.xml
2023-05-10,,1.24,1.25,1.26,1.44,1.58,2023,daily_treasury_real_yield_curve_2023.xml
2023-05-11,,1.26,1.24,1.23,1.4,1.53,2023,daily_treasury_real_yield_curve_2023.xml
2023-05-12,,1.34,1.31,1.28,1.42,1.54,2023,daily_treasury_real_yield_curve_2023.xml
2023-05-15,,1.34,1.32,1.31,1.46,1.59,2023,daily_treasury_real_yield_curve_2023.xml
2023-05-16,,1.41,1.38,1.35,1.49,1.61,2023,daily_treasury_real_yield_curve_2023.xml
2023-05-17,,1.42,1.38,1.35,1.48,1.6,2023,daily_treasury_real_yield_curve_2023.xml
2023-05-18,,1.53,1.46,1.42,1.52,1.63,2023,daily_treasury_real_yield_curve_2023.xml
2023-05-19,,1.57,1.5,1.46,1.55,1.66,2023,daily_treasury_real_yield_curve_2023.xml
2023-05-22,,1.59,1.52,1.48,1.57,1.68,2023,daily_treasury_real_yield_curve_2023.xml
2023-05-23,,1.55,1.49,1.44,1.54,1.65,2023,daily_treasury_real_yield_curve_2023.xml
2023-05-24,,1.61,1.53,1.48,1.56,1.67,2023,daily_treasury_real_yield_curve_2023.xml
2023-05-25,,1.78,1.66,1.58,1.61,1.68,2023,daily_treasury_real_yield_curve_2023.xml
2023-05-26,,1.79,1.66,1.57,1.58,1.64,2023,daily_treasury_real_yield_curve_2023.xml
2023-05-30,,1.69,1.56,1.47,1.52,1.62,2023,daily_treasury_real_yield_curve_2023.xml
2023-05-31,,1.67,1.55,1.46,1.52,1.63,2023,daily_treasury_real_yield_curve_2023.xml
2023-06-01,,1.63,1.52,1.45,1.52,1.62,2023,daily_treasury_real_yield_curve_2023.xml
2023-06-02,,1.71,1.59,1.51,1.57,1.66,2023,daily_treasury_real_yield_curve_2023.xml
2023-06-05,,1.67,1.57,1.5,1.57,1.66,2023,daily_treasury_real_yield_curve_2023.xml
2023-06-06,,1.71,1.59,1.5,1.55,1.64,2023,daily_treasury_real_yield_curve_2023.xml
2023-06-07,,1.78,1.66,1.58,1.62,1.7,2023,daily_treasury_real_yield_curve_2023.xml
2023-06-08,,1.73,1.61,1.53,1.57,1.65,2023,daily_treasury_real_yield_curve_2023.xml
2023-06-09,,1.79,1.65,1.55,1.57,1.65,2023,daily_treasury_real_yield_curve_2023.xml
2023-06-12,,1.8,1.65,1.56,1.58,1.65,2023,daily_treasury_real_yield_curve_2023.xml
2023-06-13,,1.89,1.74,1.64,1.64,1.7,2023,daily_treasury_real_yield_curve_2023.xml
2023-06-14,,1.91,1.74,1.62,1.61,1.67,2023,daily_treasury_real_yield_curve_2023.xml
2023-06-15,,1.75,1.61,1.51,1.54,1.63,2023,daily_treasury_real_yield_curve_2023.xml
2023-06-16,,1.82,1.66,1.55,1.56,1.63,2023,daily_treasury_real_yield_curve_2023.xml
2023-06-20,,1.82,1.64,1.52,1.52,1.59,2023,daily_treasury_real_yield_curve_2023.xml
2023-06-21,,1.8,1.63,1.51,1.51,1.57,2023,daily_treasury_real_yield_curve_2023.xml
2023-06-22,,1.85,1.68,1.56,1.56,1.63,2023,daily_treasury_real_yield_curve_2023.xml
2023-06-23,,1.83,1.65,1.53,1.52,1.59,2023,daily_treasury_real_yield_curve_2023.xml
2023-06-26,,1.83,1.66,1.54,1.54,1.62,2023,daily_treasury_real_yield_curve_2023.xml
2023-06-27,,1.9,1.7,1.57,1.56,1.63,2023,daily_treasury_real_yield_curve_2023.xml
2023-06-28,,1.85,1.66,1.53,1.53,1.61,2023,daily_treasury_real_yield_curve_2023.xml
2023-06-29,,1.99,1.79,1.65,1.63,1.69,2023,daily_treasury_real_yield_curve_2023.xml
2023-06-30,,1.95,1.74,1.59,1.56,1.62,2023,daily_treasury_real_yield_curve_2023.xml
2023-07-03,,1.98,1.76,1.61,1.56,1.62,2023,daily_treasury_real_yield_curve_2023.xml
2023-07-05,,2.05,1.84,1.69,1.65,1.7,2023,daily_treasury_real_yield_curve_2023.xml
2023-07-06,,2.15,1.93,1.78,1.71,1.75,2023,daily_treasury_real_yield_curve_2023.xml
2023-07-07,,2.13,1.93,1.79,1.74,1.78,2023,daily_treasury_real_yield_curve_2023.xml
2023-07-10,,2.06,1.88,1.76,1.74,1.79,2023,daily_treasury_real_yield_curve_2023.xml
2023-07-11,,2.08,1.89,1.75,1.73,1.8,2023,daily_treasury_real_yield_curve_2023.xml
2023-07-12,,1.89,1.71,1.6,1.6,1.67,2023,daily_treasury_real_yield_curve_2023.xml
2023-07-13,,1.77,1.62,1.52,1.55,1.64,2023,daily_treasury_real_yield_curve_2023.xml
2023-07-14,,1.89,1.71,1.59,1.6,1.67,2023,daily_treasury_real_yield_curve_2023.xml
2023-07-17,,1.86,1.68,1.56,1.58,1.67,2023,daily_treasury_real_yield_curve_2023.xml
2023-07-18,,1.87,1.69,1.57,1.58,1.66,2023,daily_treasury_real_yield_curve_2023.xml
2023-07-19,,1.85,1.65,1.53,1.53,1.61,2023,daily_treasury_real_yield_curve_2023.xml
2023-07-20,,1.87,1.65,1.5,1.52,1.62,2023,daily_treasury_real_yield_curve_2023.xml
2023-07-21,,1.86,1.64,1.49,1.51,1.62,2023,daily_treasury_real_yield_curve_2023.xml
2023-07-24,,1.85,1.63,1.48,1.5,1.61,2023,daily_treasury_real_yield_curve_2023.xml
2023-07-25,,1.89,1.67,1.52,1.54,1.65,2023,daily_treasury_real_yield_curve_2023.xml
2023-07-26,,1.85,1.64,1.5,1.53,1.65,2023,daily_treasury_real_yield_curve_2023.xml
2023-07-27,,1.97,1.78,1.64,1.66,1.76,2023,daily_treasury_real_yield_curve_2023.xml
2023-07-28,,1.9,1.71,1.58,1.61,1.72,2023,daily_treasury_real_yield_curve_2023.xml
2023-07-31,,1.91,1.72,1.6,1.65,1.76,2023,daily_treasury_real_yield_curve_2023.xml
2023-08-01,,1.98,1.8,1.68,1.72,1.81,2023,daily_treasury_real_yield_curve_2023.xml
2023-08-02,,1.99,1.83,1.72,1.76,1.85,2023,daily_treasury_real_yield_curve_2023.xml
2023-08-03,,2.06,1.92,1.83,1.89,1.99,2023,daily_treasury_real_yield_curve_2023.xml
2023-08-04,,1.89,1.76,1.67,1.76,1.87,2023,daily_treasury_real_yield_curve_2023.xml
2023-08-07,,1.87,1.76,1.68,1.77,1.89,2023,daily_treasury_real_yield_curve_2023.xml
2023-08-08,,1.86,1.74,1.66,1.75,1.88,2023,daily_treasury_real_yield_curve_2023.xml
2023-08-09,,1.89,1.75,1.66,1.75,1.87,2023,daily_treasury_real_yield_curve_2023.xml
2023-08-10,,1.96,1.84,1.76,1.84,1.96,2023,daily_treasury_real_yield_curve_2023.xml
2023-08-11,,2.01,1.89,1.8,1.86,1.96,2023,daily_treasury_real_yield_curve_2023.xml
2023-08-14,,2.07,1.93,1.83,1.88,1.98,2023,daily_treasury_real_yield_curve_2023.xml
2023-08-15,,2.12,1.98,1.89,1.93,2.02,2023,daily_treasury_real_yield_curve_2023.xml
2023-08-16,,2.19,2.05,1.96,1.98,2.06,2023,daily_treasury_real_yield_curve_2023.xml
2023-08-17,,2.18,2.06,1.97,2.01,2.09,2023,daily_treasury_real_yield_curve_2023.xml
2023-08-18,,2.16,2.03,1.94,1.99,2.08,2023,daily_treasury_real_yield_curve_2023.xml
2023-08-21,,2.21,2.08,2,2.04,2.12,2023,daily_treasury_real_yield_curve_2023.xml
2023-08-22,,2.22,2.08,1.99,2,2.07,2023,daily_treasury_real_yield_curve_2023.xml
2023-08-23,,2.1,1.95,1.84,1.86,1.93,2023,daily_treasury_real_yield_curve_2023.xml
2023-08-24,,2.15,2,1.91,1.91,1.98,2023,daily_treasury_real_yield_curve_2023.xml
2023-08-25,,2.19,2.03,1.92,1.92,1.99,2023,daily_treasury_real_yield_curve_2023.xml
2023-08-28,,2.17,2.01,1.9,1.92,1.99,2023,daily_treasury_real_yield_curve_2023.xml
2023-08-29,,2.08,1.93,1.83,1.86,1.95,2023,daily_treasury_real_yield_curve_2023.xml
2023-08-30,,2.11,1.96,1.86,1.89,1.97,2023,daily_treasury_real_yield_curve_2023.xml
2023-08-31,,2.08,1.94,1.85,1.88,1.96,2023,daily_treasury_real_yield_curve_2023.xml
2023-09-01,,2.12,2,1.92,1.96,2.04,2023,daily_treasury_real_yield_curve_2023.xml
2023-09-05,,2.16,2.05,1.98,2.02,2.1,2023,daily_treasury_real_yield_curve_2023.xml
2023-09-06,,2.21,2.09,2,2.02,2.08,2023,daily_treasury_real_yield_curve_2023.xml
2023-09-07,,2.14,2.03,1.95,1.99,2.06,2023,daily_treasury_real_yield_curve_2023.xml
2023-09-08,,2.13,2.01,1.93,1.95,2.01,2023,daily_treasury_real_yield_curve_2023.xml
2023-09-11,,2.14,2.02,1.94,1.97,2.04,2023,daily_treasury_real_yield_curve_2023.xml
2023-09-12,,2.14,2.02,1.93,1.96,2.02,2023,daily_treasury_real_yield_curve_2023.xml
2023-09-13,,2.11,1.99,1.9,1.93,2,2023,daily_treasury_real_yield_curve_2023.xml
2023-09-14,,2.15,2.03,1.95,1.99,2.06,2023,daily_treasury_real_yield_curve_2023.xml
2023-09-15,,2.18,2.06,1.98,2.01,2.08,2023,daily_treasury_real_yield_curve_2023.xml
2023-09-18,,2.17,2.04,1.96,1.99,2.05,2023,daily_treasury_real_yield_curve_2023.xml
2023-09-19,,2.21,2.08,2,2.02,2.09,2023,daily_treasury_real_yield_curve_2023.xml
2023-09-20,,2.25,2.1,2,2.01,2.07,2023,daily_treasury_real_yield_curve_2023.xml
2023-09-21,,2.32,2.19,2.11,2.13,2.2,2023,daily_treasury_real_yield_curve_2023.xml
2023-09-22,,2.28,2.15,2.07,2.09,2.16,2023,daily_treasury_real_yield_curve_2023.xml
2023-09-25,,2.37,2.26,2.18,2.22,2.28,2023,daily_treasury_real_yield_curve_2023.xml
2023-09-26,,2.42,2.3,2.23,2.26,2.33,2023,daily_treasury_real_yield_curve_2023.xml
2023-09-27,,2.44,2.33,2.27,2.29,2.35,2023,daily_treasury_real_yield_curve_2023.xml
2023-09-28,,2.35,2.26,2.2,2.23,2.29,2023,daily_treasury_real_yield_curve_2023.xml
2023-09-29,,2.38,2.29,2.24,2.27,2.33,2023,daily_treasury_real_yield_curve_2023.xml
2023-10-02,,2.49,2.4,2.34,2.36,2.41,2023,daily_treasury_real_yield_curve_2023.xml
2023-10-03,,2.59,2.51,2.45,2.47,2.51,2023,daily_treasury_real_yield_curve_2023.xml
2023-10-04,,2.54,2.46,2.4,2.41,2.44,2023,daily_treasury_real_yield_curve_2023.xml
2023-10-05,,2.54,2.46,2.41,2.44,2.49,2023,daily_treasury_real_yield_curve_2023.xml
2023-10-06,,2.58,2.51,2.47,2.49,2.54,2023,daily_treasury_real_yield_curve_2023.xml
2023-10-10,,2.44,2.38,2.34,2.38,2.43,2023,daily_treasury_real_yield_curve_2023.xml
2023-10-11,,2.39,2.31,2.26,2.29,2.34,2023,daily_treasury_real_yield_curve_2023.xml
2023-10-12,,2.46,2.4,2.36,2.41,2.46,2023,daily_treasury_real_yield_curve_2023.xml
2023-10-13,,2.39,2.32,2.29,2.33,2.38,2023,daily_treasury_real_yield_curve_2023.xml
2023-10-16,,2.42,2.37,2.33,2.38,2.44,2023,daily_treasury_real_yield_curve_2023.xml
2023-10-17,,2.54,2.46,2.42,2.43,2.47,2023,daily_treasury_real_yield_curve_2023.xml
2023-10-18,,2.57,2.51,2.47,2.48,2.5,2023,daily_treasury_real_yield_curve_2023.xml
2023-10-19,,2.43,2.46,2.49,2.53,2.55,2023,daily_treasury_real_yield_curve_2023.xml
2023-10-20,,2.39,2.43,2.46,2.52,2.55,2023,daily_treasury_real_yield_curve_2023.xml
2023-10-23,,2.4,2.42,2.45,2.49,2.52,2023,daily_treasury_real_yield_curve_2023.xml
2023-10-24,,2.44,2.44,2.43,2.46,2.47,2023,daily_treasury_real_yield_curve_2023.xml
2023-10-25,,2.49,2.5,2.52,2.55,2.56,2023,daily_treasury_real_yield_curve_2023.xml
2023-10-26,,2.42,2.43,2.44,2.47,2.5,2023,daily_treasury_real_yield_curve_2023.xml
2023-10-27,,2.37,2.39,2.42,2.48,2.51,2023,daily_treasury_real_yield_curve_2023.xml
2023-10-30,,2.4,2.42,2.44,2.49,2.52,2023,daily_treasury_real_yield_curve_2023.xml
2023-10-31,,2.42,2.44,2.46,2.49,2.51,2023,daily_treasury_real_yield_curve_2023.xml
2023-11-01,,2.31,2.33,2.36,2.41,2.44,2023,daily_treasury_real_yield_curve_2023.xml
2023-11-02,,2.3,2.28,2.27,2.29,2.32,2023,daily_treasury_real_yield_curve_2023.xml
2023-11-03,,2.17,2.18,2.18,2.24,2.28,2023,daily_treasury_real_yield_curve_2023.xml
2023-11-06,,2.25,2.25,2.25,2.29,2.32,2023,daily_treasury_real_yield_curve_2023.xml
2023-11-07,,2.21,2.2,2.19,2.22,2.25,2023,daily_treasury_real_yield_curve_2023.xml
2023-11-08,,2.22,2.18,2.15,2.16,2.18,2023,daily_treasury_real_yield_curve_2023.xml
2023-11-09,,2.35,2.31,2.29,2.29,2.31,2023,daily_treasury_real_yield_curve_2023.xml
2023-11-10,,2.37,2.32,2.29,2.28,2.3,2023,daily_treasury_real_yield_curve_2023.xml
2023-11-13,,2.37,2.34,2.32,2.32,2.34,2023,daily_treasury_real_yield_curve_2023.xml
2023-11-14,,2.19,2.17,2.16,2.2,2.24,2023,daily_treasury_real_yield_curve_2023.xml
2023-11-15,,2.28,2.25,2.22,2.25,2.28,2023,daily_treasury_real_yield_curve_2023.xml
2023-11-16,,2.23,2.2,2.18,2.22,2.26,2023,daily_treasury_real_yield_curve_2023.xml
2023-11-17,,2.22,2.19,2.16,2.2,2.24,2023,daily_treasury_real_yield_curve_2023.xml
2023-11-20,,2.18,2.15,2.12,2.16,2.2,2023,daily_treasury_real_yield_curve_2023.xml
2023-11-21,,2.22,2.19,2.16,2.2,2.24,2023,daily_treasury_real_yield_curve_2023.xml
2023-11-22,,2.23,2.19,2.16,2.17,2.2,2023,daily_treasury_real_yield_curve_2023.xml
2023-11-24,,2.28,2.24,2.21,2.22,2.25,2023,daily_treasury_real_yield_curve_2023.xml
2023-11-27,,2.26,2.21,2.18,2.19,2.22,2023,daily_treasury_real_yield_curve_2023.xml
2023-11-28,,2.14,2.13,2.12,2.17,2.21,2023,daily_treasury_real_yield_curve_2023.xml
2023-11-29,,2.08,2.07,2.06,2.11,2.15,2023,daily_treasury_real_yield_curve_2023.xml
2023-11-30,,2.16,2.15,2.14,2.18,2.22,2023,daily_treasury_real_yield_curve_2023.xml
2023-12-01,,2.02,2.01,2,2.07,2.12,2023,daily_treasury_real_yield_curve_2023.xml
2023-12-04,,2.1,2.09,2.07,2.13,2.17,2023,daily_treasury_real_yield_curve_2023.xml
2023-12-05,,2.05,2.03,2.01,2.04,2.08,2023,daily_treasury_real_yield_curve_2023.xml
2023-12-06,,2.07,2.01,1.98,1.99,2.02,2023,daily_treasury_real_yield_curve_2023.xml
2023-12-07,,2.05,2,1.97,1.99,2.02,2023,daily_treasury_real_yield_curve_2023.xml
2023-12-08,,2.13,2.07,2.02,2.03,2.05,2023,daily_treasury_real_yield_curve_2023.xml
2023-12-11,,2.14,2.08,2.04,2.05,2.09,2023,daily_treasury_real_yield_curve_2023.xml
2023-12-12,,2.15,2.08,2.04,2.05,2.09,2023,daily_treasury_real_yield_curve_2023.xml
2023-12-13,,1.92,1.9,1.88,1.94,2,2023,daily_treasury_real_yield_curve_2023.xml
2023-12-14,,1.72,1.71,1.7,1.77,1.82,2023,daily_treasury_real_yield_curve_2023.xml
2023-12-15,,1.74,1.71,1.69,1.76,1.82,2023,daily_treasury_real_yield_curve_2023.xml
2023-12-18,,1.76,1.75,1.74,1.81,1.87,2023,daily_treasury_real_yield_curve_2023.xml
2023-12-19,,1.77,1.75,1.74,1.81,1.87,2023,daily_treasury_real_yield_curve_2023.xml
2023-12-20,,1.7,1.69,1.67,1.76,1.83,2023,daily_treasury_real_yield_curve_2023.xml
2023-12-21,,1.69,1.69,1.7,1.79,1.86,2023,daily_treasury_real_yield_curve_2023.xml
2023-12-22,,1.71,1.71,1.71,1.81,1.89,2023,daily_treasury_real_yield_curve_2023.xml
2023-12-26,,1.72,1.72,1.71,1.81,1.89,2023,daily_treasury_real_yield_curve_2023.xml
2023-12-27,,1.66,1.64,1.64,1.74,1.82,2023,daily_treasury_real_yield_curve_2023.xml
2023-12-28,,1.72,1.69,1.68,1.77,1.84,2023,daily_treasury_real_yield_curve_2023.xml
2023-12-29,,1.72,1.72,1.72,1.82,1.9,2023,daily_treasury_real_yield_curve_2023.xml
2024-01-02,,1.76,1.75,1.74,1.84,1.91,2024,daily_treasury_real_yield_curve_2024.xml
2024-01-03,,1.73,1.71,1.71,1.81,1.89,2024,daily_treasury_real_yield_curve_2024.xml
2024-01-04,,1.79,1.78,1.77,1.88,1.96,2024,daily_treasury_real_yield_curve_2024.xml
2024-01-05,,1.83,1.83,1.83,1.94,2.02,2024,daily_treasury_real_yield_curve_2024.xml
2024-01-08,,1.78,1.79,1.79,1.9,1.98,2024,daily_treasury_real_yield_curve_2024.xml
2024-01-09,,1.8,1.8,1.8,1.91,1.99,2024,daily_treasury_real_yield_curve_2024.xml
2024-01-10,,1.81,1.81,1.82,1.93,2.01,2024,daily_treasury_real_yield_curve_2024.xml
2024-01-11,,1.72,1.73,1.76,1.89,1.98,2024,daily_treasury_real_yield_curve_2024.xml
2024-01-12,,1.62,1.64,1.69,1.85,1.95,2024,daily_treasury_real_yield_curve_2024.xml
2024-01-16,,1.71,1.73,1.77,1.93,2.03,2024,daily_treasury_real_yield_curve_2024.xml
2024-01-17,,1.78,1.78,1.8,1.94,2.03,2024,daily_treasury_real_yield_curve_2024.xml
2024-01-18,,1.76,1.77,1.8,1.95,2.05,2024,daily_treasury_real_yield_curve_2024.xml
2024-01-19,,1.78,1.79,1.81,1.94,2.03,2024,daily_treasury_real_yield_curve_2024.xml
2024-01-22,,1.76,1.77,1.8,1.93,2.03,2024,daily_treasury_real_yield_curve_2024.xml
2024-01-23,,1.8,1.82,1.85,1.99,2.09,2024,daily_treasury_real_yield_curve_2024.xml
2024-01-24,,1.83,1.85,1.88,2.02,2.11,2024,daily_treasury_real_yield_curve_2024.xml
2024-01-25,,1.77,1.8,1.85,2,2.1,2024,daily_treasury_real_yield_curve_2024.xml
2024-01-26,,1.78,1.81,1.85,2,2.1,2024,daily_treasury_real_yield_curve_2024.xml
2024-01-29,,1.71,1.74,1.78,1.94,2.03,2024,daily_treasury_real_yield_curve_2024.xml
2024-01-30,,1.75,1.77,1.8,1.94,2.04,2024,daily_treasury_real_yield_curve_2024.xml
2024-01-31,,1.67,1.7,1.73,1.89,1.99,2024,daily_treasury_real_yield_curve_2024.xml
2024-02-01,,1.63,1.65,1.68,1.82,1.91,2024,daily_treasury_real_yield_curve_2024.xml
2024-02-02,,1.8,1.81,1.82,1.93,2.02,2024,daily_treasury_real_yield_curve_2024.xml
2024-02-05,,1.87,1.88,1.9,2.01,2.09,2024,daily_treasury_real_yield_curve_2024.xml
2024-02-06,,1.79,1.81,1.85,1.98,2.06,2024,daily_treasury_real_yield_curve_2024.xml
2024-02-07,,1.8,1.83,1.86,2,2.08,2024,daily_treasury_real_yield_curve_2024.xml
2024-02-08,,1.84,1.87,1.91,2.04,2.12,2024,daily_treasury_real_yield_curve_2024.xml
2024-02-09,,1.86,1.89,1.92,2.05,2.13,2024,daily_treasury_real_yield_curve_2024.xml
2024-02-12,,1.86,1.89,1.93,2.06,2.15,2024,daily_treasury_real_yield_curve_2024.xml
2024-02-13,,1.98,1.99,2.02,2.13,2.2,2024,daily_treasury_real_yield_curve_2024.xml
2024-02-14,,1.91,1.94,1.97,2.1,2.18,2024,daily_treasury_real_yield_curve_2024.xml
2024-02-15,,1.87,1.9,1.94,2.07,2.16,2024,daily_treasury_real_yield_curve_2024.xml
2024-02-16,,1.91,1.93,1.97,2.09,2.17,2024,daily_treasury_real_yield_curve_2024.xml
2024-02-20,,1.88,1.91,1.95,2.08,2.17,2024,daily_treasury_real_yield_curve_2024.xml
2024-02-21,,1.91,1.94,1.98,2.11,2.18,2024,daily_treasury_real_yield_curve_2024.xml
2024-02-22,,1.96,1.98,2.02,2.12,2.19,2024,daily_treasury_real_yield_curve_2024.xml
2024-02-23,,1.94,1.95,1.96,2.05,2.11,2024,daily_treasury_real_yield_curve_2024.xml
2024-02-26,,1.93,1.95,1.97,2.06,2.13,2024,daily_treasury_real_yield_curve_2024.xml
2024-02-27,,1.94,1.96,1.99,2.09,2.16,2024,daily_treasury_real_yield_curve_2024.xml
2024-02-28,,1.88,1.91,1.94,2.05,2.12,2024,daily_treasury_real_yield_curve_2024.xml
2024-02-29,,1.86,1.88,1.92,2.02,2.09,2024,daily_treasury_real_yield_curve_2024.xml
2024-03-01,,1.77,1.82,1.87,1.98,2.05,2024,daily_treasury_real_yield_curve_2024.xml
2024-03-04,,1.79,1.83,1.88,1.98,2.05,2024,daily_treasury_real_yield_curve_2024.xml
2024-03-05,,1.74,1.77,1.81,1.91,1.98,2024,daily_treasury_real_yield_curve_2024.xml
2024-03-06,,1.74,1.77,1.81,1.91,1.98,2024,daily_treasury_real_yield_curve_2024.xml
2024-03-07,,1.73,1.77,1.81,1.93,2.01,2024,daily_treasury_real_yield_curve_2024.xml
2024-03-08,,1.72,1.76,1.81,1.93,2.01,2024,daily_treasury_real_yield_curve_2024.xml
2024-03-11,,1.76,1.79,1.83,1.94,2.02,2024,daily_treasury_real_yield_curve_2024.xml
2024-03-12,,1.8,1.83,1.86,1.98,2.05,2024,daily_treasury_real_yield_curve_2024.xml
2024-03-13,,1.82,1.85,1.89,2.01,2.08,2024,daily_treasury_real_yield_curve_2024.xml
2024-03-14,,1.92,1.95,1.99,2.1,2.17,2024,daily_treasury_real_yield_curve_2024.xml
2024-03-15,,1.94,1.96,1.99,2.09,2.16,2024,daily_treasury_real_yield_curve_2024.xml
2024-03-18,,1.97,1.99,2.03,2.12,2.19,2024,daily_treasury_real_yield_curve_2024.xml
2024-03-19,,1.93,1.96,2,2.1,2.18,2024,daily_treasury_real_yield_curve_2024.xml
2024-03-20,,1.85,1.9,1.96,2.08,2.17,2024,daily_treasury_real_yield_curve_2024.xml
2024-03-21,,1.83,1.87,1.93,2.06,2.14,2024,daily_treasury_real_yield_curve_2024.xml
2024-03-22,,1.79,1.83,1.87,2.01,2.1,2024,daily_treasury_real_yield_curve_2024.xml
2024-03-25,,1.82,1.86,1.92,2.05,2.14,2024,daily_treasury_real_yield_curve_2024.xml
2024-03-26,,1.84,1.88,1.92,2.05,2.13,2024,daily_treasury_real_yield_curve_2024.xml
2024-03-27,,1.81,1.84,1.88,2,2.09,2024,daily_treasury_real_yield_curve_2024.xml
2024-03-28,,1.83,1.85,1.88,1.99,2.07,2024,daily_treasury_real_yield_curve_2024.xml
2024-04-01,,1.93,1.95,1.98,2.09,2.17,2024,daily_treasury_real_yield_curve_2024.xml
2024-04-02,,1.91,1.95,2,2.11,2.19,2024,daily_treasury_real_yield_curve_2024.xml
2024-04-03,,1.91,1.95,2,2.12,2.2,2024,daily_treasury_real_yield_curve_2024.xml
2024-04-04,,1.88,1.92,1.97,2.09,2.17,2024,daily_treasury_real_yield_curve_2024.xml
2024-04-05,,1.93,1.97,2.02,2.14,2.22,2024,daily_treasury_real_yield_curve_2024.xml
2024-04-08,,1.96,1.99,2.04,2.15,2.22,2024,daily_treasury_real_yield_curve_2024.xml
2024-04-09,,1.93,1.96,2,2.1,2.18,2024,daily_treasury_real_yield_curve_2024.xml
2024-04-10,,2.12,2.13,2.15,2.23,2.29,2024,daily_treasury_real_yield_curve_2024.xml
2024-04-11,,2.13,2.14,2.16,2.25,2.31,2024,daily_treasury_real_yield_curve_2024.xml
2024-04-12,,2.07,2.08,2.11,2.21,2.27,2024,daily_treasury_real_yield_curve_2024.xml
2024-04-15,,2.13,2.16,2.2,2.3,2.37,2024,daily_treasury_real_yield_curve_2024.xml
2024-04-16,,2.17,2.2,2.24,2.34,2.4,2024,daily_treasury_real_yield_curve_2024.xml
2024-04-17,,2.15,2.17,2.2,2.3,2.36,2024,daily_treasury_real_yield_curve_2024.xml
2024-04-18,,2.24,2.24,2.24,2.32,2.38,2024,daily_treasury_real_yield_curve_2024.xml
2024-04-19,,2.22,2.21,2.21,2.29,2.36,2024,daily_treasury_real_yield_curve_2024.xml
2024-04-22,,2.21,2.21,2.21,2.3,2.36,2024,daily_treasury_real_yield_curve_2024.xml
2024-04-23,,2.19,2.19,2.2,2.3,2.38,2024,daily_treasury_real_yield_curve_2024.xml
2024-04-24,,2.22,2.23,2.24,2.34,2.41,2024,daily_treasury_real_yield_curve_2024.xml
2024-04-25,,2.27,2.27,2.28,2.36,2.42,2024,daily_treasury_real_yield_curve_2024.xml
2024-04-26,,2.24,2.24,2.24,2.32,2.38,2024,daily_treasury_real_yield_curve_2024.xml
2024-04-29,,2.22,2.22,2.22,2.3,2.36,2024,daily_treasury_real_yield_curve_2024.xml
2024-04-30,,2.29,2.29,2.28,2.35,2.41,2024,daily_treasury_real_yield_curve_2024.xml
2024-05-01,,2.25,2.25,2.25,2.33,2.38,2024,daily_treasury_real_yield_curve_2024.xml
2024-05-02,,2.2,2.2,2.21,2.3,2.37,2024,daily_treasury_real_yield_curve_2024.xml
2024-05-03,,2.13,2.14,2.15,2.24,2.31,2024,daily_treasury_real_yield_curve_2024.xml
2024-05-06,,2.14,2.14,2.14,2.22,2.29,2024,daily_treasury_real_yield_curve_2024.xml
2024-05-07,,2.16,2.16,2.15,2.22,2.28,2024,daily_treasury_real_yield_curve_2024.xml
2024-05-08,,2.19,2.18,2.17,2.24,2.31,2024,daily_treasury_real_yield_curve_2024.xml
2024-05-09,,2.13,2.13,2.13,2.2,2.26,2024,daily_treasury_real_yield_curve_2024.xml
2024-05-10,,2.18,2.17,2.16,2.23,2.29,2024,daily_treasury_real_yield_curve_2024.xml
2024-05-13,,2.17,2.16,2.15,2.22,2.29,2024,daily_treasury_real_yield_curve_2024.xml
2024-05-14,,2.14,2.13,2.12,2.2,2.26,2024,daily_treasury_real_yield_curve_2024.xml
2024-05-15,,2.06,2.06,2.05,2.13,2.19,2024,daily_treasury_real_yield_curve_2024.xml
2024-05-16,,2.1,2.08,2.07,2.14,2.2,2024,daily_treasury_real_yield_curve_2024.xml
2024-05-17,,2.12,2.11,2.1,2.17,2.23,2024,daily_treasury_real_yield_curve_2024.xml
2024-05-20,,2.13,2.12,2.11,2.18,2.24,2024,daily_treasury_real_yield_curve_2024.xml
2024-05-21,,2.1,2.09,2.09,2.16,2.22,2024,daily_treasury_real_yield_curve_2024.xml
2024-05-22,,2.14,2.12,2.1,2.16,2.21,2024,daily_treasury_real_yield_curve_2024.xml
2024-05-23,,2.21,2.19,2.17,2.21,2.26,2024,daily_treasury_real_yield_curve_2024.xml
2024-05-24,,2.2,2.16,2.14,2.19,2.25,2024,daily_treasury_real_yield_curve_2024.xml
2024-05-28,,2.23,2.21,2.2,2.26,2.32,2024,daily_treasury_real_yield_curve_2024.xml
2024-05-29,,2.27,2.26,2.25,2.31,2.36,2024,daily_treasury_real_yield_curve_2024.xml
2024-05-30,,2.22,2.2,2.19,2.26,2.32,2024,daily_treasury_real_yield_curve_2024.xml
2024-05-31,,2.18,2.17,2.16,2.23,2.3,2024,daily_treasury_real_yield_curve_2024.xml
2024-06-03,,2.11,2.09,2.08,2.15,2.22,2024,daily_treasury_real_yield_curve_2024.xml
2024-06-04,,2.07,2.04,2.02,2.09,2.16,2024,daily_treasury_real_yield_curve_2024.xml
2024-06-05,,2.04,2.01,1.99,2.07,2.13,2024,daily_treasury_real_yield_curve_2024.xml
2024-06-06,,2.04,2.02,2,2.07,2.14,2024,daily_treasury_real_yield_curve_2024.xml
2024-06-07,,2.18,2.15,2.13,2.19,2.24,2024,daily_treasury_real_yield_curve_2024.xml
2024-06-10,,2.21,2.18,2.16,2.22,2.28,2024,daily_treasury_real_yield_curve_2024.xml
2024-06-11,,2.16,2.14,2.12,2.17,2.23,2024,daily_treasury_real_yield_curve_2024.xml
2024-06-12,,2.15,2.12,2.09,2.15,2.21,2024,daily_treasury_real_yield_curve_2024.xml
2024-06-13,,2.1,2.06,2.03,2.09,2.15,2024,daily_treasury_real_yield_curve_2024.xml
2024-06-14,,2.11,2.06,2.03,2.07,2.12,2024,daily_treasury_real_yield_curve_2024.xml
2024-06-17,,2.14,2.1,2.06,2.1,2.15,2024,daily_treasury_real_yield_curve_2024.xml
2024-06-18,,2.07,2.03,2.01,2.05,2.1,2024,daily_treasury_real_yield_curve_2024.xml
2024-06-20,,2.05,2.02,2,2.06,2.12,2024,daily_treasury_real_yield_curve_2024.xml
2024-06-21,,2.07,2.04,2.02,2.09,2.15,2024,daily_treasury_real_yield_curve_2024.xml
2024-06-24,,2.09,2.05,2.03,2.08,2.14,2024,daily_treasury_real_yield_curve_2024.xml
2024-06-25,,2.08,2.04,2.01,2.06,2.12,2024,daily_treasury_real_yield_curve_2024.xml
2024-06-26,,2.12,2.08,2.06,2.11,2.17,2024,daily_treasury_real_yield_curve_2024.xml
2024-06-27,,2.07,2.04,2.03,2.09,2.15,2024,daily_treasury_real_yield_curve_2024.xml
2024-06-28,,2.09,2.08,2.08,2.16,2.23,2024,daily_treasury_real_yield_curve_2024.xml
2024-07-01,,2.15,2.15,2.16,2.25,2.32,2024,daily_treasury_real_yield_curve_2024.xml
2024-07-02,,2.13,2.13,2.13,2.22,2.28,2024,daily_treasury_real_yield_curve_2024.xml
2024-07-03,,2.1,2.09,2.09,2.17,2.23,2024,daily_treasury_real_yield_curve_2024.xml
2024-07-05,,2,2,2,2.09,2.17,2024,daily_treasury_real_yield_curve_2024.xml
2024-07-08,,2.01,2.01,2.01,2.1,2.17,2024,daily_treasury_real_yield_curve_2024.xml
2024-07-09,,2.03,2.03,2.04,2.13,2.21,2024,daily_treasury_real_yield_curve_2024.xml
2024-07-10,,2.02,2.01,2.01,2.1,2.18,2024,daily_treasury_real_yield_curve_2024.xml
2024-07-11,,1.95,1.95,1.95,2.05,2.13,2024,daily_treasury_real_yield_curve_2024.xml
2024-07-12,,1.95,1.95,1.94,2.04,2.12,2024,daily_treasury_real_yield_curve_2024.xml
2024-07-15,,1.93,1.94,1.96,2.08,2.16,2024,daily_treasury_real_yield_curve_2024.xml
2024-07-16,,1.89,1.89,1.91,2.01,2.09,2024,daily_treasury_real_yield_curve_2024.xml
2024-07-17,,1.88,1.89,1.9,2.01,2.09,2024,daily_treasury_real_yield_curve_2024.xml
2024-07-18,,1.92,1.9,1.89,2.02,2.13,2024,daily_treasury_real_yield_curve_2024.xml
2024-07-19,,1.98,1.95,1.93,2.05,2.16,2024,daily_treasury_real_yield_curve_2024.xml
2024-07-22,,1.99,1.97,1.96,2.08,2.18,2024,daily_treasury_real_yield_curve_2024.xml
2024-07-23,,1.98,1.97,1.96,2.09,2.2,2024,daily_treasury_real_yield_curve_2024.xml
2024-07-24,,1.99,1.99,2,2.15,2.26,2024,daily_treasury_real_yield_curve_2024.xml
2024-07-25,,2,1.99,1.99,2.12,2.24,2024,daily_treasury_real_yield_curve_2024.xml
2024-07-26,,1.93,1.93,1.93,2.08,2.2,2024,daily_treasury_real_yield_curve_2024.xml
2024-07-29,,1.92,1.92,1.92,2.06,2.17,2024,daily_treasury_real_yield_curve_2024.xml
2024-07-30,,1.91,1.91,1.9,2.05,2.16,2024,daily_treasury_real_yield_curve_2024.xml
2024-07-31,,1.84,1.84,1.85,2.01,2.13,2024,daily_treasury_real_yield_curve_2024.xml
2024-08-01,,1.78,1.78,1.79,1.96,2.09,2024,daily_treasury_real_yield_curve_2024.xml
2024-08-02,,1.73,1.74,1.76,1.92,2.04,2024,daily_treasury_real_yield_curve_2024.xml
2024-08-05,,1.71,1.71,1.71,1.85,1.97,2024,daily_treasury_real_yield_curve_2024.xml
2024-08-06,,1.77,1.77,1.78,1.93,2.05,2024,daily_treasury_real_yield_curve_2024.xml
2024-08-07,,1.82,1.83,1.85,2,2.12,2024,daily_treasury_real_yield_curve_2024.xml
2024-08-08,,1.85,1.85,1.87,2.02,2.14,2024,daily_treasury_real_yield_curve_2024.xml
2024-08-09,,1.84,1.84,1.84,1.98,2.1,2024,daily_treasury_real_yield_curve_2024.xml
2024-08-12,,1.77,1.77,1.79,1.94,2.06,2024,daily_treasury_real_yield_curve_2024.xml
2024-08-13,,1.72,1.73,1.76,1.92,2.05,2024,daily_treasury_real_yield_curve_2024.xml
2024-08-14,,1.74,1.75,1.77,1.92,2.04,2024,daily_treasury_real_yield_curve_2024.xml
2024-08-15,,1.8,1.8,1.8,1.95,2.06,2024,daily_treasury_real_yield_curve_2024.xml
2024-08-16,,1.8,1.8,1.81,1.95,2.06,2024,daily_treasury_real_yield_curve_2024.xml
2024-08-19,,1.81,1.8,1.79,1.93,2.04,2024,daily_treasury_real_yield_curve_2024.xml
2024-08-20,,1.75,1.75,1.75,1.88,1.99,2024,daily_treasury_real_yield_curve_2024.xml
2024-08-21,,1.7,1.71,1.72,1.86,1.97,2024,daily_treasury_real_yield_curve_2024.xml
2024-08-22,,1.76,1.76,1.76,1.91,2.03,2024,daily_treasury_real_yield_curve_2024.xml
2024-08-23,,1.64,1.66,1.68,1.85,1.97,2024,daily_treasury_real_yield_curve_2024.xml
2024-08-26,,1.64,1.65,1.67,1.84,1.97,2024,daily_treasury_real_yield_curve_2024.xml
2024-08-27,,1.64,1.65,1.68,1.85,1.98,2024,daily_treasury_real_yield_curve_2024.xml
2024-08-28,,1.64,1.65,1.69,1.86,1.98,2024,daily_treasury_real_yield_curve_2024.xml
2024-08-29,,1.65,1.67,1.71,1.88,2,2024,daily_treasury_real_yield_curve_2024.xml
2024-08-30,,1.7,1.72,1.76,1.92,2.04,2024,daily_treasury_real_yield_curve_2024.xml
2024-09-03,,1.7,1.71,1.73,1.89,2,2024,daily_treasury_real_yield_curve_2024.xml
2024-09-04,,1.66,1.67,1.7,1.86,1.98,2024,daily_treasury_real_yield_curve_2024.xml
2024-09-05,,1.67,1.68,1.7,1.85,1.97,2024,daily_treasury_real_yield_curve_2024.xml
2024-09-06,,1.64,1.66,1.69,1.85,1.98,2024,daily_treasury_real_yield_curve_2024.xml
2024-09-09,,1.61,1.63,1.66,1.82,1.94,2024,daily_treasury_real_yield_curve_2024.xml
2024-09-10,,1.57,1.59,1.63,1.8,1.92,2024,daily_treasury_real_yield_curve_2024.xml
2024-09-11,,1.55,1.57,1.61,1.79,1.91,2024,daily_treasury_real_yield_curve_2024.xml
2024-09-12,,1.54,1.58,1.63,1.81,1.94,2024,daily_treasury_real_yield_curve_2024.xml
2024-09-13,,1.48,1.52,1.58,1.77,1.9,2024,daily_treasury_real_yield_curve_2024.xml
2024-09-16,,1.47,1.49,1.54,1.72,1.84,2024,daily_treasury_real_yield_curve_2024.xml
2024-09-17,,1.47,1.49,1.53,1.72,1.85,2024,daily_treasury_real_yield_curve_2024.xml
2024-09-18,,1.49,1.52,1.58,1.77,1.9,2024,daily_treasury_real_yield_curve_2024.xml
2024-09-19,,1.45,1.5,1.56,1.77,1.91,2024,daily_treasury_real_yield_curve_2024.xml
2024-09-20,,1.46,1.51,1.58,1.79,1.93,2024,daily_treasury_real_yield_curve_2024.xml
2024-09-23,,1.47,1.52,1.58,1.79,1.93,2024,daily_treasury_real_yield_curve_2024.xml
2024-09-24,,1.41,1.47,1.55,1.78,1.92,2024,daily_treasury_real_yield_curve_2024.xml
2024-09-25,,1.46,1.53,1.61,1.83,1.97,2024,daily_treasury_real_yield_curve_2024.xml
2024-09-26,,1.52,1.56,1.63,1.83,1.96,2024,daily_treasury_real_yield_curve_2024.xml
2024-09-27,,1.47,1.52,1.6,1.81,1.95,2024,daily_treasury_real_yield_curve_2024.xml
2024-09-30,,1.51,1.56,1.63,1.83,1.96,2024,daily_treasury_real_yield_curve_2024.xml
2024-10-01,,1.44,1.49,1.55,1.76,1.9,2024,daily_treasury_real_yield_curve_2024.xml
2024-10-02,,1.45,1.5,1.58,1.79,1.93,2024,daily_treasury_real_yield_curve_2024.xml
2024-10-03,,1.51,1.57,1.64,1.85,1.98,2024,daily_treasury_real_yield_curve_2024.xml
2024-10-04,,1.67,1.7,1.75,1.92,2.04,2024,daily_treasury_real_yield_curve_2024.xml
2024-10-07,,1.69,1.72,1.76,1.94,2.06,2024,daily_treasury_real_yield_curve_2024.xml
2024-10-08,,1.69,1.72,1.77,1.95,2.07,2024,daily_treasury_real_yield_curve_2024.xml
2024-10-09,,1.7,1.73,1.77,1.94,2.06,2024,daily_treasury_real_yield_curve_2024.xml
2024-10-10,,1.65,1.7,1.76,1.96,2.08,2024,daily_treasury_real_yield_curve_2024.xml
2024-10-11,,1.63,1.68,1.75,1.96,2.09,2024,daily_treasury_real_yield_curve_2024.xml
2024-10-15,,1.64,1.69,1.75,1.93,2.05,2024,daily_treasury_real_yield_curve_2024.xml
2024-10-16,,1.65,1.69,1.75,1.93,2.05,2024,daily_treasury_real_yield_curve_2024.xml
2024-10-17,,1.68,1.73,1.79,1.98,2.11,2024,daily_treasury_real_yield_curve_2024.xml
2024-10-18,,1.65,1.7,1.77,1.97,2.09,2024,daily_treasury_real_yield_curve_2024.xml
2024-10-21,,1.75,1.81,1.88,2.07,2.19,2024,daily_treasury_real_yield_curve_2024.xml
2024-10-22,,1.75,1.81,1.87,2.06,2.17,2024,daily_treasury_real_yield_curve_2024.xml
2024-10-23,,1.82,1.87,1.93,2.1,2.21,2024,daily_treasury_real_yield_curve_2024.xml
2024-10-24,,1.7,1.81,1.91,2.08,2.17,2024,daily_treasury_real_yield_curve_2024.xml
2024-10-25,,1.75,1.85,1.96,2.13,2.22,2024,daily_treasury_real_yield_curve_2024.xml
2024-10-28,,1.8,1.89,1.99,2.15,2.23,2024,daily_treasury_real_yield_curve_2024.xml
2024-10-29,,1.78,1.88,1.98,2.14,2.22,2024,daily_treasury_real_yield_curve_2024.xml
2024-10-30,,1.77,1.86,1.95,2.1,2.17,2024,daily_treasury_real_yield_curve_2024.xml
2024-10-31,,1.77,1.86,1.95,2.09,2.15,2024,daily_treasury_real_yield_curve_2024.xml
2024-11-01,,1.85,1.95,2.04,2.18,2.25,2024,daily_treasury_real_yield_curve_2024.xml
2024-11-04,,1.85,1.94,2.03,2.16,2.22,2024,daily_treasury_real_yield_curve_2024.xml
2024-11-05,,1.84,1.91,1.99,2.11,2.16,2024,daily_treasury_real_yield_curve_2024.xml
2024-11-06,,1.81,1.93,2.04,2.18,2.25,2024,daily_treasury_real_yield_curve_2024.xml
2024-11-07,,1.77,1.87,1.98,2.14,2.22,2024,daily_treasury_real_yield_curve_2024.xml
2024-11-08,,1.77,1.86,1.95,2.09,2.16,2024,daily_treasury_real_yield_curve_2024.xml
2024-11-12,,1.89,1.99,2.08,2.21,2.27,2024,daily_treasury_real_yield_curve_2024.xml
2024-11-13,,1.88,1.99,2.09,2.25,2.32,2024,daily_treasury_real_yield_curve_2024.xml
2024-11-14,,1.92,2.01,2.1,2.22,2.28,2024,daily_treasury_real_yield_curve_2024.xml
2024-11-15,,1.91,2.01,2.1,2.24,2.31,2024,daily_treasury_real_yield_curve_2024.xml
2024-11-18,,1.87,1.98,2.08,2.23,2.3,2024,daily_treasury_real_yield_curve_2024.xml
2024-11-19,,1.84,1.95,2.05,2.21,2.28,2024,daily_treasury_real_yield_curve_2024.xml
2024-11-20,,1.85,1.96,2.06,2.22,2.29,2024,daily_treasury_real_yield_curve_2024.xml
2024-11-21,,1.88,1.99,2.09,2.24,2.31,2024,daily_treasury_real_yield_curve_2024.xml
2024-11-22,,1.87,1.97,2.07,2.22,2.29,2024,daily_treasury_real_yield_curve_2024.xml
2024-11-25,,1.82,1.9,1.98,2.12,2.2,2024,daily_treasury_real_yield_curve_2024.xml
2024-11-26,,1.84,1.93,2.02,2.17,2.24,2024,daily_treasury_real_yield_curve_2024.xml
2024-11-27,,1.79,1.89,1.99,2.13,2.21,2024,daily_treasury_real_yield_curve_2024.xml
2024-11-29,,1.72,1.82,1.92,2.07,2.15,2024,daily_treasury_real_yield_curve_2024.xml
2024-12-02,,1.75,1.84,1.93,2.08,2.15,2024,daily_treasury_real_yield_curve_2024.xml
2024-12-03,,1.75,1.85,1.95,2.1,2.17,2024,daily_treasury_real_yield_curve_2024.xml
2024-12-04,,1.7,1.8,1.9,2.05,2.12,2024,daily_treasury_real_yield_curve_2024.xml
2024-12-05,,1.72,1.82,1.92,2.06,2.13,2024,daily_treasury_real_yield_curve_2024.xml
2024-12-06,,1.72,1.81,1.91,2.06,2.14,2024,daily_treasury_real_yield_curve_2024.xml
2024-12-09,,1.74,1.84,1.93,2.1,2.18,2024,daily_treasury_real_yield_curve_2024.xml
2024-12-10,,1.75,1.84,1.93,2.09,2.17,2024,daily_treasury_real_yield_curve_2024.xml
2024-12-11,,1.75,1.86,1.96,2.14,2.22,2024,daily_treasury_real_yield_curve_2024.xml
2024-12-12,,1.79,1.9,2,2.19,2.28,2024,daily_treasury_real_yield_curve_2024.xml
2024-12-13,,1.85,1.96,2.07,2.24,2.33,2024,daily_treasury_real_yield_curve_2024.xml
2024-12-16,,1.87,1.97,2.07,2.24,2.32,2024,daily_treasury_real_yield_curve_2024.xml
2024-12-17,,1.9,2,2.09,2.25,2.33,2024,daily_treasury_real_yield_curve_2024.xml
2024-12-18,,2.02,2.1,2.18,2.31,2.37,2024,daily_treasury_real_yield_curve_2024.xml
2024-12-19,,2.08,2.19,2.28,2.41,2.47,2024,daily_treasury_real_yield_curve_2024.xml
2024-12-20,,2.03,2.14,2.23,2.37,2.44,2024,daily_treasury_real_yield_curve_2024.xml
2024-12-23,,2.06,2.17,2.27,2.41,2.47,2024,daily_treasury_real_yield_curve_2024.xml
2024-12-24,,2.04,2.15,2.24,2.38,2.44,2024,daily_treasury_real_yield_curve_2024.xml
2024-12-26,,2.03,2.14,2.23,2.37,2.43,2024,daily_treasury_real_yield_curve_2024.xml
2024-12-27,,2.07,2.18,2.28,2.42,2.49,2024,daily_treasury_real_yield_curve_2024.xml
2024-12-30,,2.02,2.13,2.24,2.4,2.47,2024,daily_treasury_real_yield_curve_2024.xml
2024-12-31,,2,2.13,2.24,2.41,2.48,2024,daily_treasury_real_yield_curve_2024.xml
2025-01-02,,1.97,2.11,2.23,2.4,2.48,2025,daily_treasury_real_yield_curve_2025.xml
2025-01-03,,2.01,2.15,2.26,2.44,2.51,2025,daily_treasury_real_yield_curve_2025.xml
2025-01-06,,2.02,2.16,2.28,2.45,2.53,2025,daily_treasury_real_yield_curve_2025.xml
2025-01-07,,2.02,2.17,2.29,2.48,2.55,2025,daily_treasury_real_yield_curve_2025.xml
2025-01-08,,1.98,2.14,2.27,2.46,2.55,2025,daily_treasury_real_yield_curve_2025.xml
2025-01-09,,2,2.16,2.29,2.49,2.58,2025,daily_treasury_real_yield_curve_2025.xml
2025-01-10,,2.08,2.22,2.34,2.52,2.6,2025,daily_treasury_real_yield_curve_2025.xml
2025-01-13,,2.06,2.22,2.34,2.52,2.59,2025,daily_treasury_real_yield_curve_2025.xml
2025-01-14,,2.04,2.21,2.34,2.53,2.61,2025,daily_treasury_real_yield_curve_2025.xml
2025-01-15,,1.93,2.1,2.24,2.44,2.53,2025,daily_treasury_real_yield_curve_2025.xml
2025-01-16,,1.88,2.05,2.19,2.41,2.51,2025,daily_treasury_real_yield_curve_2025.xml
2025-01-17,,1.9,2.06,2.2,2.41,2.51,2025,daily_treasury_real_yield_curve_2025.xml
2025-01-21,,1.93,2.06,2.19,2.38,2.48,2025,daily_treasury_real_yield_curve_2025.xml
2025-01-22,,1.95,2.08,2.2,2.39,2.48,2025,daily_treasury_real_yield_curve_2025.xml
2025-01-23,,1.93,2.1,2.23,2.42,2.5,2025,daily_treasury_real_yield_curve_2025.xml
2025-01-24,,1.91,2.07,2.2,2.39,2.47,2025,daily_treasury_real_yield_curve_2025.xml
2025-01-27,,1.83,1.99,2.13,2.32,2.4,2025,daily_treasury_real_yield_curve_2025.xml
2025-01-28,,1.81,1.99,2.13,2.33,2.42,2025,daily_treasury_real_yield_curve_2025.xml
2025-01-29,,1.83,2,2.15,2.34,2.42,2025,daily_treasury_real_yield_curve_2025.xml
2025-01-30,,1.81,1.99,2.14,2.34,2.42,2025,daily_treasury_real_yield_curve_2025.xml
2025-01-31,,1.82,2.01,2.16,2.38,2.46,2025,daily_treasury_real_yield_curve_2025.xml
2025-02-03,,1.74,1.93,2.09,2.3,2.39,2025,daily_treasury_real_yield_curve_2025.xml
2025-02-04,,1.72,1.92,2.08,2.29,2.37,2025,daily_treasury_real_yield_curve_2025.xml
2025-02-05,,1.67,1.86,2.01,2.21,2.29,2025,daily_treasury_real_yield_curve_2025.xml
2025-02-06,,1.71,1.88,2.03,2.22,2.3,2025,daily_treasury_real_yield_curve_2025.xml
2025-02-07,,1.75,1.93,2.07,2.27,2.35,2025,daily_treasury_real_yield_curve_2025.xml
2025-02-10,,1.74,1.92,2.07,2.27,2.36,2025,daily_treasury_real_yield_curve_2025.xml
2025-02-11,,1.73,1.92,2.08,2.29,2.38,2025,daily_treasury_real_yield_curve_2025.xml
2025-02-12,,1.82,2.01,2.16,2.37,2.46,2025,daily_treasury_real_yield_curve_2025.xml
2025-02-13,,1.75,1.93,2.08,2.29,2.38,2025,daily_treasury_real_yield_curve_2025.xml
2025-02-14,,1.71,1.89,2.04,2.26,2.36,2025,daily_treasury_real_yield_curve_2025.xml
2025-02-18,,1.75,1.94,2.1,2.32,2.41,2025,daily_treasury_real_yield_curve_2025.xml
2025-02-19,,1.71,1.91,2.08,2.31,2.4,2025,daily_treasury_real_yield_curve_2025.xml
2025-02-20,,1.68,1.88,2.05,2.28,2.39,2025,daily_treasury_real_yield_curve_2025.xml
2025-02-21,,1.65,1.85,2,2.24,2.35,2025,daily_treasury_real_yield_curve_2025.xml
2025-02-24,,1.62,1.82,1.98,2.22,2.33,2025,daily_treasury_real_yield_curve_2025.xml
2025-02-25,,1.55,1.75,1.92,2.16,2.27,2025,daily_treasury_real_yield_curve_2025.xml
2025-02-26,,1.52,1.73,1.89,2.13,2.25,2025,daily_treasury_real_yield_curve_2025.xml
2025-02-27,,1.52,1.74,1.92,2.18,2.3,2025,daily_treasury_real_yield_curve_2025.xml
2025-02-28,,1.45,1.68,1.86,2.12,2.24,2025,daily_treasury_real_yield_curve_2025.xml
2025-03-03,,1.38,1.61,1.8,2.07,2.2,2025,daily_treasury_real_yield_curve_2025.xml
2025-03-04,,1.42,1.67,1.87,2.15,2.28,2025,daily_treasury_real_yield_curve_2025.xml
2025-03-05,,1.52,1.76,1.94,2.21,2.33,2025,daily_treasury_real_yield_curve_2025.xml
2025-03-06,,1.53,1.77,1.95,2.21,2.33,2025,daily_treasury_real_yield_curve_2025.xml
2025-03-07,,1.57,1.8,1.99,2.25,2.36,2025,daily_treasury_real_yield_curve_2025.xml
2025-03-10,,1.49,1.72,1.91,2.19,2.31,2025,daily_treasury_real_yield_curve_2025.xml
2025-03-11,,1.53,1.78,1.97,2.24,2.35,2025,daily_treasury_real_yield_curve_2025.xml
2025-03-12,,1.56,1.8,1.99,2.26,2.37,2025,daily_treasury_real_yield_curve_2025.xml
2025-03-13,,1.54,1.79,1.98,2.24,2.36,2025,daily_treasury_real_yield_curve_2025.xml
2025-03-14,,1.61,1.83,2.01,2.27,2.38,2025,daily_treasury_real_yield_curve_2025.xml
2025-03-17,,1.63,1.85,2.02,2.26,2.37,2025,daily_treasury_real_yield_curve_2025.xml
2025-03-18,,1.61,1.82,1.99,2.24,2.35,2025,daily_treasury_real_yield_curve_2025.xml
2025-03-19,,1.53,1.76,1.94,2.2,2.32,2025,daily_treasury_real_yield_curve_2025.xml
2025-03-20,,1.5,1.74,1.93,2.19,2.31,2025,daily_treasury_real_yield_curve_2025.xml
2025-03-21,,1.49,1.73,1.92,2.21,2.35,2025,daily_treasury_real_yield_curve_2025.xml
2025-03-24,,1.55,1.79,1.98,2.27,2.4,2025,daily_treasury_real_yield_curve_2025.xml
2025-03-25,,1.51,1.76,1.96,2.25,2.39,2025,daily_treasury_real_yield_curve_2025.xml
2025-03-26,,1.52,1.78,1.98,2.27,2.41,2025,daily_treasury_real_yield_curve_2025.xml
2025-03-27,,1.49,1.77,1.99,2.3,2.44,2025,daily_treasury_real_yield_curve_2025.xml
2025-03-28,,1.4,1.68,1.9,2.22,2.37,2025,daily_treasury_real_yield_curve_2025.xml
2025-03-31,,1.35,1.62,1.85,2.17,2.32,2025,daily_treasury_real_yield_curve_2025.xml
2025-04-01,,1.37,1.63,1.84,2.15,2.3,2025,daily_treasury_real_yield_curve_2025.xml
2025-04-02,,1.44,1.68,1.88,2.18,2.32,2025,daily_treasury_real_yield_curve_2025.xml
2025-04-03,,1.25,1.54,1.78,2.14,2.31,2025,daily_treasury_real_yield_curve_2025.xml
2025-04-04,,1.38,1.63,1.83,2.14,2.28,2025,daily_treasury_real_yield_curve_2025.xml
2025-04-07,,1.51,1.76,1.96,2.27,2.42,2025,daily_treasury_real_yield_curve_2025.xml
2025-04-08,,1.53,1.82,2.04,2.37,2.52,2025,daily_treasury_real_yield_curve_2025.xml
2025-04-09,,1.61,1.87,2.07,2.36,2.5,2025,daily_treasury_real_yield_curve_2025.xml
2025-04-10,,1.72,1.99,2.21,2.53,2.68,2025,daily_treasury_real_yield_curve_2025.xml
2025-04-11,,1.82,2.08,2.28,2.56,2.68,2025,daily_treasury_real_yield_curve_2025.xml
2025-04-14,,1.67,1.93,2.15,2.46,2.6,2025,daily_treasury_real_yield_curve_2025.xml
2025-04-15,,1.67,1.94,2.16,2.48,2.63,2025,daily_treasury_real_yield_curve_2025.xml
2025-04-16,,1.62,1.9,2.12,2.44,2.6,2025,daily_treasury_real_yield_curve_2025.xml
2025-04-17,,1.69,1.9,2.11,2.43,2.59,2025,daily_treasury_real_yield_curve_2025.xml
2025-04-21,,1.72,1.97,2.2,2.53,2.68,2025,daily_treasury_real_yield_curve_2025.xml
2025-04-22,,1.68,1.92,2.14,2.47,2.63,2025,daily_treasury_real_yield_curve_2025.xml
2025-04-23,,1.67,1.9,2.11,2.43,2.58,2025,daily_treasury_real_yield_curve_2025.xml
2025-04-24,,1.56,1.8,2.02,2.36,2.52,2025,daily_treasury_real_yield_curve_2025.xml
2025-04-25,,1.56,1.8,2.02,2.36,2.53,2025,daily_treasury_real_yield_curve_2025.xml
2025-04-28,,1.49,1.75,1.98,2.34,2.5,2025,daily_treasury_real_yield_curve_2025.xml
2025-04-29,,1.48,1.73,1.96,2.3,2.46,2025,daily_treasury_real_yield_curve_2025.xml
2025-04-30,,1.43,1.7,1.94,2.3,2.47,2025,daily_treasury_real_yield_curve_2025.xml
2025-05-01,,1.51,1.76,2,2.36,2.53,2025,daily_treasury_real_yield_curve_2025.xml
2025-05-02,,1.61,1.84,2.06,2.4,2.56,2025,daily_treasury_real_yield_curve_2025.xml
2025-05-05,,1.62,1.86,2.08,2.42,2.58,2025,daily_treasury_real_yield_curve_2025.xml
2025-05-06,,1.56,1.81,2.04,2.39,2.56,2025,daily_treasury_real_yield_curve_2025.xml
2025-05-07,,1.54,1.78,2.01,2.37,2.54,2025,daily_treasury_real_yield_curve_2025.xml
2025-05-08,,1.61,1.86,2.08,2.43,2.59,2025,daily_treasury_real_yield_curve_2025.xml
2025-05-09,,1.61,1.85,2.08,2.43,2.6,2025,daily_treasury_real_yield_curve_2025.xml
2025-05-12,,1.74,1.95,2.16,2.48,2.64,2025,daily_treasury_real_yield_curve_2025.xml
2025-05-13,,1.74,1.96,2.17,2.49,2.65,2025,daily_treasury_real_yield_curve_2025.xml
2025-05-14,,1.73,1.95,2.16,2.49,2.65,2025,daily_treasury_real_yield_curve_2025.xml
2025-05-15,,1.66,1.89,2.11,2.45,2.61,2025,daily_treasury_real_yield_curve_2025.xml
2025-05-16,,1.64,1.87,2.09,2.43,2.59,2025,daily_treasury_real_yield_curve_2025.xml
2025-05-19,,1.64,1.88,2.1,2.44,2.6,2025,daily_treasury_real_yield_curve_2025.xml
2025-05-20,,1.65,1.9,2.13,2.48,2.65,2025,daily_treasury_real_yield_curve_2025.xml
2025-05-21,,1.72,1.99,2.23,2.58,2.75,2025,daily_treasury_real_yield_curve_2025.xml
2025-05-22,,1.69,1.96,2.2,2.56,2.73,2025,daily_treasury_real_yield_curve_2025.xml
2025-05-23,,1.68,1.94,2.18,2.55,2.73,2025,daily_treasury_real_yield_curve_2025.xml
2025-05-27,,1.63,1.88,2.11,2.47,2.65,2025,daily_treasury_real_yield_curve_2025.xml
2025-05-28,,1.66,1.92,2.15,2.5,2.67,2025,daily_treasury_real_yield_curve_2025.xml
2025-05-29,,1.62,1.87,2.11,2.46,2.63,2025,daily_treasury_real_yield_curve_2025.xml
2025-05-30,,1.57,1.83,2.07,2.43,2.61,2025,daily_treasury_real_yield_curve_2025.xml
2025-06-02,,1.63,1.89,2.13,2.5,2.68,2025,daily_treasury_real_yield_curve_2025.xml
2025-06-03,,1.66,1.91,2.14,2.5,2.68,2025,daily_treasury_real_yield_curve_2025.xml
2025-06-04,,1.61,1.84,2.06,2.42,2.6,2025,daily_treasury_real_yield_curve_2025.xml
2025-06-05,,1.68,1.9,2.11,2.45,2.61,2025,daily_treasury_real_yield_curve_2025.xml
2025-06-06,,1.78,2,2.2,2.52,2.68,2025,daily_treasury_real_yield_curve_2025.xml
2025-06-09,,1.75,1.97,2.18,2.51,2.67,2025,daily_treasury_real_yield_curve_2025.xml
2025-06-10,,1.76,1.98,2.18,2.5,2.66,2025,daily_treasury_real_yield_curve_2025.xml
2025-06-11,1,1.72,1.94,2.14,2.48,2.65,2025,daily_treasury_real_yield_curve_2025.xml
2025-06-12,2,1.69,1.9,2.11,2.43,2.6,2025,daily_treasury_real_yield_curve_2025.xml
2025-06-13,3,1.71,1.92,2.13,2.47,2.64,2025,daily_treasury_real_yield_curve_2025.xml
2025-06-16,4,1.72,1.95,2.16,2.5,2.67,2025,daily_treasury_real_yield_curve_2025.xml
2025-06-17,5,1.64,1.86,2.08,2.42,2.59,2025,daily_treasury_real_yield_curve_2025.xml
2025-06-18,6,1.62,1.86,2.07,2.42,2.6,2025,daily_treasury_real_yield_curve_2025.xml
2025-06-20,7,1.59,1.83,2.05,2.41,2.59,2025,daily_treasury_real_yield_curve_2025.xml
2025-06-23,8,1.58,1.81,2.04,2.41,2.59,2025,daily_treasury_real_yield_curve_2025.xml
2025-06-24,9,1.56,1.79,2.01,2.38,2.57,2025,daily_treasury_real_yield_curve_2025.xml
2025-06-25,10,1.55,1.78,2.01,2.38,2.56,2025,daily_treasury_real_yield_curve_2025.xml
2025-06-26,11,1.5,1.75,1.98,2.36,2.55,2025,daily_treasury_real_yield_curve_2025.xml
2025-06-27,12,1.52,1.77,2,2.38,2.57,2025,daily_treasury_real_yield_curve_2025.xml
2025-06-30,13,1.48,1.72,1.95,2.32,2.51,2025,daily_treasury_real_yield_curve_2025.xml
2025-07-01,14,1.52,1.75,1.97,2.33,2.52,2025,daily_treasury_real_yield_curve_2025.xml
2025-07-02,15,1.53,1.77,2,2.36,2.54,2025,daily_treasury_real_yield_curve_2025.xml
2025-07-03,16,1.57,1.8,2.02,2.39,2.57,2025,daily_treasury_real_yield_curve_2025.xml
2025-07-07,17,1.56,1.81,2.05,2.43,2.62,2025,daily_treasury_real_yield_curve_2025.xml
2025-07-08,18,1.6,1.84,2.07,2.45,2.63,2025,daily_treasury_real_yield_curve_2025.xml
2025-07-09,19,1.54,1.78,2.01,2.39,2.58,2025,daily_treasury_real_yield_curve_2025.xml
2025-07-10,20,1.54,1.79,2.01,2.39,2.57,2025,daily_treasury_real_yield_curve_2025.xml
2025-07-11,21,1.55,1.82,2.06,2.45,2.64,2025,daily_treasury_real_yield_curve_2025.xml
2025-07-14,22,1.53,1.8,2.04,2.44,2.64,2025,daily_treasury_real_yield_curve_2025.xml
2025-07-15,23,1.57,1.84,2.09,2.48,2.67,2025,daily_treasury_real_yield_curve_2025.xml
2025-07-16,24,1.5,1.79,2.05,2.46,2.66,2025,daily_treasury_real_yield_curve_2025.xml
2025-07-17,25,1.48,1.77,2.04,2.45,2.64,2025,daily_treasury_real_yield_curve_2025.xml
2025-07-18,26,1.46,1.76,2.03,2.45,2.65,2025,daily_treasury_real_yield_curve_2025.xml
2025-07-21,27,1.42,1.72,1.98,2.4,2.6,2025,daily_treasury_real_yield_curve_2025.xml
2025-07-22,28,1.41,1.7,1.96,2.38,2.59,2025,daily_treasury_real_yield_curve_2025.xml
2025-07-23,29,1.5,1.77,2.03,2.44,2.64,2025,daily_treasury_real_yield_curve_2025.xml
2025-07-24,30,1.48,1.73,1.98,2.4,2.62,2025,daily_treasury_real_yield_curve_2025.xml
2025-07-25,31,1.48,1.71,1.96,2.38,2.6,2025,daily_treasury_real_yield_curve_2025.xml
2025-07-28,32,1.49,1.73,1.98,2.41,2.63,2025,daily_treasury_real_yield_curve_2025.xml
2025-07-29,33,1.42,1.66,1.91,2.34,2.56,2025,daily_treasury_real_yield_curve_2025.xml
2025-07-30,34,1.48,1.71,1.96,2.38,2.6,2025,daily_treasury_real_yield_curve_2025.xml
2025-07-31,35,1.5,1.74,1.98,2.4,2.62,2025,daily_treasury_real_yield_curve_2025.xml
2025-08-01,36,1.39,1.64,1.9,2.34,2.58,2025,daily_treasury_real_yield_curve_2025.xml
2025-08-04,37,1.34,1.59,1.85,2.31,2.55,2025,daily_treasury_real_yield_curve_2025.xml
2025-08-05,38,1.36,1.61,1.86,2.31,2.54,2025,daily_treasury_real_yield_curve_2025.xml
2025-08-06,39,1.37,1.62,1.88,2.33,2.57,2025,daily_treasury_real_yield_curve_2025.xml
2025-08-07,40,1.38,1.62,1.88,2.33,2.56,2025,daily_treasury_real_yield_curve_2025.xml
2025-08-08,41,1.38,1.62,1.88,2.33,2.57,2025,daily_treasury_real_yield_curve_2025.xml
2025-08-11,42,1.37,1.61,1.87,2.33,2.57,2025,daily_treasury_real_yield_curve_2025.xml
2025-08-12,43,1.4,1.65,1.91,2.37,2.61,2025,daily_treasury_real_yield_curve_2025.xml
2025-08-13,44,1.35,1.6,1.87,2.33,2.57,2025,daily_treasury_real_yield_curve_2025.xml
2025-08-14,45,1.39,1.64,1.9,2.36,2.6,2025,daily_treasury_real_yield_curve_2025.xml
2025-08-15,46,1.43,1.68,1.95,2.41,2.65,2025,daily_treasury_real_yield_curve_2025.xml
2025-08-18,47,1.44,1.7,1.96,2.42,2.67,2025,daily_treasury_real_yield_curve_2025.xml
2025-08-19,48,1.43,1.68,1.95,2.4,2.64,2025,daily_treasury_real_yield_curve_2025.xml
2025-08-20,49,1.41,1.67,1.94,2.4,2.64,2025,daily_treasury_real_yield_curve_2025.xml
2025-08-21,50,1.42,1.67,1.94,2.41,2.65,2025,daily_treasury_real_yield_curve_2025.xml
2025-08-22,51,1.28,1.56,1.85,2.34,2.59,2025,daily_treasury_real_yield_curve_2025.xml
2025-08-25,52,1.31,1.59,1.87,2.35,2.6,2025,daily_treasury_real_yield_curve_2025.xml
2025-08-26,53,1.25,1.54,1.84,2.34,2.6,2025,daily_treasury_real_yield_curve_2025.xml
2025-08-27,54,1.19,1.5,1.81,2.34,2.61,2025,daily_treasury_real_yield_curve_2025.xml
2025-08-28,55,1.2,1.5,1.81,2.33,2.6,2025,daily_treasury_real_yield_curve_2025.xml
2025-08-29,56,1.21,1.51,1.82,2.35,2.62,2025,daily_treasury_real_yield_curve_2025.xml
2025-09-02,57,1.26,1.57,1.87,2.4,2.67,2025,daily_treasury_real_yield_curve_2025.xml
2025-09-03,58,1.23,1.52,1.82,2.34,2.61,2025,daily_treasury_real_yield_curve_2025.xml
2025-09-04,59,1.21,1.49,1.79,2.31,2.59,2025,daily_treasury_real_yield_curve_2025.xml
2025-09-05,60,1.17,1.44,1.73,2.25,2.52,2025,daily_treasury_real_yield_curve_2025.xml
2025-09-08,61,1.16,1.43,1.7,2.2,2.46,2025,daily_treasury_real_yield_curve_2025.xml
2025-09-09,62,1.18,1.44,1.72,2.22,2.48,2025,daily_treasury_real_yield_curve_2025.xml
2025-09-10,63,1.18,1.43,1.69,2.19,2.46,2025,daily_treasury_real_yield_curve_2025.xml
2025-09-11,64,1.18,1.41,1.67,2.15,2.41,2025,daily_treasury_real_yield_curve_2025.xml
2025-09-12,65,1.21,1.45,1.7,2.17,2.43,2025,daily_treasury_real_yield_curve_2025.xml
2025-09-15,66,1.2,1.43,1.68,2.16,2.42,2025,daily_treasury_real_yield_curve_2025.xml
2025-09-16,67,1.17,1.41,1.67,2.15,2.4,2025,daily_treasury_real_yield_curve_2025.xml
2025-09-17,68,1.19,1.43,1.68,2.15,2.4,2025,daily_treasury_real_yield_curve_2025.xml
2025-09-18,69,1.23,1.47,1.73,2.2,2.46,2025,daily_treasury_real_yield_curve_2025.xml
2025-09-19,70,1.25,1.49,1.75,2.22,2.47,2025,daily_treasury_real_yield_curve_2025.xml
2025-09-22,71,1.29,1.53,1.78,2.25,2.5,2025,daily_treasury_real_yield_curve_2025.xml
2025-09-23,72,1.26,1.5,1.75,2.22,2.47,2025,daily_treasury_real_yield_curve_2025.xml
2025-09-24,73,1.28,1.52,1.78,2.24,2.49,2025,daily_treasury_real_yield_curve_2025.xml
2025-09-25,74,1.33,1.55,1.8,2.25,2.49,2025,daily_treasury_real_yield_curve_2025.xml
2025-09-26,75,1.34,1.57,1.82,2.27,2.51,2025,daily_treasury_real_yield_curve_2025.xml
2025-09-29,76,1.33,1.56,1.8,2.24,2.47,2025,daily_treasury_real_yield_curve_2025.xml
2025-09-30,77,1.32,1.55,1.8,2.25,2.49,2025,daily_treasury_real_yield_curve_2025.xml
2025-10-01,78,1.29,1.53,1.77,2.23,2.48,2025,daily_treasury_real_yield_curve_2025.xml
2025-10-02,79,1.3,1.52,1.76,2.22,2.46,2025,daily_treasury_real_yield_curve_2025.xml
2025-10-03,80,1.34,1.56,1.8,2.24,2.48,2025,daily_treasury_real_yield_curve_2025.xml
2025-10-06,81,1.37,1.6,1.84,2.28,2.52,2025,daily_treasury_real_yield_curve_2025.xml
2025-10-07,82,1.32,1.55,1.79,2.24,2.47,2025,daily_treasury_real_yield_curve_2025.xml
2025-10-08,83,1.33,1.55,1.78,2.23,2.46,2025,daily_treasury_real_yield_curve_2025.xml
2025-10-09,84,1.35,1.57,1.8,2.24,2.47,2025,daily_treasury_real_yield_curve_2025.xml
2025-10-10,85,1.3,1.52,1.75,2.18,2.41,2025,daily_treasury_real_yield_curve_2025.xml
2025-10-14,86,1.27,1.5,1.73,2.17,2.4,2025,daily_treasury_real_yield_curve_2025.xml
2025-10-15,87,1.3,1.53,1.76,2.19,2.42,2025,daily_treasury_real_yield_curve_2025.xml
2025-10-16,88,1.26,1.48,1.71,2.14,2.37,2025,daily_treasury_real_yield_curve_2025.xml
2025-10-17,89,1.3,1.52,1.75,2.18,2.4,2025,daily_treasury_real_yield_curve_2025.xml
2025-10-20,90,1.3,1.52,1.74,2.16,2.39,2025,daily_treasury_real_yield_curve_2025.xml
2025-10-21,91,1.26,1.47,1.7,2.12,2.35,2025,daily_treasury_real_yield_curve_2025.xml
2025-10-22,92,1.24,1.46,1.68,2.11,2.34,2025,daily_treasury_real_yield_curve_2025.xml
2025-10-23,93,1.19,1.45,1.71,2.15,2.36,2025,daily_treasury_real_yield_curve_2025.xml
2025-10-24,94,1.21,1.47,1.73,2.16,2.37,2025,daily_treasury_real_yield_curve_2025.xml
2025-10-27,95,1.24,1.48,1.73,2.15,2.36,2025,daily_treasury_real_yield_curve_2025.xml
2025-10-28,96,1.24,1.47,1.71,2.12,2.33,2025,daily_treasury_real_yield_curve_2025.xml
2025-10-29,97,1.33,1.55,1.78,2.18,2.38,2025,daily_treasury_real_yield_curve_2025.xml
2025-10-30,98,1.34,1.57,1.82,2.22,2.43,2025,daily_treasury_real_yield_curve_2025.xml
2025-10-31,99,1.31,1.56,1.81,2.23,2.44,2025,daily_treasury_real_yield_curve_2025.xml
2025-11-03,100,1.31,1.56,1.82,2.25,2.47,2025,daily_treasury_real_yield_curve_2025.xml
2025-11-04,101,1.31,1.55,1.81,2.24,2.45,2025,daily_treasury_real_yield_curve_2025.xml
2025-11-05,102,1.37,1.61,1.87,2.29,2.5,2025,daily_treasury_real_yield_curve_2025.xml
2025-11-06,103,1.32,1.57,1.83,2.26,2.47,2025,daily_treasury_real_yield_curve_2025.xml
2025-11-07,104,1.31,1.57,1.83,2.26,2.48,2025,daily_treasury_real_yield_curve_2025.xml
2025-11-10,105,1.34,1.58,1.84,2.27,2.48,2025,daily_treasury_real_yield_curve_2025.xml
2025-11-12,106,1.31,1.56,1.81,2.23,2.44,2025,daily_treasury_real_yield_curve_2025.xml
2025-11-13,107,1.34,1.58,1.83,2.26,2.48,2025,daily_treasury_real_yield_curve_2025.xml
2025-11-14,108,1.36,1.6,1.86,2.29,2.51,2025,daily_treasury_real_yield_curve_2025.xml
2025-11-17,109,1.35,1.59,1.85,2.28,2.5,2025,daily_treasury_real_yield_curve_2025.xml
2025-11-18,110,1.34,1.59,1.85,2.29,2.51,2025,daily_treasury_real_yield_curve_2025.xml
2025-11-19,111,1.35,1.6,1.86,2.3,2.53,2025,daily_treasury_real_yield_curve_2025.xml
2025-11-20,112,1.34,1.59,1.86,2.31,2.53,2025,daily_treasury_real_yield_curve_2025.xml
2025-11-21,113,1.3,1.55,1.82,2.28,2.51,2025,daily_treasury_real_yield_curve_2025.xml
2025-11-24,114,1.31,1.55,1.81,2.27,2.5,2025,daily_treasury_real_yield_curve_2025.xml
2025-11-25,115,1.28,1.53,1.79,2.25,2.49,2025,daily_treasury_real_yield_curve_2025.xml
2025-11-26,116,1.27,1.51,1.77,2.22,2.45,2025,daily_treasury_real_yield_curve_2025.xml
2025-11-28,117,1.3,1.53,1.79,2.25,2.48,2025,daily_treasury_real_yield_curve_2025.xml
2025-12-01,118,1.36,1.6,1.85,2.31,2.53,2025,daily_treasury_real_yield_curve_2025.xml
2025-12-02,119,1.36,1.6,1.85,2.31,2.53,2025,daily_treasury_real_yield_curve_2025.xml
2025-12-03,120,1.33,1.57,1.82,2.28,2.52,2025,daily_treasury_real_yield_curve_2025.xml
2025-12-04,121,1.35,1.59,1.85,2.31,2.54,2025,daily_treasury_real_yield_curve_2025.xml
2025-12-05,122,1.38,1.62,1.88,2.33,2.57,2025,daily_treasury_real_yield_curve_2025.xml
2025-12-08,123,1.43,1.66,1.91,2.36,2.58,2025,daily_treasury_real_yield_curve_2025.xml
2025-12-09,124,1.46,1.68,1.92,2.36,2.58,2025,daily_treasury_real_yield_curve_2025.xml
2025-12-10,125,1.4,1.63,1.88,2.33,2.55,2025,daily_treasury_real_yield_curve_2025.xml
2025-12-11,126,1.4,1.64,1.89,2.34,2.57,2025,daily_treasury_real_yield_curve_2025.xml
2025-12-12,127,1.43,1.67,1.93,2.38,2.61,2025,daily_treasury_real_yield_curve_2025.xml
2025-12-15,128,1.44,1.67,1.93,2.38,2.61,2025,daily_treasury_real_yield_curve_2025.xml
2025-12-16,129,1.44,1.67,1.92,2.37,2.6,2025,daily_treasury_real_yield_curve_2025.xml
2025-12-17,130,1.44,1.67,1.92,2.38,2.61,2025,daily_treasury_real_yield_curve_2025.xml
2025-12-18,131,1.4,1.63,1.88,2.34,2.58,2025,daily_treasury_real_yield_curve_2025.xml
2025-12-19,132,1.43,1.67,1.92,2.38,2.61,2025,daily_treasury_real_yield_curve_2025.xml
2025-12-22,133,1.46,1.7,1.94,2.4,2.63,2025,daily_treasury_real_yield_curve_2025.xml
2025-12-23,134,1.48,1.7,1.94,2.38,2.61,2025,daily_treasury_real_yield_curve_2025.xml
2025-12-24,135,1.46,1.67,1.91,2.35,2.58,2025,daily_treasury_real_yield_curve_2025.xml
2025-12-26,136,1.46,1.67,1.91,2.37,2.6,2025,daily_treasury_real_yield_curve_2025.xml
2025-12-29,137,1.44,1.66,1.9,2.36,2.6,2025,daily_treasury_real_yield_curve_2025.xml
2025-12-30,138,1.43,1.66,1.9,2.36,2.6,2025,daily_treasury_real_yield_curve_2025.xml
2025-12-31,139,1.47,1.69,1.93,2.39,2.62,2025,daily_treasury_real_yield_curve_2025.xml
2026-01-02,140,1.46,1.69,1.94,2.39,2.63,2026,daily_treasury_real_yield_curve_2026.xml
2026-01-05,141,1.42,1.65,1.91,2.37,2.61,2026,daily_treasury_real_yield_curve_2026.xml
2026-01-06,142,1.42,1.66,1.91,2.38,2.62,2026,daily_treasury_real_yield_curve_2026.xml
2026-01-07,143,1.4,1.63,1.88,2.35,2.59,2026,daily_treasury_real_yield_curve_2026.xml
2026-01-08,144,1.43,1.67,1.92,2.39,2.62,2026,daily_treasury_real_yield_curve_2026.xml
2026-01-09,145,1.43,1.66,1.9,2.35,2.58,2026,daily_treasury_real_yield_curve_2026.xml
2026-01-12,146,1.41,1.65,1.9,2.36,2.59,2026,daily_treasury_real_yield_curve_2026.xml
2026-01-13,147,1.38,1.63,1.88,2.34,2.58,2026,daily_treasury_real_yield_curve_2026.xml
2026-01-14,148,1.36,1.6,1.86,2.32,2.56,2026,daily_treasury_real_yield_curve_2026.xml
2026-01-15,149,1.41,1.64,1.88,2.32,2.55,2026,daily_treasury_real_yield_curve_2026.xml
2026-01-16,150,1.43,1.67,1.91,2.35,2.58,2026,daily_treasury_real_yield_curve_2026.xml
2026-01-20,151,1.46,1.72,1.97,2.42,2.65,2026,daily_treasury_real_yield_curve_2026.xml
2026-01-21,152,1.41,1.66,1.92,2.37,2.6,2026,daily_treasury_real_yield_curve_2026.xml
2026-01-22,153,1.43,1.69,1.95,2.37,2.58,2026,daily_treasury_real_yield_curve_2026.xml
2026-01-23,154,1.38,1.65,1.92,2.35,2.56,2026,daily_treasury_real_yield_curve_2026.xml
2026-01-26,155,1.37,1.63,1.9,2.33,2.54,2026,daily_treasury_real_yield_curve_2026.xml
2026-01-27,156,1.34,1.62,1.9,2.34,2.56,2026,daily_treasury_real_yield_curve_2026.xml
2026-01-28,157,1.33,1.62,1.9,2.35,2.57,2026,daily_treasury_real_yield_curve_2026.xml
2026-01-29,158,1.28,1.59,1.89,2.36,2.58,2026,daily_treasury_real_yield_curve_2026.xml
2026-01-30,159,1.26,1.59,1.9,2.38,2.6,2026,daily_treasury_real_yield_curve_2026.xml
2026-02-02,160,1.31,1.64,1.94,2.42,2.63,2026,daily_treasury_real_yield_curve_2026.xml
2026-02-03,161,1.3,1.62,1.92,2.4,2.62,2026,daily_treasury_real_yield_curve_2026.xml
2026-02-04,162,1.32,1.64,1.94,2.41,2.63,2026,daily_treasury_real_yield_curve_2026.xml
2026-02-05,163,1.26,1.59,1.89,2.37,2.59,2026,daily_treasury_real_yield_curve_2026.xml
2026-02-06,164,1.26,1.58,1.88,2.36,2.58,2026,daily_treasury_real_yield_curve_2026.xml
2026-02-09,165,1.25,1.57,1.87,2.35,2.57,2026,daily_treasury_real_yield_curve_2026.xml
2026-02-10,166,1.23,1.54,1.84,2.31,2.53,2026,daily_treasury_real_yield_curve_2026.xml
2026-02-11,167,1.26,1.56,1.86,2.33,2.55,2026,daily_treasury_real_yield_curve_2026.xml
2026-02-12,168,1.22,1.51,1.8,2.26,2.48,2026,daily_treasury_real_yield_curve_2026.xml
2026-02-13,169,1.19,1.48,1.77,2.24,2.46,2026,daily_treasury_real_yield_curve_2026.xml
2026-02-17,170,1.24,1.51,1.79,2.24,2.47,2026,daily_treasury_real_yield_curve_2026.xml
2026-02-18,171,1.23,1.52,1.8,2.26,2.48,2026,daily_treasury_real_yield_curve_2026.xml
2026-02-19,172,1.22,1.51,1.79,2.24,2.47,2026,daily_treasury_real_yield_curve_2026.xml
2026-02-20,173,1.22,1.52,1.8,2.25,2.48,2026,daily_treasury_real_yield_curve_2026.xml
2026-02-23,174,1.19,1.49,1.77,2.24,2.49,2026,daily_treasury_real_yield_curve_2026.xml
2026-02-24,175,1.21,1.5,1.78,2.24,2.48,2026,daily_treasury_real_yield_curve_2026.xml
2026-02-25,176,1.19,1.49,1.77,2.23,2.47,2026,daily_treasury_real_yield_curve_2026.xml
2026-02-26,177,1.14,1.45,1.74,2.2,2.44,2026,daily_treasury_real_yield_curve_2026.xml
2026-02-27,178,1.11,1.42,1.72,2.19,2.43,2026,daily_treasury_real_yield_curve_2026.xml
2026-03-02,179,1.16,1.47,1.76,2.23,2.47,2026,daily_treasury_real_yield_curve_2026.xml
2026-03-03,180,1.17,1.48,1.77,2.24,2.48,2026,daily_treasury_real_yield_curve_2026.xml
2026-03-04,181,1.21,1.52,1.8,2.27,2.5,2026,daily_treasury_real_yield_curve_2026.xml
2026-03-05,182,1.21,1.53,1.82,2.28,2.52,2026,daily_treasury_real_yield_curve_2026.xml
2026-03-06,183,1.16,1.49,1.8,2.29,2.54,2026,daily_treasury_real_yield_curve_2026.xml
2026-03-09,184,1.15,1.48,1.78,2.27,2.51,2026,daily_treasury_real_yield_curve_2026.xml
2026-03-10,185,1.2,1.52,1.82,2.31,2.56,2026,daily_treasury_real_yield_curve_2026.xml
2026-03-11,186,1.21,1.53,1.85,2.35,2.61,2026,daily_treasury_real_yield_curve_2026.xml
2026-03-12,187,1.25,1.58,1.89,2.38,2.63,2026,daily_treasury_real_yield_curve_2026.xml
2026-03-13,188,1.26,1.61,1.92,2.41,2.66,2026,daily_treasury_real_yield_curve_2026.xml
2026-03-16,189,1.22,1.56,1.87,2.37,2.62,2026,daily_treasury_real_yield_curve_2026.xml
2026-03-17,190,1.17,1.51,1.83,2.34,2.6,2026,daily_treasury_real_yield_curve_2026.xml
2026-03-18,191,1.21,1.55,1.86,2.36,2.61,2026,daily_treasury_real_yield_curve_2026.xml
2026-03-19,192,1.27,1.59,1.88,2.36,2.6,2026,daily_treasury_real_yield_curve_2026.xml
2026-03-20,193,1.38,1.71,2.01,2.49,2.72,2026,daily_treasury_real_yield_curve_2026.xml
2026-03-23,194,1.42,1.73,2.01,2.46,2.69,2026,daily_treasury_real_yield_curve_2026.xml
2026-03-24,195,1.48,1.79,2.06,2.5,2.72,2026,daily_treasury_real_yield_curve_2026.xml
2026-03-25,196,1.45,1.75,2.02,2.46,2.69,2026,daily_treasury_real_yield_curve_2026.xml
2026-03-26,197,1.52,1.82,2.08,2.5,2.71,2026,daily_treasury_real_yield_curve_2026.xml
2026-03-27,198,1.5,1.84,2.13,2.57,2.78,2026,daily_treasury_real_yield_curve_2026.xml
2026-03-30,199,1.4,1.74,2.04,2.49,2.72,2026,daily_treasury_real_yield_curve_2026.xml
2026-03-31,200,1.38,1.7,2,2.46,2.69,2026,daily_treasury_real_yield_curve_2026.xml
2026-04-01,201,1.42,1.74,2.02,2.48,2.71,2026,daily_treasury_real_yield_curve_2026.xml
2026-04-02,202,1.37,1.68,1.97,2.43,2.66,2026,daily_treasury_real_yield_curve_2026.xml
2026-04-03,203,1.38,1.7,1.99,2.44,2.67,2026,daily_treasury_real_yield_curve_2026.xml
2026-04-06,204,1.38,1.7,1.98,2.43,2.65,2026,daily_treasury_real_yield_curve_2026.xml
2026-04-07,205,1.34,1.67,1.96,2.43,2.67,2026,daily_treasury_real_yield_curve_2026.xml
2026-04-08,206,1.36,1.68,1.96,2.43,2.66,2026,daily_treasury_real_yield_curve_2026.xml
2026-04-09,207,1.35,1.66,1.95,2.43,2.67,2026,daily_treasury_real_yield_curve_2026.xml
2026-04-10,208,1.36,1.67,1.95,2.42,2.67,2026,daily_treasury_real_yield_curve_2026.xml
2026-04-13,209,1.31,1.63,1.92,2.4,2.65,2026,daily_treasury_real_yield_curve_2026.xml
2026-04-14,210,1.28,1.6,1.89,2.37,2.62,2026,daily_treasury_real_yield_curve_2026.xml
2026-04-15,211,1.29,1.61,1.9,2.38,2.63,2026,daily_treasury_real_yield_curve_2026.xml
2026-04-16,212,1.31,1.64,1.93,2.43,2.68,2026,daily_treasury_real_yield_curve_2026.xml
2026-04-17,213,1.28,1.61,1.9,2.4,2.65,2026,daily_treasury_real_yield_curve_2026.xml
2026-04-20,214,1.29,1.61,1.91,2.4,2.65,2026,daily_treasury_real_yield_curve_2026.xml
2026-04-21,215,1.31,1.63,1.92,2.4,2.65,2026,daily_treasury_real_yield_curve_2026.xml
2026-04-22,216,1.3,1.62,1.92,2.4,2.65,2026,daily_treasury_real_yield_curve_2026.xml
2026-04-23,217,1.38,1.65,1.92,2.4,2.65,2026,daily_treasury_real_yield_curve_2026.xml
2026-04-24,218,1.31,1.59,1.89,2.39,2.65,2026,daily_treasury_real_yield_curve_2026.xml
2026-04-27,219,1.32,1.61,1.91,2.42,2.68,2026,daily_treasury_real_yield_curve_2026.xml
2026-04-28,220,1.34,1.63,1.92,2.42,2.68,2026,daily_treasury_real_yield_curve_2026.xml
2026-04-29,221,1.38,1.66,1.96,2.45,2.71,2026,daily_treasury_real_yield_curve_2026.xml
2026-04-30,222,1.35,1.64,1.94,2.45,2.71,2026,daily_treasury_real_yield_curve_2026.xml
2026-05-01,223,1.33,1.61,1.91,2.41,2.67,2026,daily_treasury_real_yield_curve_2026.xml
2026-05-04,224,1.36,1.65,1.95,2.45,2.71,2026,daily_treasury_real_yield_curve_2026.xml
2026-05-05,225,1.41,1.68,1.96,2.44,2.69,2026,daily_treasury_real_yield_curve_2026.xml
2026-05-06,226,1.41,1.67,1.94,2.42,2.67,2026,daily_treasury_real_yield_curve_2026.xml
2026-05-07,227,1.43,1.69,1.96,2.43,2.68,2026,daily_treasury_real_yield_curve_2026.xml
2026-05-08,228,1.4,1.66,1.93,2.41,2.66,2026,daily_treasury_real_yield_curve_2026.xml
2026-05-11,229,1.4,1.67,1.95,2.44,2.69,2026,daily_treasury_real_yield_curve_2026.xml
2026-05-12,230,1.43,1.7,1.99,2.48,2.74,2026,daily_treasury_real_yield_curve_2026.xml
2026-05-13,231,1.42,1.7,1.99,2.48,2.74,2026,daily_treasury_real_yield_curve_2026.xml
2026-05-14,232,1.46,1.73,2,2.48,2.73,2026,daily_treasury_real_yield_curve_2026.xml
2026-05-15,233,1.56,1.83,2.1,2.57,2.81,2026,daily_treasury_real_yield_curve_2026.xml
2026-05-18,234,1.58,1.85,2.13,2.59,2.82,2026,daily_treasury_real_yield_curve_2026.xml
2026-05-19,235,1.66,1.92,2.18,2.62,2.84,2026,daily_treasury_real_yield_curve_2026.xml
2026-05-20,236,1.63,1.88,2.13,2.58,2.81,2026,daily_treasury_real_yield_curve_2026.xml
2026-05-21,237,1.68,1.93,2.18,2.59,2.8,2026,daily_treasury_real_yield_curve_2026.xml
2026-05-22,238,1.73,1.94,2.16,2.56,2.77,2026,daily_treasury_real_yield_curve_2026.xml
2026-05-26,239,1.66,1.87,2.1,2.51,2.73,2026,daily_treasury_real_yield_curve_2026.xml
2026-05-27,240,1.64,1.86,2.09,2.5,2.72,2026,daily_treasury_real_yield_curve_2026.xml
2026-05-28,241,1.61,1.83,2.06,2.48,2.7,2026,daily_treasury_real_yield_curve_2026.xml
2026-05-29,242,1.61,1.83,2.07,2.49,2.71,2026,daily_treasury_real_yield_curve_2026.xml
2026-06-01,243,1.64,1.85,2.07,2.49,2.71,2026,daily_treasury_real_yield_curve_2026.xml
2026-06-02,244,1.65,1.85,2.07,2.48,2.69,2026,daily_treasury_real_yield_curve_2026.xml
2026-06-03,245,1.68,1.89,2.11,2.51,2.72,2026,daily_treasury_real_yield_curve_2026.xml
2026-06-04,246,1.7,1.9,2.11,2.5,2.71,2026,daily_treasury_real_yield_curve_2026.xml
2026-06-05,247,1.81,1.99,2.19,2.55,2.74,2026,daily_treasury_real_yield_curve_2026.xml
2026-06-08,248,1.82,2.01,2.21,2.57,2.77,2026,daily_treasury_real_yield_curve_2026.xml
2026-06-09,249,1.82,2,2.2,2.56,2.75,2026,daily_treasury_real_yield_curve_2026.xml
2026-06-10,250,1.83,2.02,2.21,2.58,2.78,2026,daily_treasury_real_yield_curve_2026.xml
2026-06-11,251,1.78,1.96,2.16,2.53,2.72,2026,daily_treasury_real_yield_curve_2026.xml
2026-06-12,252,1.82,1.98,2.17,2.53,2.73,2026,daily_treasury_real_yield_curve_2026.xml
2026-06-15,253,1.78,1.96,2.15,2.52,2.72,2026,daily_treasury_real_yield_curve_2026.xml
2026-06-16,254,1.8,1.96,2.14,2.5,2.7,2026,daily_treasury_real_yield_curve_2026.xml
2026-06-17,255,1.96,2.09,2.23,2.55,2.73,2026,daily_treasury_real_yield_curve_2026.xml
2026-06-18,256,1.96,2.07,2.21,2.52,2.7,2026,daily_treasury_real_yield_curve_2026.xml
2026-06-22,257,2.01,2.13,2.28,2.58,2.75,2026,daily_treasury_real_yield_curve_2026.xml
2026-06-23,258,2.03,2.15,2.29,2.59,2.76,2026,daily_treasury_real_yield_curve_2026.xml
2026-06-24,259,1.98,2.09,2.23,2.53,2.71,2026,daily_treasury_real_yield_curve_2026.xml
2026-06-25,260,1.92,2.05,2.19,2.51,2.69,2026,daily_treasury_real_yield_curve_2026.xml
2026-06-26,261,1.91,2.03,2.18,2.5,2.69,2026,daily_treasury_real_yield_curve_2026.xml
2026-06-29,262,1.9,2.02,2.16,2.49,2.68,2026,daily_treasury_real_yield_curve_2026.xml
2026-06-30,263,1.93,2.06,2.2,2.54,2.73,2026,daily_treasury_real_yield_curve_2026.xml
2026-07-01,264,1.98,2.11,2.25,2.58,2.78,2026,daily_treasury_real_yield_curve_2026.xml
2026-07-02,265,1.99,2.11,2.26,2.6,2.79,2026,daily_treasury_real_yield_curve_2026.xml
2026-07-06,266,1.94,2.08,2.24,2.59,2.79,2026,daily_treasury_real_yield_curve_2026.xml
2026-07-07,267,1.99,2.14,2.3,2.65,2.84,2026,daily_treasury_real_yield_curve_2026.xml
2026-07-08,268,2,2.14,2.31,2.66,2.86,2026,daily_treasury_real_yield_curve_2026.xml
2026-07-09,269,1.99,2.14,2.31,2.66,2.86,2026,daily_treasury_real_yield_curve_2026.xml
2026-07-10,270,2.02,2.16,2.32,2.66,2.86,2026,daily_treasury_real_yield_curve_2026.xml
2026-07-13,271,2.06,2.2,2.36,2.69,2.89,2026,daily_treasury_real_yield_curve_2026.xml
2026-07-14,272,2.03,2.17,2.33,2.67,2.87,2026,daily_treasury_real_yield_curve_2026.xml
2026-07-15,273,2.01,2.15,2.32,2.68,2.88,2026,daily_treasury_real_yield_curve_2026.xml
2026-07-16,274,2.04,2.18,2.35,2.71,2.91,2026,daily_treasury_real_yield_curve_2026.xml
2026-07-17,275,2.01,2.15,2.31,2.67,2.87,2026,daily_treasury_real_yield_curve_2026.xml
2026-07-20,276,2.05,2.19,2.35,2.7,2.91,2026,daily_treasury_real_yield_curve_2026.xml
2026-07-21,277,2.09,2.22,2.37,2.71,2.91,2026,daily_treasury_real_yield_curve_2026.xml
2026-07-22,278,2.11,2.24,2.39,2.73,2.93,2026,daily_treasury_real_yield_curve_2026.xml
2026-07-23,279,2.17,2.29,2.43,2.76,2.95,2026,daily_treasury_real_yield_curve_2026.xml
2026-07-24,280,2.19,2.29,2.43,2.75,2.95,2026,daily_treasury_real_yield_curve_2026.xml
2026-07-27,281,2.22,2.32,2.44,2.76,2.95,2026,daily_treasury_real_yield_curve_2026.xml
2026-07-28,282,2.19,2.29,2.41,2.72,2.92,2026,daily_treasury_real_yield_curve_2026.xml
2026-07-29,283,2.13,2.25,2.41,2.76,2.98,2026,daily_treasury_real_yield_curve_2026.xml
2026-07-30,284,2.14,2.26,2.41,2.77,2.98,2026,daily_treasury_real_yield_curve_2026.xml
2026-07-31,285,2.19,2.32,2.47,2.82,3.03,2026,daily_treasury_real_yield_curve_2026.xml
2026-08-03,286,2.17,2.29,2.43,2.78,2.99,2026,daily_treasury_real_yield_curve_2026.xml
2026-08-04,287,2.14,2.26,2.4,2.75,2.96,2026,daily_treasury_real_yield_curve_2026.xml
2026-08-05,288,2.15,2.27,2.41,2.75,2.96,2026,daily_treasury_real_yield_curve_2026.xml
2026-08-06,289,2.17,2.29,2.43,2.78,2.98,2026,daily_treasury_real_yield_curve_2026.xml
2026-08-07,290,2.13,2.25,2.4,2.75,2.96,2026,daily_treasury_real_yield_curve_2026.xml
2026-08-10,291,2.16,2.28,2.43,2.79,3,2026,daily_treasury_real_yield_curve_2026.xml
2026-08-11,292,2.16,2.28,2.43,2.79,3,2026,daily_treasury_real_yield_curve_2026.xml
